client_id,current_age,retirement_age,birth_year,birth_month,gender,address,latitude,longitude,per_capita_income,yearly_income,total_debt,credit_score,num_credit_cards,avg_monthly_inflow,avg_monthly_outflow,monthly_inflow_std,monthly_outflow_std,max_monthly_outflow,avg_monthly_transactions,avg_active_days_per_month,avg_inflow_amount,median_inflow_amount,max_inflow_amount,min_inflow_amount,std_inflow_amount,avg_outflow_amount,median_outflow_amount,max_outflow_amount,min_outflow_amount,std_outflow_amount,account_age_days,active_month_count,avg_transactions_per_month,night_transaction_ratio,weekend_transaction_ratio,spending_growth_rate,income_growth_rate,avg_monthly_net_cashflow,spend_income_ratio,savings_ratio,favorite_mcc,unique_mcc_count,unique_merchant_count,favorite_merchant,merchant_diversity_score,total_transaction_count_x,recency_days,frequency,monetary,fraud_transaction_count,fraud_ratio,avg_fraud_amount_x,bad_cvv_count,bad_card_number_count,bad_expiration_count,bad_pin_count,bad_zipcode_count,insufficient_balance_count,technical_glitch_count,total_error_count,total_transaction_count_y,error_ratio,auth_error_count,auth_error_ratio,insufficient_balance_ratio,technical_glitch_ratio,avg_fraud_amount_y,avg_transactions_per_day,max_transactions_per_day,max_transactions_per_hour,travel_score,dining_score,digital_score,luxury_score,days_since_last_transaction,essential_spend_ratio,customer_value_score
1844,79,72,1941,2,Male,829 Birch Boulevard,27.8,-97.39,$23608,$37503,$14272,706,5,2955.6911016949152,306.6864406779661,808.8106908514056,249.77551285728623,1147.0,86.11016949152543,29.1271186440678,35.4370605567974,11.51,1478.49,0.08,58.96707040838717,-113.44514106583073,-79.0,-50.0,-496.0,98.21380844724813,4547.0,118.0,86.11016949152543,0.0165338057277826,0.2867827969688022,0.881424706943192,0.8801927061368732,2649.0046610169493,0.1037262365697109,0.8959355475106664,Miscellaneous Food Stores,84.0,320.0,22204.0,0.0314929632910146,10161.0,0.0,10161.0,384960.55,27.0,0.0026572187776793,130.8025925925926,2.0,3.0,3.0,24.0,0.0,53.0,22.0,107.0,10161.0,0.0105294233418618,29.0,0.0028537689431214,0.0052155087581184,0.0021649281637472,130.8025925925926,2.9563572883328484,10.0,6.0,0.1067145620337109,0.0,0.0,0.0,0.0,0.0,3911584148.55
1810,66,66,1953,12,Male,350 North Street,42.22,-83.36,$18879,$31175,$5846,711,5,3237.576694915254,553.7881355932203,760.4445611468806,335.50260425944583,1702.0,68.48305084745763,27.135593220338983,51.17669792364367,28.04,1123.58,0.04,77.69367797946931,-106.0827922077922,-80.0,-50.0,-496.0,90.2412014277166,3377.8,118.0,68.48305084745763,0.0956564781586437,0.2797921049375077,1.4424824583650353,0.9718710348742664,2683.788559322033,0.1709973818013013,0.8286938405799471,Miscellaneous Food Stores,83.0,333.0,61195.0,0.0412077713154312,8081.0,0.0,8081.0,447381.05,19.0,0.0023511941591387,66.08473684210527,1.0,3.0,1.0,2.0,0.0,62.0,14.0,83.0,8081.0,0.0102697352140559,6.0,0.0007423904974016,0.0076713684731502,0.0017322444939371,66.08473684210527,2.523735165521549,10.0,7.0,0.0606904572442921,0.0,0.0,0.0,0.0,0.0,3615286265.05
1987,63,62,1956,9,Male,786 12th Drive,42.13,-87.92,$23098,$33686,$24997,488,2,3372.745616438356,351.86301369863014,755.2843372421376,282.5684929293198,1021.0,61.9041095890411,27.78082191780822,57.11213871491533,51.96,1099.08,0.97,73.73906595557237,-123.4903846153846,-81.5,-50.0,-499.0,107.873919534767,5615.5,73.0,61.9041095890411,0.0708121265766762,0.283248506306705,0.0,0.0,3020.882602739726,0.1042944708054455,0.8954091227331047,Service Stations,69.0,240.0,61195.0,0.0531090949325071,4519.0,1369.0,4519.0,271896.43,15.0,0.0033193184332816,148.07466666666667,3.0,2.0,1.0,0.0,0.0,28.0,12.0,46.0,4519.0,0.0101769911504424,5.0,0.0011061946902654,0.0061946902654867,0.0026548672566371,148.07466666666667,2.228303747534517,9.0,6.0,0.1678670144431035,0.0,0.0,0.0,1369.0,0.0,1228699967.17
1916,82,71,1937,4,Male,62696 Norfolk Drive,30.65,-84.69,$15069,$10142,$1809,767,7,2646.457711864407,425.864406779661,756.784554550257,230.29649841852373,1223.0,62.02542372881356,25.372881355932204,46.20239828376979,23.17,1059.3,0.46,70.20433153914102,-89.89624329159213,-76.0,-50.0,-494.0,65.87114039091387,5630.142857142857,118.0,62.02542372881356,0.0098374094821696,0.2858313977319306,1.0509352752789507,0.9564641888484828,2220.593305084746,0.1608578693707468,0.8387644097706656,Service Stations,75.0,291.0,61195.0,0.0397595299904358,7319.0,0.0,7319.0,362534.01,9.0,0.0012296761852712,140.9922222222222,1.0,1.0,0.0,10.0,0.0,94.0,15.0,121.0,7319.0,0.0165300546448087,12.0,0.001639344262295,0.0128415300546448,0.0020491803278688,140.99222222222224,2.444555778223113,10.0,6.0,0.0557578652020774,0.0,0.0,0.0,0.0,0.0,2653386419.19
646,38,65,1981,12,Female,354 Federal Street,41.47,-81.67,$21402,$43634,$73037,786,3,3152.25686440678,290.135593220339,612.5316981265069,252.96829013991413,1305.0,71.85593220338983,28.110169491525426,45.56177241548261,32.665,618.51,1.05,46.170989943547504,-108.68571428571428,-79.0,-50.0,-469.0,92.18597731272811,3276.6666666666665,118.0,71.85593220338983,0.0843259818374808,0.2803396626960726,0.8567956349206349,0.9277206240464438,2862.1212711864405,0.0920114046195605,0.907671462954189,Miscellaneous Food Stores,71.0,224.0,61195.0,0.0264182096945394,8479.0,0.0,8479.0,406202.31,2.0,0.0002358768722726,64.725,0.0,2.0,0.0,17.0,0.0,53.0,20.0,92.0,8479.0,0.0108490566037735,19.0,0.0022405660377358,0.00625,0.0023584905660377,64.725,2.5562255049743743,13.0,6.0,0.0346700937582147,0.0,0.0,0.0,0.0,0.0,3444189386.49
1619,31,66,1988,6,Male,693 Seventh Street,33.61,-96.6,$15737,$32086,$53595,747,4,1928.0408474576277,242.6779661016949,706.1105741519457,280.0244458606938,1141.0,49.50847457627118,24.661016949152543,40.18170611091488,15.15,1041.73,0.18,73.52459203900794,-159.0888888888889,-92.5,-50.0,-500.0,125.1115832197074,1924.0,118.0,49.50847457627118,0.0886682642930503,0.2879150975693256,1.043624280967523,0.940310368547741,1685.3628813559324,0.1258023988561629,0.8736792088032509,Service Stations,79.0,245.0,52021.0,0.0419376925710373,5842.0,0.0,5842.0,256144.82,10.0,0.0017117425539198,75.706,3.0,4.0,5.0,15.0,0.0,39.0,17.0,83.0,5842.0,0.0142050316618175,22.0,0.0037651891151805,0.0066746534314564,0.0029094643162758,75.70599999999999,2.0075601374570446,9.0,6.0,0.0870202884380347,0.0,0.0,0.0,0.0,0.0,1496398038.44
804,64,67,1955,7,Male,37 River Boulevard,36.97,-86.44,$14839,$30252,$24172,812,5,4456.362966101695,513.7542372881356,827.2382473306482,305.6009614374022,1801.0,132.33898305084745,30.203389830508478,35.04971205758848,13.31,727.68,0.58,53.43229289914929,-98.89559543230015,-78.0,-50.0,-494.0,81.34077953406036,4960.0,118.0,132.33898305084745,0.0416880122950819,0.2809938524590163,1.2701706639451156,1.025364427696466,3942.608728813559,0.1152596818332371,0.8845159702714702,Miscellaneous Food Stores,74.0,396.0,50939.0,0.025358606557377,15616.0,0.0,15616.0,586473.83,10.0,0.000640368852459,94.146,1.0,5.0,3.0,39.0,0.0,174.0,27.0,249.0,15616.0,0.0159441634116667,45.0,0.0028814753153614,0.0111417045527309,0.0017288851892168,94.146,4.381593714927048,13.0,6.0,0.0455100290314067,0.0,0.0,0.0,0.0,0.0,9158375329.28
20,86,67,1933,12,Female,3631 Plum Boulevard,32.42,-97.1,$19477,$23371,$0,757,8,2902.258644067797,521.4491525423729,828.7375933968827,312.65533841644424,1668.0,95.2542372881356,29.47457627118644,32.28379713423831,3.32,2294.12,0.02,63.02935227584503,-97.35917721518987,-79.0,-50.0,-491.0,76.44868665062616,3841.5,118.0,95.2542372881356,0.297864768683274,0.2861209964412811,2.100187073665959,1.2461962461323517,2380.809491525424,0.1796082321524627,0.8200473272989685,Miscellaneous Food Stores,83.0,317.0,86438.0,0.0282028469750889,11240.0,0.0,11240.0,403997.52,30.0,0.0026690391459074,89.75933333333333,1.0,3.0,2.0,26.0,0.0,117.0,21.0,170.0,11240.0,0.0151232096788541,30.0,0.002668801708033,0.010408326661329,0.0018681611956231,89.75933333333334,3.231742380678551,11.0,9.0,0.0521354742247936,0.0,0.0,0.0,0.0,0.0,4540932124.8
1606,49,66,1970,8,Male,9383 Martin Luther King Street,30.68,-88.04,$25381,$51755,$88605,806,1,3757.141610169492,261.60169491525426,927.5850909109582,321.49360668977823,1349.0,40.74576271186441,21.805084745762716,94.85295464270432,69.47,2599.79,0.59,103.18610174527755,-230.36567164179104,-188.5,-50.0,-498.0,148.42200255615265,8583.0,118.0,40.74576271186441,0.0813227953410981,0.288477537437604,0.8524139447926976,0.9997280108453218,3495.5399152542377,0.0696093234505487,0.9301245875874776,Non-Ferrous Metal Foundries,84.0,321.0,39021.0,0.0667637271214642,4808.0,1.0,4808.0,474211.71,6.0,0.0012479201331114,134.29,2.0,3.0,4.0,14.0,0.0,75.0,11.0,109.0,4808.0,0.0226658348929091,19.0,0.0039509253483052,0.0155957579538365,0.0022873778332293,134.29,1.8686358336572093,9.0,7.0,0.1576935536119209,0.0,0.0,0.0,1.0,0.0,2280009901.6800003
160,44,68,1975,10,Male,1915 Catherine Boulevard,38.91,-75.43,$18622,$37965,$69614,796,3,3142.359104477612,375.8955223880597,582.491364232335,217.12111787694,1166.0,82.01492537313433,28.01492537313433,40.43365853658536,22.94,731.51,0.22,53.738780918148365,-87.44791666666667,-78.0,-50.0,-493.0,62.61132854798366,912.0,67.0,82.01492537313433,0.0524112829845313,0.2849863512283894,1.238127165046374,1.1914002229355942,2766.463582089552,0.1195840213905592,0.8800978476015723,Service Stations,57.0,159.0,86438.0,0.0289353958143767,5495.0,0.0,5495.0,235723.06,2.0,0.0003639672429481,20.58,1.0,1.0,2.0,17.0,0.0,55.0,13.0,89.0,5495.0,0.0161935953420669,19.0,0.0034570596797671,0.0100072780203784,0.0023653566229985,20.58,2.927543953116676,16.0,9.0,0.0289843563884697,0.0,0.0,0.0,0.0,0.0,1295298214.7
983,77,67,1942,8,Male,8407 Forest Drive,43.45,-76.5,$20447,$47993,$3080,827,5,3436.8157627118644,355.1610169491525,715.2845601056139,285.63789671537387,1166.0,73.73728813559322,28.05084745762712,48.46370219885277,17.19,1596.06,0.8,69.69051257320558,-125.85285285285283,-82.0,-50.0,-495.0,109.34745921472629,3219.4,118.0,73.73728813559322,0.1680266636018848,0.2890472359498908,0.8274990276157137,0.9860243996753262,3081.654745762712,0.1033100786846673,0.8963990389443672,Miscellaneous Food Stores,86.0,432.0,61195.0,0.0496494655786691,8701.0,0.0,8701.0,447453.26,10.0,0.0011492931846914,118.152,2.0,4.0,1.0,27.0,0.0,83.0,24.0,141.0,8701.0,0.0162031716846701,33.0,0.0037922316708802,0.00953803723282,0.002757986669731,118.152,2.628700906344411,10.0,7.0,0.0678835600095442,0.0,0.0,0.0,0.0,0.0,3893290815.26
1012,35,66,1984,6,Female,9006 Ocean Boulevard,39.95,-75.16,$16114,$32855,$94228,693,2,2243.535641025641,204.03846153846155,640.9383751433533,233.41409845731545,1313.0,39.67948717948718,21.602564102564106,58.70371687353237,43.89,766.52,0.62,62.86689275581245,-139.60526315789474,-89.5,-50.0,-500.0,118.12387516314578,2176.0,78.0,39.67948717948718,0.2678513731825525,0.2907915993537964,0.6397921878006543,0.9838093997596088,2039.4971794871797,0.0909045317922535,0.9086499417559842,Service Stations,72.0,168.0,61195.0,0.054281098546042,3095.0,0.0,3095.0,190910.78,5.0,0.0016155088852988,178.83,1.0,3.0,0.0,11.0,1.0,33.0,10.0,59.0,3095.0,0.0190568475452196,15.0,0.00484496124031,0.0106589147286821,0.0032299741602067,178.82999999999998,1.8367952522255195,10.0,6.0,0.0834380497612465,0.0,0.0,0.0,0.0,0.0,590868864.1
1029,66,72,1953,3,Male,9218 Martin Luther King Avenue,27.9,-81.97,$17944,$36589,$86573,676,3,3106.1676271186443,481.1127118644068,731.3708019439944,290.8170775110535,1329.0,49.71186440677966,22.805084745762716,69.19535208608647,43.3,828.28,0.75,78.09486526532802,-99.7738137082601,-79.0,-1.3,-500.0,83.13363774695955,3276.6666666666665,118.0,49.71186440677966,0.0908625980225025,0.286055233549267,1.331064518143549,1.130472754160349,2625.0549152542376,0.1548396384106752,0.8448385250745284,Miscellaneous Food Stores,74.0,239.0,26810.0,0.0407432662802591,5866.0,0.0,5866.0,423299.08,5.0,0.0008523695874531,105.5,5.0,1.0,3.0,17.0,0.0,37.0,7.0,70.0,5866.0,0.0119311402761206,23.0,0.003920231805011,0.0063064598602352,0.001193114027612,105.5,2.1798587885544407,11.0,6.0,0.0705273522474869,0.0,0.0,0.0,0.0,2.2898490989443797e-05,2483072403.28
596,28,65,1991,11,Male,914 George Street,40.64,-73.94,$16985,$34629,$34484,721,3,2901.183090909091,312.5636363636364,786.2847871144887,355.05287888052226,1655.0,62.78181818181818,26.818181818181817,47.41904011887073,19.32,498.0,0.58,64.2688500564169,-195.35227272727272,-112.5,-51.0,-498.0,144.67554184646565,496.0,55.0,62.78181818181818,0.2001158412974225,0.2887344338256588,2.262697788268205,1.3408766445561855,2588.6194545454546,0.107699489168248,0.8919559426330286,Miscellaneous Food Stores,73.0,198.0,53972.0,0.0573414422241529,3453.0,0.0,3453.0,176756.07,6.0,0.0017376194613379,70.37166666666667,0.0,1.0,0.0,2.0,0.0,40.0,7.0,50.0,3453.0,0.0144759698899826,3.0,0.0008685581933989,0.0115807759119861,0.0020266357845975,70.37166666666667,2.3410169491525425,9.0,5.0,0.0922522103303862,0.0,0.0,0.0,0.0,0.0,610338709.71
1247,69,71,1950,9,Female,6466 Ninth Drive,35.54,-118.91,$21654,$44152,$90526,700,5,4408.249406779661,537.7966101694915,856.0702112343905,372.1024479673342,2159.0,83.01694915254237,28.771186440677965,56.62059758354196,44.75,1187.64,0.73,65.32320748528664,-104.20361247947454,-78.0,-50.0,-494.0,89.13851905340243,4582.8,118.0,83.01694915254237,0.0610453246222948,0.2821559820334831,0.9155500440207004,1.020146881928732,3870.452796610169,0.1219701043317204,0.8778030996974138,Service Stations,83.0,293.0,26810.0,0.0299101674152715,9796.0,0.0,9796.0,583633.43,12.0,0.0012249897917517,128.50583333333333,5.0,4.0,3.0,17.0,0.0,79.0,23.0,131.0,9796.0,0.0133714402368071,26.0,0.0026538736347861,0.0080636929672348,0.0023476574461569,128.50583333333333,2.885419734904271,12.0,6.0,0.0744394194859835,0.0,0.0,0.0,0.0,0.0,5717273080.280001
1486,39,63,1980,4,Female,396 Park Street,36.48,-81.05,$11431,$23307,$31064,789,1,1522.5694594594595,209.5045045045045,487.8982858898468,169.35035624805508,885.0,54.77477477477478,25.306306306306308,29.018751717032966,11.09,895.15,0.69,46.094408473630594,-90.83984375,-78.0,-50.0,-457.0,63.23012540863079,3378.0,111.0,54.77477477477478,0.0202302631578947,0.2776315789473684,0.9618984838497032,1.0252545226595942,1313.064954954955,0.1375089945546911,0.8618346520419302,Miscellaneous Food Stores,53.0,143.0,61195.0,0.0235197368421052,6080.0,0.0,6080.0,192260.21,8.0,0.0013157894736842,88.36749999999999,1.0,4.0,1.0,0.0,1.0,58.0,8.0,73.0,6080.0,0.0120046045058378,5.0,0.0008222331853313,0.0095379049498437,0.0013155730965301,88.3675,2.1644713421146315,10.0,6.0,0.0096319229446164,0.0,0.0,0.0,0.0,0.0,1168942076.8
1268,47,63,1972,9,Male,857 Catherine Avenue,34.2,-86.15,$14516,$29597,$44388,513,4,1924.050254237288,428.91525423728814,497.4178397294687,228.53672678984265,1265.0,39.771186440677965,19.05084745762712,55.415652916768366,39.55,643.58,0.58,48.44492802338576,-84.91946308724832,-77.0,-50.0,-491.0,52.1286407225125,3415.5,118.0,39.771186440677965,0.0634988280417643,0.2776475601960366,1.3251550008157935,0.8846029671015568,1495.135,0.2228073024551901,0.7766732305865843,Miscellaneous Food Stores,65.0,132.0,26810.0,0.0281269976560835,4693.0,0.0,4693.0,277649.93,17.0,0.0036224163647986,155.60882352941178,2.0,1.0,2.0,13.0,0.0,31.0,8.0,57.0,4693.0,0.0121431614827439,16.0,0.0034086067319982,0.0066041755432466,0.0017043033659991,67.60882352941177,2.0876334519572954,9.0,6.0,0.018295694781973,0.0,0.0,0.0,0.0,0.0,1303011121.49
145,58,65,1962,1,Female,645 Hillside Lane,36.18,-82.07,$12427,$25334,$182,696,3,1591.2487288135594,394.0593220338983,545.1586709782895,234.4006830440181,1243.0,56.00847457627118,24.76271186440678,30.898033569195327,13.81,1442.63,0.38,55.217804768001805,-87.40413533834587,-77.0,-50.0,-495.0,59.20522116014726,2282.0,118.0,56.00847457627118,0.0310183083673778,0.2879406869420487,1.0962531444459156,1.023953267600117,1197.189406779661,0.2474860333708828,0.7518859240488948,Service Stations,65.0,130.0,30928.0,0.0196701467695566,6609.0,0.0,6609.0,234266.35,10.0,0.0015130882130428,331.24000000000007,1.0,2.0,3.0,6.0,0.0,44.0,15.0,71.0,6609.0,0.0107413010590015,9.0,0.0013615733736762,0.0066565809379727,0.002269288956127,261.44,2.261806981519507,12.0,6.0,0.0203225806451612,0.0,0.0,0.0,0.0,0.0,1548266307.15
48,69,63,1950,4,Male,5233 Valley Stream Street,35.11,-106.62,$20993,$16542,$36831,733,3,2746.669237288136,522.1271186440678,674.5872119641516,379.2855079267474,2352.0,66.61016949152543,26.491525423728813,44.58755949924336,17.98,582.81,0.32,61.83622335611082,-104.248730964467,-79.0,-50.0,-500.0,88.88692527967746,3905.0,118.0,66.61016949152543,0.0954198473282442,0.2921119592875318,1.237924018173203,1.132899935961556,2224.542118644068,0.1900254628753608,0.8096105922995382,Service Stations,76.0,274.0,26810.0,0.0348600508905852,7860.0,0.0,7860.0,385717.97,8.0,0.0010178117048346,36.30875,2.0,1.0,0.0,30.0,0.0,89.0,17.0,139.0,7860.0,0.0176822287240809,33.0,0.0041979391934868,0.0113217147945554,0.0021625747360386,36.30875,2.5143953934740884,12.0,7.0,0.0454456923975848,0.0,0.0,0.0,0.0,0.0,3031743244.2
218,59,68,1960,3,Female,5238 Park Street,40.76,-74.03,$16770,$34190,$39242,810,7,2741.694745762712,301.9830508474576,798.1121346987236,262.5848819393291,1227.0,72.90677966101696,28.29661016949153,38.98770547119788,15.87,1073.09,0.05,60.33649201071128,-116.8327868852459,-81.0,-50.0,-498.0,101.80357880902883,4291.0,118.0,72.90677966101696,0.0306869696617459,0.2888527257933279,1.3774184512252845,1.1495725668804035,2439.711694915254,0.1101045062758085,0.8895308888035948,Miscellaneous Food Stores,72.0,247.0,83480.0,0.0287109147971637,8603.0,0.0,8603.0,359153.98,24.0,0.0027897245147041,77.45458333333333,0.0,2.0,1.0,17.0,0.0,99.0,17.0,136.0,8603.0,0.0158066015806601,19.0,0.0022082752208275,0.0115062761506276,0.0019758251975825,77.45458333333333,2.5765199161425576,13.0,7.0,0.0931387680651045,0.0,0.0,0.0,0.0,0.0,3089801689.94
1189,63,68,1956,11,Female,412 Spruce Boulevard,42.66,-73.79,$15490,$31582,$23359,693,4,2705.8799152542374,323.27966101694915,729.4791746317095,280.19361088859625,1357.0,63.33898305084746,26.73728813559322,44.57543347759319,31.02,920.4,0.16,57.57080401336904,-122.65916398713826,-81.0,-50.0,-492.0,107.4849407513959,3872.0,118.0,63.33898305084746,0.1434305592721434,0.2859245383997859,0.742462590471116,0.8713384053262063,2382.600254237288,0.1194288890301902,0.8802016819477224,Miscellaneous Food Stores,76.0,338.0,61195.0,0.0452234412630452,7474.0,0.0,7474.0,357440.83,2.0,0.0002675943270002,200.98,0.0,3.0,0.0,14.0,0.0,448.0,18.0,483.0,7474.0,0.0646153846153846,17.0,0.0022742474916387,0.0599331103678929,0.0024080267558528,200.98,2.3689381933438987,11.0,5.0,0.0930324001258257,0.0,0.0,0.0,0.0,0.0,2671512763.42
542,52,65,1967,7,Female,4092 El Camino Lane,35.46,-97.51,$14465,$29496,$49681,704,5,2366.7975423728813,379.4745762711864,620.7067029142078,248.9398620222665,1542.0,70.96610169491525,28.161016949152543,35.495946873411285,17.98,1180.08,0.64,56.083033139103954,-88.49407114624506,-76.0,-50.0,-496.0,61.923755134258464,5027.8,118.0,70.96610169491525,0.070336756627657,0.2863625507523286,1.1576443230756286,0.9586398392078198,1987.3229661016949,0.1602647901606051,0.839312876433728,Service Stations,68.0,244.0,22204.0,0.0291378074994029,8374.0,0.0,8374.0,324060.11,2.0,0.0002388344877,222.79,3.0,1.0,0.0,0.0,0.0,43.0,12.0,59.0,8374.0,0.0070447761194029,4.0,0.0004776119402985,0.0051343283582089,0.0014328358208955,222.79,2.5200120373156785,11.0,6.0,0.0373165992987784,0.0,0.0,0.0,0.0,0.0,2713679361.14
1183,53,66,1966,5,Male,852 Tenth Boulevard,38.31,-85.76,$16097,$32820,$23004,740,4,2950.5744067796613,166.52542372881356,705.563184517323,273.48697095059833,1195.0,61.96610169491525,27.940677966101696,48.056284334023466,37.4,885.56,0.23,63.97072952896498,-293.2835820895522,-314.0,-61.0,-495.0,138.5528895808985,4481.0,118.0,61.96610169491525,0.0702954048140043,0.2846006564551422,0.0,0.8319761769427626,2784.048983050848,0.0564191854172168,0.9432420123497434,Industrial Equipment and Supplies,76.0,295.0,69972.0,0.0403446389496717,7312.0,0.0,7312.0,367817.78,13.0,0.0017778993435448,117.44230769230772,2.0,5.0,2.0,21.0,0.0,66.0,14.0,110.0,7312.0,0.0150417065499794,28.0,0.0038287980309038,0.0090250239299876,0.0019143990154519,117.4423076923077,2.2177737336973005,9.0,5.0,0.1465574271029464,0.0,0.0,0.0,0.0,0.0,2689483607.36
1508,66,69,1953,4,Female,8929 Essex Drive,39.16,-86.52,$19125,$38999,$64875,747,4,1753.6440677966102,163.5084745762712,623.3651754258807,200.68535332375117,990.0,56.440677966101696,26.25423728813559,31.854987684729064,13.34,1636.55,0.19,66.74841303813844,-117.64634146341464,-82.0,-50.0,-473.0,97.3946335744926,4070.0,118.0,56.440677966101696,0.0165165165165165,0.2837837837837837,0.4213112476994131,1.0415551349314265,1590.135593220339,0.0931861210926934,0.9062439627525984,Miscellaneous Food Stores,82.0,237.0,22204.0,0.0355855855855855,6660.0,0.0,6660.0,226224.0,10.0,0.0015015015015015,56.425,0.0,3.0,2.0,11.0,0.0,52.0,15.0,83.0,6660.0,0.0124605915027773,14.0,0.0021017865185407,0.0078066356402942,0.0022519141270079,27.225,2.1497740477727567,9.0,6.0,0.0982637989116351,0.0,0.0,0.0,0.0,0.0,1506651840.0
1299,40,70,1979,11,Female,2578 Park Boulevard,39.29,-85.76,$18295,$37299,$31923,723,2,2549.652881355932,333.1779661016949,674.2150844140583,287.6547560108419,1542.0,56.57627118644068,25.440677966101696,47.36445843828715,29.12,1148.2,0.5,69.95404257584427,-121.3425925925926,-82.0,-50.0,-500.0,105.37979333246604,4885.0,118.0,56.57627118644068,0.0432893948472139,0.2813061713600959,1.2778447507731012,1.1244538347219877,2216.474915254237,0.1306245818617925,0.8689833616544306,Service Stations,75.0,243.0,41260.0,0.036399041342121,6676.0,1.0,6676.0,340174.04,1.0,0.0001497902935889,71.07,4.0,4.0,2.0,14.0,0.0,51.0,13.0,88.0,6676.0,0.0131795716639209,22.0,0.0032948929159802,0.0076381608506814,0.0019469821776246,71.07,2.223850766155896,11.0,6.0,0.0650117000712178,0.0,0.0,0.0,1.0,0.0,2271001891.04
1435,41,78,1978,10,Female,9872 Lexington Street,34.06,-84.27,$45132,$92017,$157723,703,3,7025.556016949153,596.2647457627119,1091.990084128252,361.6810511961876,1935.0,154.14406779661016,30.347457627118644,47.19970450922341,14.82,1479.79,0.21,78.84843950487308,-112.574784,-80.0,-0.24,-498.0,96.97779956922204,2566.0,118.0,154.14406779661016,0.0519544779811974,0.2904502721425037,1.1559747589236309,1.0823916253089974,6429.291271186441,0.0848587479163943,0.9149989348520078,Miscellaneous Food Stores,87.0,400.0,39021.0,0.0219913134311946,18189.0,0.0,18189.0,899374.85,2.0,0.0001099565671559,87.465,31.0,44.0,37.0,19.0,0.0,83.0,38.0,252.0,18189.0,0.0138537658053875,94.0,0.005167674546454,0.0045629466739967,0.0020890599230346,87.465,5.079307456017872,15.0,7.0,0.0878621221303395,0.0,0.0,0.0,0.0,0.0,16358729146.65
1198,82,67,1937,6,Male,79 South Boulevard,29.5,-97.44,$15092,$10869,$1820,820,2,5777.775254237288,337.48525423728813,757.5634044500176,295.03928757571026,1294.0,142.60169491525423,30.279661016949152,41.42781065807863,36.56,2040.58,0.46,45.32409614726469,-118.87540298507464,-84.0,-4.26,-479.0,97.5648573922284,3880.0,118.0,142.60169491525423,0.0230581803054614,0.2840078445355678,1.0066914617865814,0.9905329224552396,5440.29,0.0584008270593024,0.94142612589249,Service Stations,80.0,351.0,41122.0,0.0208593332144767,16827.0,0.0,16827.0,721600.74,9.0,0.000534854697807,463.90222222222224,53.0,56.0,49.0,26.0,0.0,62.0,41.0,287.0,16827.0,0.0170549084858569,135.0,0.0080223437128595,0.003684335631091,0.0024364154979795,391.0133333333333,4.709487825356843,16.0,10.0,0.1393371778910644,0.0,0.0,0.0,0.0,0.0,12142375651.98
970,42,66,1977,11,Male,1942 Rose Avenue,29.1,-81.0,$21916,$44681,$42011,770,3,3886.346525423729,524.9491525423729,893.1754853851244,342.94887230660146,1882.0,110.35593220338984,30.14406779661017,36.944243132200114,16.16,1933.87,0.05,60.77402753520624,-101.71428571428572,-77.0,-50.0,-499.0,84.84252329697942,2859.333333333333,118.0,110.35593220338984,0.0148978651512824,0.2818307479649823,0.873739204957479,0.9689661131303564,3361.397372881356,0.13504048304136,0.8647022720761836,Miscellaneous Food Stores,86.0,329.0,83480.0,0.0252649362617109,13022.0,0.0,13022.0,520532.89,12.0,0.000921517432038,150.0091666666667,0.0,4.0,4.0,20.0,0.0,55.0,23.0,106.0,13022.0,0.0081394455962527,24.0,0.0018428933425478,0.0042232972433387,0.0017661061199416,104.50916666666666,3.660950238965421,15.0,6.0,0.0642666881911373,0.0,0.0,0.0,0.0,0.0,6778379293.58
185,47,67,1973,1,Female,276 Fifth Boulevard,40.66,-74.19,$15175,$30942,$71066,779,3,3170.335338983051,208.5254237288136,614.1198278123555,202.14413542040165,801.0,99.33050847457628,29.161016949152543,32.45138532269257,3.64,1243.24,0.34,62.989590100840864,-127.49222797927462,-82.0,-50.0,-481.0,110.5129667717674,3641.3333333333335,118.0,99.33050847457628,0.2210562238716833,0.2864090094701817,2.3657876653495964,1.0023124890771578,2961.809915254237,0.0657531927215496,0.9339314826933434,Miscellaneous Food Stores,78.0,300.0,75781.0,0.0255950857435372,11721.0,0.0,11721.0,398705.57,9.0,0.0007678525723061,167.91555555555556,2.0,1.0,3.0,6.0,0.0,64.0,25.0,101.0,11721.0,0.0086162770858215,9.0,0.0007677870670534,0.0054598191434908,0.0021327418529261,149.69333333333333,3.4062772449869225,12.0,6.0,0.0568943796480676,0.0,0.0,0.0,0.0,0.0,4673227985.97
452,31,74,1988,3,Male,557 Catherine Drive,29.76,-95.38,$31072,$63356,$140107,704,5,6997.170762711865,220.59322033898303,1168.446962137552,268.04943533367714,1348.0,129.02542372881356,30.28813559322034,54.82146935794436,41.36,1870.29,1.44,69.29146177986037,-158.71951219512195,-90.5,-50.0,-490.0,132.7290957871417,1910.4,118.0,129.02542372881356,0.0350082101806239,0.2897208538587849,0.6758913280398567,1.0929292538029505,6776.577542372882,0.0315215543916651,0.9683355511243464,Service Stations,79.0,293.0,41122.0,0.0192446633825944,15225.0,0.0,15225.0,851696.15,7.0,0.0004597701149425,125.19,22.0,41.0,25.0,26.0,0.0,83.0,48.0,245.0,15225.0,0.0160908971496125,89.0,0.0058452646788388,0.0054512018915013,0.0031525022986995,125.19,4.259932848349188,12.0,6.0,0.1598094579539779,0.0,0.0,0.0,0.0,0.0,12967073883.75
1091,32,66,1987,5,Female,52292 East Street,39.3,-76.61,$26431,$53890,$252106,656,4,3928.030508474576,371.6949152542373,1238.3485452120494,333.446096528605,1887.0,62.04237288135593,26.6271186440678,66.46223114425007,35.32,1864.07,0.48,115.72257546739546,-126.39769452449568,-83.0,-50.0,-496.0,107.5563720746482,3232.75,118.0,62.04237288135593,0.1076355689113509,0.2860264991121432,1.1085893446266877,0.9814409155635262,3556.3355932203385,0.0946021962549091,0.9051432880324124,Miscellaneous Food Stores,79.0,262.0,26810.0,0.0357874607294085,7321.0,1.0,7321.0,507367.6,12.0,0.0016391203387515,99.50833333333333,4.0,4.0,0.0,15.0,0.0,69.0,16.0,108.0,7321.0,0.0147500682873531,23.0,0.0031412182463807,0.0094236547391423,0.0021851953018301,49.675,2.33004455760662,9.0,6.0,0.1055151501333759,0.0,0.0,0.0,1.0,0.0,3714438199.6
665,81,65,1939,1,Female,374 Lexington Street,41.23,-80.81,$12406,$11613,$427,790,8,4069.404745762712,313.46610169491527,552.0626180507788,254.95981524172032,1143.0,95.6271186440678,30.033898305084747,43.83293108169786,30.4,1803.83,0.32,49.31093617740286,-112.42857142857144,-78.0,-50.0,-488.0,94.76756821857737,6189.5,118.0,95.6271186440678,0.0369549805033676,0.2843849698688408,1.6453045506928634,1.13739153349069,3755.9386440677968,0.0770110397550104,0.9227432844307992,Miscellaneous Food Stores,80.0,283.0,39021.0,0.0250797589507266,11284.0,0.0,11284.0,517178.76,34.0,0.0030131159163417,72.80499999999999,18.0,26.0,23.0,13.0,0.0,87.0,25.0,192.0,11284.0,0.0170137350465219,57.0,0.0050509525919361,0.0077093486929552,0.0022153300841825,59.04029411764706,3.1839729119638824,17.0,7.0,0.0688834820221681,0.0,0.0,0.0,0.0,0.0,5835845127.84
86,24,65,1995,6,Male,7675 Main Boulevard,33.0,-81.3,$11384,$23212,$25138,799,3,2780.0625,237.80769230769232,455.03513404913866,246.75716716543675,1304.0,80.51923076923077,29.423076923076923,35.63304165639635,32.34,733.47,0.03,38.29384791043414,-95.12307692307692,-78.0,-50.0,-499.0,77.7809501582066,933.0,52.0,80.51923076923077,0.4432768091712443,0.2944829233341294,0.3083025577896321,0.9111028417642222,2542.254807692308,0.0855096540648375,0.9141307711323668,Service Stations,50.0,121.0,39021.0,0.0288989730117028,4187.0,0.0,4187.0,156929.25,6.0,0.0014330069262001,93.57999999999998,8.0,9.0,6.0,18.0,0.0,72.0,6.0,119.0,4187.0,0.0284145176695319,35.0,0.0083572110792741,0.0171919770773638,0.0014326647564469,93.58,2.7366013071895425,11.0,6.0,0.0505377213552195,0.0,0.0,0.0,0.0,0.0,657062769.75
1568,47,67,1972,5,Female,3816 Spruce Drive,40.67,-73.39,$21077,$42976,$58765,748,3,4918.312288135593,286.14406779661016,885.4020367403442,246.85655461067216,1108.0,79.21186440677967,29.279661016949152,64.071632810775,62.4,1260.07,0.4,61.716924963197535,-116.83391003460208,-78.0,-50.0,-493.0,105.17835427134229,4767.666666666667,118.0,79.21186440677967,0.0540280303840804,0.2927142398630576,1.966208458745772,1.0914392461170233,4632.168220338983,0.0581674939577901,0.9416292255953856,Miscellaneous Food Stores,78.0,314.0,92883.0,0.0335936664170322,9347.0,1.0,9347.0,614125.85,12.0,0.0012838343853642,110.23416666666668,5.0,6.0,3.0,21.0,1.0,174.0,24.0,234.0,9347.0,0.0250320924261874,32.0,0.0034231921266581,0.0186136071887034,0.0025673940949935,110.23416666666668,2.705354558610709,10.0,6.0,0.0500799620920452,0.0,0.0,0.0,1.0,0.0,5740234319.95
888,53,67,1966,6,Male,817 Forest Street,34.86,-92.12,$16462,$33566,$96597,698,1,2627.596610169492,354.40677966101697,869.3166683977843,299.5673015513735,1395.0,39.50847457627118,20.491525423728813,72.03912639405205,57.305,1164.73,0.92,83.9343407986672,-116.81564245810056,-80.5,-50.0,-500.0,105.16860988587985,6208.0,118.0,39.50847457627118,0.070999570999571,0.2852852852852853,0.3068362097976059,0.8318533450283044,2273.189830508474,0.1348273745351002,0.8647921943268045,Service Stations,70.0,148.0,26810.0,0.0317460317460317,4662.0,2.0,4662.0,351876.4,1.0,0.0002145002145002,75.73,1.0,1.0,2.0,20.0,0.0,59.0,15.0,98.0,4662.0,0.0210165129744799,22.0,0.0047179927085567,0.012652798627493,0.0032168132103795,75.73,1.9280397022332507,8.0,6.0,0.1138423280170249,0.0,0.0,0.0,2.0,0.0,1640447776.8000002
1771,41,66,1978,12,Male,7662 Mountain View Boulevard,38.76,-121.28,$25476,$51943,$61722,794,3,4669.979491525423,541.9584745762712,1205.3340966640474,320.76337108016713,1378.0,113.91525423728814,29.41525423728813,42.897211583372254,14.32,1706.51,0.79,81.8912086590605,-107.30050335570468,-80.0,-2.1,-493.0,89.71941500209212,3652.0,118.0,113.91525423728814,0.0111590537122452,0.288201160541586,0.8814216436916877,1.009300103379172,4128.021016949152,0.1160267296312365,0.8837591825095008,Service Stations,82.0,393.0,22204.0,0.0292367207260824,13442.0,0.0,13442.0,615008.68,12.0,0.0008927242969796,112.59583333333336,1.0,4.0,1.0,56.0,1.0,91.0,22.0,176.0,13442.0,0.01309231570334,61.0,0.0045376776017258,0.006769322323886,0.0016365394629175,112.59583333333336,3.8726591760299622,13.0,6.0,0.064548310376047,0.0,0.0,0.0,0.0,0.0,8266946676.56
1756,30,66,1989,10,Male,32 Fourth Drive,35.98,-78.91,$28430,$57969,$92382,691,2,4667.618898305085,451.6101694915254,1116.2784028356175,257.86675927060304,1162.0,61.19491525423729,24.85593220338983,82.94864909638555,47.8,1052.97,0.16,100.84291061659768,-91.7211703958692,-77.0,-50.0,-492.0,68.11586009050457,4184.5,118.0,61.19491525423729,0.0166181969256335,0.2941420855837142,0.5268186506204008,0.8458354322014681,4216.00872881356,0.0967331408557421,0.9030526630357764,Service Stations,90.0,249.0,61195.0,0.0344827586206896,7221.0,0.0,7221.0,604069.03,2.0,0.0002769699487605,136.755,2.0,2.0,3.0,0.0,0.0,79.0,11.0,97.0,7221.0,0.013431182497923,4.0,0.0005538631957906,0.0109387981168651,0.0015231237884242,136.755,2.4619843163995907,12.0,7.0,0.0362350115404102,0.0,0.0,0.0,0.0,0.0,4361982465.63
859,51,72,1968,4,Male,865 Wessex Lane,36.15,-85.5,$15955,$32531,$78193,631,4,3709.451271186441,226.39830508474577,709.9141990777591,262.4496415621044,1098.0,86.70338983050847,29.3135593220339,43.549422942990745,41.08,1120.18,0.63,55.34820309365812,-148.41666666666666,-90.0,-50.0,-494.0,116.7307399208028,3035.5,118.0,86.70338983050847,0.0855243866679699,0.2799335353337894,2.231600536404512,1.3150987006635468,3483.052966101695,0.0610163800944766,0.938714110908662,Service Stations,77.0,261.0,39021.0,0.025510702766103,10231.0,0.0,10231.0,464430.25,14.0,0.0013683901866875,114.285,16.0,24.0,23.0,19.0,2.0,76.0,10.0,170.0,10231.0,0.0166145426114151,59.0,0.005766223612197,0.0074276778733385,0.0009773260359655,35.71357142857143,2.9577912691529344,12.0,6.0,0.1363976643210061,0.0,0.0,0.0,0.0,0.0,4751585887.75
430,52,67,1967,5,Female,903 Hill Boulevard,41.42,-87.35,$26168,$53350,$128676,685,5,9736.070677966103,336.2152542372881,997.7423009862384,295.08185294297505,1450.0,177.94915254237287,30.406779661016948,55.56472915457536,30.18,1291.01,0.14,62.901221997377554,-123.59314641744548,-84.0,-38.4,-491.0,103.51695550914177,4814.4,118.0,177.94915254237287,0.1740641965901514,0.2860272406895894,1.3566355438512487,0.9926741113978652,9399.855423728815,0.0345294047210836,0.9653678949871064,Service Stations,80.0,346.0,27092.0,0.0164777597866463,20998.0,0.0,20998.0,1188529.74,26.0,0.0012382131631583,96.50192307692308,2.0,3.0,0.0,60.0,0.0,133.0,34.0,232.0,20998.0,0.011048145149769,65.0,0.0030953854945473,0.0063336349349969,0.0016191247202247,96.50192307692306,5.852285395763657,15.0,7.0,0.0496289798963563,0.0,0.0,0.0,0.0,0.0,24956747480.52
1437,77,65,1942,4,Female,456 Birch Lane,47.43,-122.92,$19640,$44807,$13730,751,4,3468.2245762711864,375.03389830508473,867.5453027414726,321.0731719516075,1498.0,148.89830508474577,30.271186440677965,23.74944870009285,4.06,1725.02,0.15,52.37919125539392,-130.92899408284023,-84.0,-50.0,-498.0,113.906285285193,2814.5,118.0,148.89830508474577,0.2236767216846898,0.2891861126920887,1.3644462079482151,1.1760484703584586,3093.1906779661017,0.1081030904918184,0.8916086606565967,Miscellaneous Food Stores,87.0,440.0,86438.0,0.025042686397268,17570.0,0.0,17570.0,453504.5,13.0,0.0007398975526465,94.98384615384614,7.0,9.0,1.0,56.0,0.0,96.0,38.0,207.0,17570.0,0.011780775140857,72.0,0.0040976609185589,0.0054635478914119,0.0021626543736839,94.98384615384614,4.918812989921612,13.0,6.0,0.1025194893232403,0.0,0.0,0.0,0.0,0.0,7968074065.0
1511,43,66,1977,1,Male,18 Norfolk Boulevard,43.07,-89.38,$23680,$48279,$114254,719,2,3967.288474576271,291.0254237288136,714.0154279015362,262.0565431862788,1199.0,99.51694915254237,29.703389830508478,40.8927358490566,28.44,887.24,0.38,48.1721138582248,-116.41016949152542,-81.0,-50.0,-486.0,100.57770829778217,4458.5,118.0,99.51694915254237,0.0215447500638678,0.2876607340543302,0.4935622317596566,0.969475927043473,3676.263050847457,0.0733377690642535,0.9264102331270168,Service Stations,76.0,282.0,50783.0,0.0240143063952993,11743.0,0.0,11743.0,502481.04,17.0,0.0014476709529081,86.1964705882353,0.0,0.0,1.0,43.0,1.0,66.0,22.0,133.0,11743.0,0.0113249318801089,43.0,0.0036614441416893,0.0056198910081743,0.0018732970027247,86.1964705882353,3.3503566333808843,12.0,6.0,0.0839205637411915,0.0,0.0,0.0,0.0,0.0,5900634852.719999
1695,45,66,1974,12,Female,238 Ocean View Lane,33.94,-117.99,$27973,$57027,$21798,709,4,4065.9930508474577,658.9152542372881,1041.8369470147293,405.8081011746743,2310.0,50.19491525423729,22.322033898305083,91.17962371721778,71.595,1080.09,0.24,100.3688752171036,-117.8060606060606,-81.0,-50.0,-499.0,102.83610408374228,4382.0,118.0,50.19491525423729,0.0359615059935843,0.2920817153469525,0.5345981561539663,1.062697142995016,3407.0777966101696,0.1620153381132497,0.8377387799814955,Miscellaneous Food Stores,83.0,256.0,59935.0,0.04322134053689,5923.0,0.0,5923.0,557539.18,10.0,0.0016883336147222,111.85200000000002,0.0,0.0,0.0,9.0,0.0,73.0,11.0,93.0,5923.0,0.0156988521269412,9.0,0.0015192437542201,0.0123227548953409,0.0018568534773801,111.852,2.248671222475323,10.0,8.0,0.0502617262356436,0.0,0.0,0.0,0.0,0.0,3302304563.1400003
110,52,72,1967,10,Female,31204 El Camino Lane,30.26,-97.74,$25594,$52186,$42852,737,4,3755.950254237288,280.6694915254237,1271.2779939702125,373.4018722590672,2111.0,50.00847457627118,23.889830508474574,77.68661349693252,42.84,1531.91,0.98,106.05978681745412,-168.97448979591837,-88.0,-50.0,-499.0,140.50690050485758,4922.5,118.0,50.00847457627118,0.1508218945941365,0.2809693272326724,0.7371116631398166,1.057486694449761,3475.280762711865,0.0747067361908424,0.9250270904684612,Miscellaneous Food Stores,90.0,409.0,61195.0,0.0693102863921369,5901.0,0.0,5901.0,476321.13,22.0,0.0037281816641247,102.64227272727273,0.0,5.0,2.0,13.0,0.0,42.0,11.0,73.0,5901.0,0.0123686885801423,18.0,0.0030498136225008,0.0071162317858353,0.0018637749915282,102.64227272727273,2.093295494856332,8.0,6.0,0.1518115942028985,0.0,0.0,0.0,0.0,0.0,2810770988.13
1217,59,66,1960,12,Female,584 Bayview Street,33.62,-112.0,$22070,$44992,$53368,785,3,4523.805423728814,303.8050847457627,910.6360202718128,285.9728412923688,1261.0,59.44915254237288,25.97457627118644,79.61357792692021,82.03,1330.96,0.21,78.3890480304079,-116.01618122977348,-82.0,-50.0,-499.0,104.45204764291712,5731.0,118.0,59.44915254237288,0.0725588025659301,0.2682822523164647,2.443382925650961,0.9135594889592196,4220.000338983052,0.0671421323782365,0.9326368636433924,Miscellaneous Food Stores,83.0,243.0,86722.0,0.0346400570206699,7015.0,0.0,7015.0,569658.04,8.0,0.0011404133998574,81.24125000000001,0.0,7.0,2.0,15.0,0.0,129.0,17.0,170.0,7015.0,0.024230330672748,22.0,0.0031356898517673,0.0183865450399087,0.0024230330672748,81.24125,2.2887438825448614,10.0,6.0,0.1049930264993026,0.0,0.0,0.0,0.0,0.0,3996151150.6
222,48,70,1971,7,Female,9243 Oak Street,33.76,-84.33,$45818,$93417,$115916,714,3,5651.249067796611,365.2627118644068,1699.0579673001544,350.47621882979803,1335.0,43.432203389830505,22.271186440677965,136.1190834864258,65.5,2244.36,2.13,261.56850198551854,-190.71238938053096,-101.0,-50.0,-497.0,142.64648307865826,4077.6666666666665,118.0,43.432203389830505,0.0735609756097561,0.2917073170731707,1.0582570443466888,1.0182019874269306,5285.986355932204,0.0646225436075476,0.9352005356679752,Gardening Supplies,91.0,293.0,83805.0,0.057170731707317,5125.0,0.0,5125.0,709948.39,7.0,0.0013658536585365,39.03428571428572,3.0,1.0,5.0,12.0,0.0,52.0,12.0,85.0,5125.0,0.0165821303160358,16.0,0.0031213421771361,0.0101443620756925,0.0023410066328521,39.03428571428572,1.950152207001522,9.0,6.0,0.129274743631386,0.0,0.0,0.0,0.0,0.0,3638485498.75
1603,41,65,1978,12,Male,6515 Hillside Drive,44.65,-114.15,$19036,$38812,$16331,762,4,3202.83,453.0169491525424,873.8014205717236,293.5296832075865,1495.0,85.28813559322033,28.67796610169492,39.732331791421366,18.33,1134.43,0.28,63.49066018560864,-96.84057971014492,-77.0,-50.0,-498.0,81.40151622633603,2738.75,118.0,85.28813559322033,0.2372813990461049,0.2787162162162162,0.4363955595831445,0.8016540749694726,2749.8130508474574,0.14139856020842,0.8582893133678933,Service Stations,77.0,195.0,49789.0,0.0193759936406995,10064.0,0.0,10064.0,431389.94,5.0,0.0004968203497615,68.422,1.0,1.0,1.0,33.0,3.0,85.0,17.0,141.0,10064.0,0.0140089418777943,35.0,0.0034773969200198,0.0084451068057625,0.0016890213611525,68.422,2.9739952718676124,11.0,6.0,0.073610565501244,0.0,0.0,0.0,0.0,0.0,4341508356.16
1858,73,64,1946,12,Male,6781 Spruce Boulevard,34.25,-118.41,$14317,$26481,$10392,705,1,1939.8522881355927,372.33898305084745,514.0246044967623,232.12887742004511,1398.0,65.26271186440678,26.305084745762716,31.911692457827968,22.84,664.32,0.01,45.08826847351117,-83.21212121212122,-76.0,-50.0,-481.0,50.15861449457753,4627.0,118.0,65.26271186440678,0.0209063757953512,0.2821711466043371,1.8614172478636548,1.1960358754148483,1567.5133050847458,0.191843029645765,0.8076417327928229,Service Stations,64.0,127.0,26810.0,0.0164913647578236,7701.0,0.0,7701.0,272838.57,3.0,0.0003895597974289,243.49,4.0,2.0,1.0,0.0,0.0,80.0,10.0,97.0,7701.0,0.012594131394443,6.0,0.0007790184367696,0.0103869124902622,0.0012983640612827,243.49,2.4809922680412373,17.0,7.0,0.0133372783758563,0.0,0.0,0.0,0.0,0.0,2101129827.57
1281,92,61,1927,12,Female,34 Bayview Drive,34.1,-117.38,$14632,$26546,$2480,689,6,1522.3683898305085,299.77966101694915,504.8112386289584,295.1378972382383,1577.0,40.51694915254237,20.991525423728813,40.17881234623127,26.45,548.07,0.33,57.35093544619281,-114.10967741935484,-79.5,-50.0,-499.0,103.25846966002312,3408.6666666666665,118.0,40.51694915254237,0.0451788328801505,0.280903576657603,1.704681460552907,1.07121590060333,1222.588728813559,0.1967873713398391,0.8025561886245951,Service Stations,65.0,182.0,22204.0,0.0380673499267935,4781.0,1.0,4781.0,215013.47,11.0,0.0023007738966743,197.5054545454545,3.0,4.0,0.0,11.0,0.0,33.0,7.0,58.0,4781.0,0.0121288163948138,18.0,0.0037641154328732,0.006900878293601,0.0014638226683396,166.59636363636363,1.9301574485264432,9.0,6.0,0.0573851590106007,0.0,0.0,0.0,1.0,0.0,1027979400.07
124,31,70,1988,8,Female,9833 Forest Street,34.6,-98.42,$16829,$34311,$6971,680,4,2198.753245614035,325.9824561403509,647.7339225350539,273.46423889601346,1452.0,77.28947368421052,28.44736842105263,29.451048055457644,3.59,1374.79,0.06,58.33371958637298,-123.87333333333332,-81.0,-50.0,-487.0,106.6000117130056,2526.0,114.0,77.28947368421052,0.0725229826353421,0.2889569855861991,0.8198546551487728,1.1785607493071468,1872.7707894736843,0.14819046490342,0.8513549386540046,Service Stations,76.0,197.0,14528.0,0.0223584156168425,8811.0,0.0,8811.0,287819.87,7.0,0.0007944614686187,73.99000000000001,1.0,3.0,3.0,30.0,5.0,46.0,14.0,102.0,8811.0,0.0115751248297775,34.0,0.0038583749432591,0.0052201543349977,0.0015887426236949,73.99,2.7169287696577245,11.0,6.0,0.0932648063934558,0.0,0.0,0.0,0.0,0.0,2535980874.57
425,38,67,1981,11,Male,8897 East Street,36.46,-121.82,$29174,$59482,$130605,688,4,8845.406779661016,2470.728813559322,1370.408542743892,401.3843706583962,3726.0,176.33898305084745,30.10169491525424,60.87827354913969,52.0,1574.63,0.26,77.79595472651002,-79.59213759213759,-75.0,-50.0,-497.0,39.64995199170448,2335.5,118.0,176.33898305084745,0.0452710495963091,0.2888312187620146,0.8915197825741202,0.8777953144206087,6374.6779661016935,0.2792917932781288,0.7205951664757115,Service Stations,85.0,330.0,22204.0,0.0158592848904267,20808.0,0.0,20808.0,1335304.0,8.0,0.0003844675124951,99.90375,4.0,2.0,2.0,65.0,21.0,713.0,43.0,850.0,20808.0,0.0408477101254265,71.0,0.003411985198712,0.0342640203757989,0.0020664135710509,99.90375,5.858108108108108,17.0,12.0,0.0116653575581295,0.0,0.0,0.0,0.0,0.0,27785005632.0
676,40,65,1980,2,Male,663 Third Drive,33.09,-96.88,$31905,$65053,$83571,775,2,5623.049067796611,373.96610169491527,912.5522986956304,316.19668044023723,1557.0,128.15254237288136,30.25423728813559,44.90827681895093,25.3,1138.31,0.45,70.12331565384945,-127.1700288184438,-83.0,-50.0,-500.0,111.99392232038473,3666.5,118.0,128.15254237288136,0.1139399550324031,0.2894458404972887,1.8158467875574076,1.1109999384389726,5249.082966101696,0.0664941036585635,0.9333280885044236,Service Stations,79.0,307.0,14528.0,0.0203015474143631,15122.0,0.0,15122.0,707647.79,1.0,6.612881893929374e-05,3.62,3.0,1.0,2.0,34.0,0.0,80.0,24.0,144.0,15122.0,0.0095219202539178,38.0,0.0025127289558949,0.005289955696621,0.0015869867089863,3.62,4.235854341736695,14.0,6.0,0.0956513857100772,0.0,0.0,0.0,0.0,0.0,10701049880.38
1104,91,66,1928,3,Male,120 Lafayette Boulevard,26.23,-80.13,$18266,$40141,$805,850,6,6361.826779661017,479.9021186440678,753.4010661130695,260.40026735925625,1287.0,117.72033898305084,30.016949152542374,56.53679469799669,42.385000000000005,833.1,0.19,51.425729954145964,-94.69640468227423,-77.0,-1.96,-498.0,73.10010533702994,4711.833333333333,118.0,117.72033898305084,0.0439853142322367,0.284068821539126,0.6974768277813616,1.0102873130674024,5881.924661016949,0.0754227853849629,0.924420051763583,Miscellaneous Food Stores,79.0,299.0,61195.0,0.0215247282413073,13891.0,0.0,13891.0,807324.01,4.0,0.0002879562306529,134.225,3.0,3.0,1.0,42.0,1.0,135.0,23.0,208.0,13891.0,0.0149726461272674,48.0,0.0034552260293694,0.0097178232076014,0.0016556291390728,134.225,3.9217955957086392,13.0,7.0,0.0811768434975088,0.0,0.0,0.0,0.0,0.0,11214537822.91
1253,32,64,1987,10,Female,1782 South Boulevard,41.44,-73.04,$28814,$58749,$113308,768,6,9962.609322033895,586.0169491525423,1041.4474782065508,366.4133853191504,1689.0,168.1864406779661,30.3135593220339,61.0695012987013,46.78,1355.7,0.44,64.50109728113787,-116.02348993288592,-80.0,-50.0,-496.0,100.91425490114702,2317.333333333333,118.0,168.1864406779661,0.0263529174644764,0.2870603648090295,0.4915823438809927,0.9606806243328552,9376.592372881354,0.0588157293418362,0.9410839054222658,Service Stations,84.0,433.0,22204.0,0.0218179985891363,19846.0,0.0,19846.0,1244737.9,6.0,0.0003023279250226,181.72833333333332,6.0,9.0,5.0,70.0,5.0,314.0,39.0,448.0,19846.0,0.0225726810097243,85.0,0.0042827631380057,0.01582103088628,0.0019650324986144,181.72833333333332,5.548224769359798,16.0,8.0,0.0859423580280834,0.0,0.0,0.0,0.0,0.0,24703068363.4
797,61,69,1958,9,Female,7945 Fourth Avenue,21.3,-157.85,$30410,$62005,$149968,651,9,3365.7038983050847,362.1016949152543,1281.2127587029815,336.9659342601319,1346.0,58.70338983050848,26.661016949152543,59.41847097546379,10.25,3679.33,0.02,132.1995315967035,-175.83539094650206,-95.0,-50.0,-500.0,139.4759586445846,2945.0,118.0,58.70338983050848,0.0440306048794571,0.2835282228959145,0.3230159664195206,0.7536202560678286,3003.6022033898307,0.107553769459069,0.8921492041227469,Miscellaneous Food Stores,86.0,404.0,75781.0,0.0583225061354121,6927.0,0.0,6927.0,439881.06,18.0,0.0025985275010827,83.39277777777778,2.0,2.0,1.0,22.0,0.0,40.0,16.0,83.0,6927.0,0.0119803695150115,26.0,0.0037528868360277,0.0057736720554272,0.0023094688221709,49.503888888888895,2.20184361093452,10.0,6.0,0.1224695171897306,0.0,0.0,0.0,0.0,0.0,3047056102.62
98,80,67,1939,4,Female,7872 Oak Drive,40.14,-87.61,$15755,$16646,$1639,590,2,6903.471355932204,533.6101694915254,1339.2125330111776,414.9665424449168,1997.0,170.33898305084745,30.347457627118644,41.40538883806038,35.21,1910.89,0.04,73.12383399847461,-147.8075117370892,-88.0,-50.0,-494.0,126.34857680673768,4838.5,118.0,170.33898305084745,0.1617910447761194,0.2882089552238805,0.8104141373263186,0.9442544285592952,6369.861186440679,0.0772847249243863,0.92257044139488,Service Stations,79.0,478.0,96246.0,0.0237810945273631,20100.0,0.0,20100.0,877575.62,25.0,0.0012437810945273,85.4376,22.0,26.0,18.0,1.0,0.0,403.0,39.0,509.0,20100.0,0.0253221232774488,49.0,0.0024376896671807,0.0200487537933436,0.0019402019800009,72.1576,5.612957274504328,15.0,7.0,0.1001635777470738,0.0,0.0,0.0,0.0,0.0,17639269962.0
1538,82,62,1937,8,Male,58 River Avenue,40.71,-73.99,$16494,$23572,$216,590,2,4274.26966101695,397.7203389830509,906.2128379298894,320.9036622375802,1499.0,105.55932203389833,29.906779661016948,41.75197185430464,28.36,1015.82,0.37,56.769658317549954,-124.81648936170212,-82.0,-50.0,-494.0,109.26721176718972,6452.0,118.0,105.55932203389833,0.1313423249839435,0.2822736030828516,0.6496332483103483,0.9278224767272591,3876.5493220338985,0.0930281293387341,0.9067379672869084,Service Stations,84.0,388.0,16798.0,0.0311496467565831,12456.0,0.0,12456.0,551294.82,2.0,0.0001605651894669,92.62,21.0,25.0,18.0,33.0,1.0,140.0,30.0,268.0,12456.0,0.0215140081881672,79.0,0.006341815846512,0.0112386609938187,0.0024082844986754,92.62,3.5296117880419384,13.0,6.0,0.1231995227137134,0.0,0.0,0.0,0.0,0.0,6866928277.919999
634,49,74,1970,8,Female,5063 Seventh Avenue,41.38,-81.64,$24071,$49079,$6494,683,4,4143.417033898305,303.3898305084746,1077.0624522110693,277.9792476389556,1264.0,77.72033898305085,28.14406779661017,55.1209932356257,20.42,1465.47,0.34,87.63904889713419,-118.93687707641196,-81.0,-50.0,-499.0,98.3980995863987,3172.75,118.0,77.72033898305085,0.0836331915821611,0.2788136517282739,0.5433974340872938,1.099135718470902,3840.0272033898304,0.0732044647116753,0.9265542468292192,Service Stations,87.0,346.0,50783.0,0.0377276196707011,9171.0,0.0,9171.0,524723.21,9.0,0.000981354268891,118.94333333333331,4.0,9.0,5.0,20.0,0.0,59.0,19.0,116.0,9171.0,0.0126471870911469,33.0,0.0035979066724814,0.0064326210204971,0.0020715220235499,118.94333333333331,2.761517615176152,12.0,7.0,0.074914108544454,0.0,0.0,0.0,0.0,0.0,4812236558.91
564,57,64,1962,6,Male,2288 Pine Lane,44.08,-70.24,$20800,$42411,$111077,765,2,4760.237966101695,167.75423728813558,734.3893356574916,183.33225810596943,709.0,107.44067796610167,30.1864406779661,44.86127945052312,40.0,1234.46,0.22,41.87768409356226,-127.70967741935485,-83.0,-50.0,-500.0,110.6979608759938,3530.0,118.0,107.44067796610167,0.0138823158226849,0.2885313140873954,0.9692397480131142,0.9160798586770568,4592.48372881356,0.0352333234512716,0.9645566471389152,Miscellaneous Food Stores,75.0,246.0,27092.0,0.0194036914339801,12678.0,0.0,12678.0,581503.08,9.0,0.0007098911500236,62.49,5.0,5.0,2.0,25.0,1.0,112.0,24.0,174.0,12678.0,0.0137234797696979,35.0,0.0027604700686173,0.0088335042195756,0.0018928937613376,62.49,3.5592363840539023,14.0,7.0,0.0941099211962012,0.0,0.0,0.0,0.0,0.0,7372296048.24
1718,81,67,1938,11,Female,766 Third Drive,34.02,-117.89,$22681,$33483,$196,698,5,7671.149830508475,413.3559322033898,1075.6946536648068,329.4136340756641,1401.0,219.4067796610169,30.39830508474576,35.47144010345233,33.71,1195.57,0.03,45.28815654483772,-131.47169811320754,-84.0,-50.0,-495.0,112.29722208821651,3226.0,118.0,219.4067796610169,0.2752027809965237,0.2843955195056006,0.3265742536133228,0.9986901179089956,7257.793898305085,0.0538774582529228,0.9459922001841397,Service Stations,88.0,508.0,15143.0,0.0196214754731556,25890.0,0.0,25890.0,953971.68,32.0,0.0012359984550019,127.4334375,45.0,52.0,43.0,53.0,1.0,155.0,55.0,404.0,25890.0,0.0156038777953729,150.0,0.0057935189834305,0.0059866362828782,0.0021242902939245,116.1834375,7.217730694173404,19.0,7.0,0.0874387518707587,0.0,0.0,0.0,0.0,0.0,24698326795.2
1256,37,68,1982,9,Male,1723 North Lane,41.2,-73.13,$27589,$56248,$149587,728,4,5667.819830508474,396.457627118644,1277.4079089914142,391.7195849481209,2160.0,156.39830508474577,30.364406779661017,36.90964348785872,23.61,1955.79,0.4,63.20654516514497,-139.64776119402984,-84.0,-50.0,-497.0,120.60871603121105,2259.0,118.0,156.39830508474577,0.0505554050392847,0.2843131942562991,1.1396555636065548,1.0601543474404096,5271.36220338983,0.0699365368758038,0.9298870595640374,Miscellaneous Food Stores,83.0,352.0,39021.0,0.0190734218369005,18455.0,0.0,18455.0,715584.74,1.0,5.41858574911948e-05,39.78,40.0,62.0,34.0,23.0,0.0,102.0,32.0,293.0,18455.0,0.0158755960121369,125.0,0.0067728651928912,0.0055266579973992,0.0017338534893801,39.78,5.15071169411108,16.0,7.0,0.1284654682256375,0.0,0.0,0.0,0.0,0.0,13206116376.7
1404,52,71,1967,11,Female,68 Sixth Avenue,32.3,-95.47,$17886,$36472,$80469,526,2,2136.9360169491524,335.59033898305086,843.6741344918046,319.75585281073694,1873.0,42.85593220338984,21.559322033898304,53.40077297755189,28.56,906.09,0.85,73.68257627248764,-118.20794029850748,-84.0,-1.66,-497.0,99.25037158075826,4869.0,118.0,42.85593220338984,0.1228000790982796,0.287719992090172,0.9789805174828956,0.9751892398929226,1801.3456779661014,0.156969308867316,0.8425629502872741,Miscellaneous Food Stores,82.0,270.0,61195.0,0.0533913387383824,5057.0,0.0,5057.0,291758.11,2.0,0.000395491398062,198.105,6.0,3.0,2.0,17.0,1.0,34.0,11.0,74.0,5057.0,0.0146302886516409,26.0,0.0051403716884143,0.0067220245156188,0.002174772637406,198.105,1.987814465408805,11.0,6.0,0.096892324521864,0.0,0.0,0.0,0.0,0.0,1475420762.27
1193,90,75,1929,11,Female,6245 River Lane,41.69,-73.92,$27934,$51717,$418,717,5,3967.584915254237,208.5677966101695,803.113229080652,204.55912479103569,1085.0,110.49152542372882,29.67796610169492,36.65922950434579,13.3,1334.89,0.57,56.063287940993504,-92.17602996254682,-75.0,-50.0,-496.0,76.0572283196559,3645.6,118.0,110.49152542372882,0.0239300506212609,0.2863936186531676,0.6511605588231261,0.907716014413546,3759.017118644068,0.0525547017548969,0.9471933192598088,Miscellaneous Food Stores,68.0,218.0,61195.0,0.0167203558828041,13038.0,0.0,13038.0,492786.02,5.0,0.0003834944009817,98.13,5.0,5.0,1.0,43.0,5.0,147.0,29.0,235.0,13038.0,0.0180228545133829,53.0,0.0040647288902523,0.0112738706956054,0.0022240969399493,98.13,3.723015419760137,12.0,7.0,0.0245002437835202,0.0,0.0,0.0,0.0,0.0,6424944128.76
1703,47,65,1972,8,Female,1532 Birch Drive,39.08,-108.55,$24115,$49169,$65994,747,2,6782.533050847458,522.9237288135594,1563.3401766503266,340.8043315798435,1990.0,154.22881355932202,30.29661016949153,45.39642087351106,23.305,1188.73,0.23,71.56032568067329,-108.44463971880492,-80.0,-50.0,-500.0,90.44913855730776,2906.5,118.0,154.22881355932202,0.1130281883619979,0.2821034122753997,0.7982023040891252,1.0983435775711194,6259.609322033899,0.0770872235594446,0.9227653606334084,Service Stations,89.0,554.0,86438.0,0.0304412330347821,18199.0,0.0,18199.0,862043.9,9.0,0.00049453266663,76.40555555555557,14.0,11.0,8.0,0.0,0.0,85.0,32.0,150.0,18199.0,0.0082417582417582,25.0,0.0013736263736263,0.0046703296703296,0.0017582417582417,76.40555555555555,5.090629370629371,15.0,6.0,0.0641914886720902,0.0,0.0,0.0,0.0,0.0,15688336936.1
371,82,63,1937,3,Male,19176 Grant Drive,37.55,-77.46,$43827,$92368,$2689,719,4,11747.816016949151,347.8305084745763,2693.191333876711,278.1208402768848,1378.0,156.17796610169492,30.347457627118644,76.61336851995136,32.53,2146.32,0.05,129.883235764932,-122.51940298507462,-82.0,-50.0,-478.0,101.00322553515196,3529.75,118.0,156.17796610169492,0.0765641109121493,0.2882413587280916,1.0044961936105847,1.036532534007289,11399.985508474576,0.0296055796577958,0.9703093053826576,Service Stations,88.0,474.0,61195.0,0.0257203320853003,18429.0,0.0,18429.0,1427286.29,3.0,0.0001627869119322,334.31666666666666,2.0,2.0,2.0,46.0,0.0,112.0,30.0,194.0,18429.0,0.0105263157894736,50.0,0.0027129679869777,0.0060770482908301,0.0016277807921866,334.31666666666666,5.146327841385088,14.0,6.0,0.1017176269947618,0.0,0.0,0.0,0.0,0.0,26303459038.41
1737,52,65,1967,3,Male,14813 El Camino Drive,42.46,-82.94,$18487,$37686,$41173,739,4,2629.051101694916,345.6864406779661,638.2369203560802,287.18464530391265,1268.0,87.44067796610169,29.24576271186441,31.07251903044872,16.27,1043.59,0.11,48.27680795320972,-122.12874251497006,-81.0,-50.0,-492.0,111.7251757981284,4199.25,118.0,87.44067796610169,0.1266718356270595,0.2813529753828261,2.336428398519902,1.5154124356447882,2283.3646610169494,0.1314371574207023,0.8681826218302197,Miscellaneous Food Stores,73.0,344.0,68671.0,0.0333397945338243,10318.0,0.0,10318.0,351019.03,10.0,0.0009691800736576,81.28,1.0,1.0,0.0,40.0,0.0,81.0,29.0,152.0,10318.0,0.0147301095067351,42.0,0.0040701618373873,0.007849597829247,0.0028103498401007,81.28,2.989858012170385,10.0,6.0,0.0934496960188272,0.0,0.0,0.0,0.0,0.0,3621814351.54
750,61,68,1959,1,Female,475 Oak Boulevard,35.19,-80.83,$14793,$30165,$36972,694,2,2089.259745762712,271.9491525423729,632.0717210717208,248.3942223565805,1351.0,44.69491525423729,22.347457627118644,49.48467482938579,32.19,1216.77,1.02,68.17068018985378,-109.8972602739726,-80.0,-50.0,-485.0,94.77179894688936,5767.0,118.0,44.69491525423729,0.1105422828972317,0.2840348881304512,1.1386259965042418,0.8973111267077626,1817.310593220339,0.1301030425016111,0.8694185480557217,Miscellaneous Food Stores,82.0,214.0,61195.0,0.0405764125900644,5274.0,0.0,5274.0,278622.65,6.0,0.0011376564277588,157.1316666666667,4.0,5.0,3.0,19.0,0.0,46.0,9.0,86.0,5274.0,0.016303317535545,28.0,0.0053080568720379,0.0087203791469194,0.0017061611374407,157.1316666666667,2.0,8.0,7.0,0.1086597488392384,0.0,0.0,0.0,0.0,0.0,1469455856.1
196,44,64,1975,5,Female,518 Norfolk Avenue,33.29,-83.96,$17545,$35775,$67263,773,1,2777.9124528301886,500.7830188679245,850.6698471561062,329.3877438584092,2240.0,54.59433962264151,24.047169811320757,56.087375238095234,43.245000000000005,1375.69,0.87,81.2251191982236,-98.8510242085661,-78.0,-50.0,-479.0,79.82943666866942,3225.0,106.0,54.59433962264151,0.0331778123379989,0.2870226369448764,0.6746739262411892,0.9586295984850302,2277.129433962264,0.1802082747723488,0.8194318722214935,Service Stations,74.0,233.0,56431.0,0.0402626576810091,5787.0,1.0,5787.0,347541.72,15.0,0.0025920165889061,64.58133333333333,2.0,0.0,1.0,0.0,1.0,77.0,8.0,89.0,5787.0,0.0153766413268832,2.0,0.0003455425017277,0.0133033863165169,0.0013821700069108,64.58133333333333,2.2703020792467634,9.0,6.0,0.0517670107753748,0.0,0.0,0.0,1.0,0.0,2011223933.64
737,61,60,1958,3,Female,8301 Tenth Drive,42.33,-122.79,$18961,$30359,$16552,758,2,5983.489237288136,472.33898305084745,928.1539479449186,272.12296806661567,1511.0,133.1864406779661,30.279661016949152,46.64718089323467,30.605,1547.83,0.28,61.62209274525789,-96.09655172413792,-76.0,-50.0,-499.0,77.7337090441953,2327.5,118.0,133.1864406779661,0.098752863324001,0.2867141766352761,1.0876756889461732,1.1007387828347106,5511.150254237288,0.0789272006887069,0.920905700673406,Miscellaneous Food Stores,70.0,279.0,22204.0,0.017752608806312,15716.0,0.0,15716.0,761787.73,12.0,0.0007635530669381,90.53083333333336,4.0,2.0,4.0,52.0,7.0,269.0,30.0,368.0,15716.0,0.0234141375580581,58.0,0.0036902716803461,0.0171152255519501,0.0019087612139721,90.53083333333332,4.398544640358242,18.0,7.0,0.0574483736117839,0.0,0.0,0.0,0.0,0.0,11972255964.68
206,28,59,1992,2,Female,4633 Sixth Avenue,42.89,-85.72,$18431,$37583,$51633,782,2,2920.1916666666666,491.8070175438597,857.9370150581755,326.83491210904486,1498.0,49.05263157894737,22.49122807017544,66.11754716981132,49.74,1025.78,0.89,76.72729741399733,-100.65709156193896,-78.0,-50.0,-496.0,83.97230513481972,1688.5,114.0,49.05263157894737,0.040414878397711,0.2986409155937053,0.6405534126509842,1.059166298887817,2428.384649122807,0.1683583529132322,0.8312993210383229,Miscellaneous Food Stores,74.0,183.0,28395.0,0.032725321888412,5592.0,0.0,5592.0,388967.85,8.0,0.0014306151645207,84.10125,0.0,1.0,0.0,4.0,0.0,77.0,12.0,94.0,5592.0,0.0168067226890756,5.0,0.000893974611121,0.013767209011264,0.0021455390666905,84.10125000000001,2.180967238689548,9.0,7.0,0.0775857456257691,0.0,0.0,0.0,0.0,0.0,2175108217.2
1050,43,65,1976,3,Female,41332 Lincoln Avenue,35.98,-78.91,$17625,$35938,$47204,670,3,6910.763274336283,479.4070796460177,875.2650622917882,303.97728525242,1567.0,164.78761061946904,30.38938053097345,43.27125006926359,41.2,1038.12,0.08,41.28741877318784,-94.3780487804878,-77.0,-50.0,-493.0,74.5136056238201,3378.0,113.0,164.78761061946904,0.0148756779979592,0.2893507330433382,1.3647972994490625,1.1282596764407284,6431.3561946902655,0.0693610386550823,0.930494280463888,Miscellaneous Food Stores,76.0,269.0,22204.0,0.0144460555287041,18621.0,0.0,18621.0,835089.25,2.0,0.0001074056173137,105.16,2.0,5.0,2.0,73.0,0.0,120.0,42.0,244.0,18621.0,0.0131027816561056,80.0,0.0042959939856084,0.0064439909784126,0.0022553968424444,105.16,5.422539312754805,14.0,7.0,0.0584597777531657,0.0,0.0,0.0,0.0,0.0,15550196924.25
1527,66,67,1953,11,Female,1426 Fifth Avenue,43.32,-71.18,$24779,$50523,$98763,578,1,4234.7265625,554.84375,1083.4821853861245,446.8044321678543,1836.0,73.28125,27.28125,60.63143176733781,22.69,715.81,0.84,92.45491532175204,-161.4090909090909,-88.0,-50.0,-495.0,140.42192616464786,974.0,32.0,73.28125,0.1019189765458422,0.2904051172707889,1.0243781094527362,1.0654122204358485,3679.8828125,0.130991399424169,0.8687725135703918,Service Stations,71.0,219.0,22204.0,0.0933901918976545,2345.0,0.0,2345.0,153266.25,7.0,0.0029850746268656,52.41285714285714,0.0,0.0,0.0,0.0,0.0,19.0,4.0,23.0,2345.0,0.0098039215686274,0.0,0.0,0.0080988917306052,0.0017050298380221,52.41285714285714,2.686139747995418,10.0,7.0,0.0982766388826312,0.0,0.0,0.0,0.0,0.0,359409356.25
1376,49,68,1971,1,Female,97536 Summit Street,30.51,-97.83,$30418,$62019,$85666,543,4,4992.351779661017,623.9745762711865,1213.0935981085795,390.18022269935256,2448.0,105.10169491525424,29.635593220338983,50.038011551855945,23.3,2910.32,0.42,82.45570437560183,-117.05723370429251,-82.0,-50.0,-500.0,99.57666715980156,2282.0,118.0,105.10169491525424,0.1837606837606837,0.2793904208998549,0.4220077414165787,0.916580608374188,4368.37720338983,0.1249610689983364,0.8748386647187886,Service Stations,85.0,471.0,14528.0,0.0379777455249153,12402.0,0.0,12402.0,662726.51,4.0,0.0003225286244154,164.07,3.0,3.0,2.0,23.0,0.0,46.0,21.0,98.0,12402.0,0.0079013141981778,29.0,0.0023381439974199,0.0037087801338385,0.0016931387567523,164.07,3.546468401486989,13.0,6.0,0.0391009099551813,0.0,0.0,0.0,0.0,0.0,8219134177.02
374,58,66,1961,11,Male,50 Spruce Street,38.47,-121.44,$15290,$31177,$18859,689,5,2643.1507627118644,177.64406779661016,659.2942847737347,248.5261005544808,1713.0,63.00847457627118,27.73728813559322,42.8717237113402,30.99,1012.6,0.25,53.62238622156498,-131.0125,-82.0,-50.0,-492.0,114.27903550509532,3791.6,118.0,63.00847457627118,0.042098184263618,0.2934767989240081,0.1497181868698896,0.9045866643010696,2465.5066949152542,0.0671837893291745,0.932438017409646,Miscellaneous Food Stores,74.0,184.0,15143.0,0.024747814391392,7435.0,0.0,7435.0,332853.79,24.0,0.0032279757901815,95.27041666666668,12.0,24.0,15.0,12.0,1.0,77.0,10.0,151.0,7435.0,0.0203066164604626,48.0,0.0064550833781603,0.0103550295857988,0.0013448090371167,63.10375,2.2716162542010387,10.0,6.0,0.0775175308877546,0.0,0.0,0.0,0.0,0.0,2474767928.65
1315,57,70,1962,8,Female,759 Madison Drive,38.61,-88.78,$15976,$32576,$0,753,4,2615.781271186441,468.728813559322,711.2284477050016,284.0028789133288,1554.0,110.46610169491524,29.771186440677965,24.780201509312786,9.85,1109.92,0.37,48.91844561509049,-95.52677029360969,-76.0,-50.0,-488.0,77.48488339078676,3986.5,118.0,110.46610169491524,0.0295358649789029,0.2858457997698504,0.851207711649238,1.201412422783284,2147.0524576271187,0.1791241853954426,0.8204936657367818,Miscellaneous Food Stores,82.0,267.0,14528.0,0.0204833141542002,13035.0,0.0,13035.0,363972.19,9.0,0.0006904487917146,163.83333333333334,3.0,2.0,3.0,35.0,1.0,58.0,22.0,124.0,13035.0,0.0095121202822951,40.0,0.0030684258975145,0.0044492175513961,0.001687634243633,163.83333333333334,3.7105038428693424,12.0,8.0,0.0636943826725244,0.0,0.0,0.0,0.0,0.0,4744377496.65
47,47,62,1972,9,Male,523 Federal Drive,40.84,-73.87,$12475,$25434,$45540,712,4,3095.0620338983053,367.8813559322034,472.2331385515583,209.5531741869375,1173.0,94.51694915254237,29.720338983050848,34.3701599849426,33.11,1072.39,0.3,38.51312193865184,-82.3719165085389,-75.0,-50.0,-487.0,47.781885306361424,5127.75,118.0,94.51694915254237,0.1672195821751995,0.286111360172151,0.8820649023018223,0.9170981874938774,2727.180677966102,0.1188223465500132,0.8808546625056674,Service Stations,62.0,175.0,61195.0,0.0156908455124181,11153.0,0.0,11153.0,408627.32,4.0,0.0003586478974267,50.1025,1.0,2.0,2.0,26.0,0.0,218.0,18.0,267.0,11153.0,0.0239376008606777,29.0,0.0025999641384256,0.0195445580060964,0.00161377084454,50.1025,3.180211006558312,13.0,6.0,0.0299463269678192,0.0,0.0,0.0,0.0,0.0,4557420499.96
345,33,67,1986,7,Male,67424 Tenth Boulevard,42.24,-85.48,$17409,$35499,$80517,724,1,2365.238050847458,239.60169491525423,707.310024085183,213.3601401359029,1195.0,46.34745762711864,23.56779661016949,53.84875361759599,32.44,1112.62,0.52,69.98285546972711,-98.85664335664336,-80.0,-50.0,-467.0,78.64254288997897,3804.0,118.0,46.34745762711864,0.0422380691168403,0.2887182300237703,1.2090600775193796,1.33688476826219,2125.636355932204,0.1012584912280663,0.8983188970234489,Service Stations,72.0,151.0,61195.0,0.0276101663923934,5469.0,0.0,5469.0,307371.09,4.0,0.0007313951362223,151.7,2.0,1.0,1.0,0.0,2.0,57.0,17.0,80.0,5469.0,0.0146252285191956,3.0,0.0005484460694698,0.0104204753199268,0.003107861060329,46.7,1.9665587918015104,10.0,6.0,0.1004456391030628,0.0,0.0,0.0,0.0,0.0,1681012491.21
84,47,68,1972,9,Male,23068 Park Street,36.49,-81.5,$12630,$25748,$41455,738,3,3641.8477118644064,48.13644067796611,435.4288165997848,145.56398461842193,836.0,117.19491525423727,30.194915254237287,31.12014121225288,14.84,1032.9,0.05,37.28882007589423,-284.005,-305.0,-0.1,-497.0,115.2313940912394,5467.666666666667,118.0,117.19491525423727,0.0676115409646395,0.2885241159881409,1.692161702792142,1.0691693124390569,3593.71127118644,0.0132139591016089,0.9865115303837892,Heat Treating Metal Services,71.0,188.0,98374.0,0.0135946200014462,13829.0,0.0,13829.0,435418.13,9.0,0.0006508062766649,58.28444444444444,3.0,3.0,1.0,33.0,1.0,202.0,31.0,274.0,13829.0,0.0198120028922631,39.0,0.002819956616052,0.0146059291395516,0.0022415039768618,58.28444444444444,3.881279820376088,11.0,4.0,0.1767263382091496,0.0,0.0,0.0,0.0,0.0,6021397319.77
1107,71,69,1949,1,Female,836 Summit Boulevard,42.23,-76.34,$18323,$40516,$6908,698,5,4132.375847457627,533.4152542372881,742.1333833051457,334.9074454685604,1958.0,97.5677966101695,29.516949152542374,44.69890457420478,39.36,823.53,0.08,52.399413779981096,-104.21026490066224,-78.0,-50.0,-498.0,91.1411193829882,4187.4,118.0,97.5677966101695,0.0733084339442369,0.2785546773212889,1.8459079248461077,1.1708358819495277,3598.960593220339,0.1290507502639478,0.8707073167406254,Miscellaneous Food Stores,84.0,285.0,22204.0,0.0247546252062885,11513.0,0.0,11513.0,550563.35,4.0,0.0003474333362286,70.58749999999999,4.0,4.0,2.0,29.0,0.0,104.0,22.0,165.0,11513.0,0.0143303804064617,37.0,0.0032134792426611,0.0090324821955879,0.0019107173875282,70.5875,3.3054837783519955,13.0,7.0,0.0370170310116929,0.0,0.0,0.0,0.0,0.0,6338635848.55
1394,30,58,1989,4,Female,341 Hill Drive,38.63,-90.24,$28373,$57853,$131828,558,4,4791.797079646018,405.0265486725664,1155.041148846996,334.66877175630674,1482.0,110.929203539823,29.98230088495575,44.40487698868296,15.68,1409.85,0.96,83.72261994869723,-134.21700879765396,-82.0,-50.0,-500.0,120.67762038916368,2054.0,113.0,110.929203539823,0.0666134822497008,0.2848025528520143,1.2932415660611531,0.9202794916811048,4386.770530973451,0.0845073434034224,0.9152840101666572,Miscellaneous Food Stores,94.0,379.0,72351.0,0.0302353410450737,12535.0,0.0,12535.0,587241.07,2.0,0.0001595532508974,58.69,6.0,5.0,2.0,26.0,1.0,58.0,34.0,132.0,12535.0,0.0105296745373324,37.0,0.0029514996809189,0.0046266751754945,0.0027121888959795,58.69,3.699822904368359,13.0,7.0,0.1091131551923791,0.0,0.0,0.0,0.0,0.0,7361066812.45
1391,45,59,1975,2,Male,9604 Catherine Drive,40.72,-73.86,$25109,$51196,$67164,631,4,8199.82406779661,320.34338983050844,918.0367748441328,264.3593700800004,1080.0,182.96610169491527,30.38135593220339,45.4774976499342,34.83,1717.37,0.11,45.45041171544428,-120.38382165605094,-80.0,-0.52,-500.0,108.35171124517242,4937.5,118.0,182.96610169491527,0.0182955071792496,0.2843446039833256,0.95008304836698,0.9063728630412158,7879.480677966101,0.0390623414405935,0.9608157195942814,Service Stations,78.0,339.0,39021.0,0.0157017137563686,21590.0,0.0,21590.0,1005379.76,17.0,0.0007874015748031,240.6705882352941,27.0,36.0,28.0,64.0,0.0,125.0,60.0,340.0,21590.0,0.0157473021166226,127.0,0.0058820804965031,0.0057894493075818,0.0027789356676392,202.5529411764706,6.02231520223152,17.0,6.0,0.0782243676973836,0.0,0.0,0.0,0.0,0.0,21706149018.4
1498,47,66,1972,7,Female,69590 Rose Drive,39.68,-74.98,$24911,$50790,$3547,726,4,5200.13686440678,288.6949152542373,1328.5640816751877,321.22009677511613,1327.0,80.39830508474576,29.203389830508478,66.10818250377073,54.09,3228.77,0.44,98.50113408481072,-166.17560975609757,-88.0,-50.0,-488.0,137.9143610028606,3887.5,118.0,80.39830508474576,0.0258248129018657,0.2800674607357436,0.0,0.3236096493387925,4911.441949152542,0.0555061177547314,0.944301616587573,Miscellaneous Food Stores,82.0,358.0,50783.0,0.0377358490566037,9487.0,0.0,9487.0,647682.15,11.0,0.0011594813955939,156.21272727272728,7.0,2.0,2.0,38.0,0.0,99.0,21.0,169.0,9487.0,0.0178119730185497,47.0,0.0049536256323777,0.0104342327150084,0.0022133220910623,156.21272727272728,2.7530470110272782,10.0,7.0,0.1417207268030645,0.0,0.0,0.0,0.0,0.0,6144560557.05
1477,47,67,1972,7,Male,30 First Lane,40.15,-82.68,$22934,$46763,$65106,696,3,3098.3072881355934,593.8644067796611,891.2358720575355,327.7970217074026,1408.0,65.19491525423729,26.1271186440678,51.79941343156702,31.58,992.88,0.75,75.8491514578113,-110.35590551181102,-81.0,-50.0,-497.0,96.98833684926252,4626.0,118.0,65.19491525423729,0.0599246067853893,0.2874041336279734,0.9457282862050675,1.1791493581583374,2504.4428813559325,0.1916119802166837,0.8080653670396442,Service Stations,74.0,312.0,61195.0,0.0405563499285064,7693.0,0.0,7693.0,435676.26,15.0,0.0019498245157935,58.55333333333333,1.0,5.0,0.0,22.0,0.0,39.0,16.0,83.0,7693.0,0.0107876267221211,28.0,0.0036391993761372,0.005068884845334,0.0020795425006498,58.55333333333333,2.4952967888420368,13.0,7.0,0.0854631334103914,0.0,0.0,0.0,0.0,0.0,3351657468.1800003
644,58,65,1961,3,Female,511 Grant Avenue,34.42,-84.11,$20581,$41963,$53857,741,1,2104.794086956522,230.2,642.0969369824725,250.20553656207483,1173.0,45.80869565217391,23.48695652173913,47.61977572299823,25.61,627.41,0.25,66.55482793100511,-143.0972972972973,-84.0,-50.0,-499.0,123.22981906938388,3500.0,115.0,45.80869565217391,0.0459377372817008,0.2877752467729689,2.2261017444564017,1.596049036025884,1874.5940869565216,0.1093174310944643,0.8902076886662026,Service Stations,76.0,256.0,39021.0,0.0485952923310554,5268.0,0.0,5268.0,268524.32,6.0,0.0011389521640091,18.97,5.0,6.0,3.0,0.0,0.0,34.0,10.0,58.0,5268.0,0.0110077813626874,11.0,0.0020876826722338,0.0064528373505409,0.0018978933383943,18.97,1.950388744909293,8.0,6.0,0.0882752889627559,0.0,0.0,0.0,0.0,0.0,1414586117.76
90,63,62,1956,8,Male,9 Mill Drive,28.37,-80.75,$19018,$12796,$22192,644,3,4978.877711864407,439.9491525423729,1283.7188922796036,294.03630357455614,1475.0,79.72033898305085,28.533898305084747,66.46013235294117,65.285,1275.17,1.0,53.97586707618281,-91.55908289241624,-77.0,-50.0,-492.0,67.51185958795055,4259.666666666667,118.0,79.72033898305085,0.060593175294993,0.2907409375996598,1.0110405323653964,0.8443745189357753,4538.928559322034,0.0883453727175282,0.9114538191386056,Service Stations,76.0,286.0,61195.0,0.0304028914638035,9407.0,0.0,9407.0,639421.57,23.0,0.0024449877750611,146.74086956521737,6.0,3.0,3.0,20.0,3.0,170.0,18.0,223.0,9407.0,0.023703231292517,29.0,0.0030824829931972,0.0180697278911564,0.0019132653061224,117.08869565217393,2.793881793881794,16.0,8.0,0.0407589328710392,0.0,0.0,0.0,0.0,0.0,6015038708.99
1334,38,65,1981,4,Female,17 Tenth Avenue,43.0,-78.87,$19433,$39627,$47793,718,4,2331.491271186441,439.5084745762712,696.3275884121211,235.32852997795405,1117.0,65.8135593220339,26.64406779661017,38.29032289491997,18.04,1182.05,0.18,63.82031492226968,-89.26333907056798,-77.0,-50.0,-476.0,64.62222726823369,4694.0,118.0,65.8135593220339,0.0383723924800412,0.2889518413597733,0.6495014119595913,0.7935610767204943,1891.9827966101695,0.1884287757067196,0.811142498144397,Service Stations,78.0,188.0,14528.0,0.0242080865310327,7766.0,0.0,7766.0,326977.97,11.0,0.0014164305949008,113.7218181818182,3.0,0.0,1.0,16.0,0.0,32.0,14.0,66.0,7766.0,0.0084974893781382,19.0,0.0024462469421913,0.0041199948500064,0.0018024977468778,51.17636363636363,2.4701017811704835,11.0,7.0,0.0540848003393556,0.0,0.0,0.0,0.0,0.0,2539310915.02
1563,49,67,1970,8,Female,924 Spruce Street,33.96,-118.27,$11073,$22583,$62461,683,4,3788.872118644068,433.20338983050846,600.1427981409342,272.7784724481496,1622.0,119.07627118644068,30.11864406779661,33.12490997999555,23.12,572.49,0.18,42.40488946329032,-92.27075812274369,-76.0,-50.0,-495.0,70.87912674479097,3880.5,118.0,119.07627118644068,0.2454629563732118,0.2844637392356416,1.5086658687169914,1.0383018275088474,3355.668728813559,0.1143055428438833,0.8854305960102271,Service Stations,73.0,264.0,14528.0,0.0187886983132873,14051.0,0.0,14051.0,498204.91,21.0,0.0014945555476478,89.47952380952381,2.0,2.0,3.0,30.0,0.0,263.0,31.0,331.0,14051.0,0.02355536578423,34.0,0.002419584400797,0.0187161969826359,0.0022060916595502,89.47952380952381,3.953573438379291,13.0,7.0,0.0456190457559811,0.0,0.0,0.0,0.0,0.0,7000277190.41
103,41,71,1978,3,Female,8 Tenth Drive,35.82,-78.65,$17056,$34774,$78060,850,5,2424.8430508474576,265.2881355932203,699.2972743856952,236.22309828999585,1300.0,40.6271186440678,20.76271186440678,63.79743143812709,52.2,1386.36,0.83,82.84551978469665,-101.3074433656958,-77.0,-50.0,-495.0,82.32442539031169,4661.8,118.0,40.6271186440678,0.0680016687526074,0.2903629536921151,0.9335876369327072,0.8290361714665646,2159.554915254237,0.1093591506262299,0.8902286215506836,Miscellaneous Food Stores,78.0,215.0,59935.0,0.0448477263245723,4794.0,1.0,4794.0,317435.48,10.0,0.0020859407592824,127.98,8.0,6.0,2.0,12.0,0.0,75.0,5.0,108.0,4794.0,0.0225234619395203,26.0,0.005422314911366,0.0156412930135557,0.0010427528675703,127.98,1.956734693877551,7.0,6.0,0.0999201405526273,0.0,0.0,0.0,1.0,0.0,1521785691.12
1983,50,67,1969,3,Male,655 George Boulevard,33.55,-117.78,$69236,$141161,$0,773,3,5681.905338983051,593.8559322033898,1374.7645146862358,424.31044664897,2403.0,96.33898305084746,29.56779661016949,62.24722217064339,44.49,4266.21,1.91,110.3305261987757,-117.3785594639866,-81.0,-50.0,-489.0,103.25299974160316,4200.0,118.0,96.33898305084746,0.0518121041520056,0.2829873328641801,1.1144750538801005,0.899529059725106,5088.049406779661,0.1044986493316567,0.8953253843376813,Service Stations,81.0,401.0,26810.0,0.0352744546094299,11368.0,0.0,11368.0,740539.83,2.0,0.0001759324419422,108.885,4.0,1.0,3.0,24.0,0.0,54.0,29.0,115.0,11368.0,0.0101152256135104,29.0,0.0025507960242765,0.0047497581141701,0.0025507960242765,108.885,3.2582401834336485,13.0,6.0,0.0938980535418688,0.0,0.0,0.0,0.0,0.0,8418456787.44
1981,48,65,1972,1,Male,8975 Littlewood Boulevard,26.63,-81.99,$19274,$39303,$23650,702,7,2801.307627118644,575.5593220338983,941.532063209072,389.2867144194213,1928.0,47.74576271186441,21.41525423728813,65.99207426632061,50.81,903.24,1.01,81.89410431889586,-108.6656,-80.0,-50.0,-496.0,93.47575366412894,4756.285714285715,118.0,47.74576271186441,0.0543130990415335,0.2871849485268015,1.6393065710212904,1.3776125825330074,2225.748305084746,0.2053876299889649,0.7942555212517045,Miscellaneous Food Stores,87.0,214.0,68671.0,0.0379836705715299,5634.0,1.0,5634.0,398470.3,28.0,0.004969826056088,68.7207142857143,1.0,1.0,3.0,13.0,0.0,128.0,5.0,151.0,5634.0,0.0267968056787932,15.0,0.0026619343389529,0.022715173025732,0.0008873114463176,68.7207142857143,2.2295211713494263,10.0,7.0,0.0505028196180632,0.0,0.0,0.0,1.0,0.0,2244981670.2
727,44,68,1975,5,Male,310 Bayview Boulevard,38.63,-90.24,$19874,$40522,$81572,801,5,2660.239915254237,223.771186440678,714.5121039454882,273.7986474284033,1620.0,92.1864406779661,29.59322033898305,29.19262624383893,11.32,938.84,0.31,57.171251367512895,-211.24,-170.0,-51.0,-500.0,138.86913078100173,3146.4,118.0,92.1864406779661,0.2352454495311638,0.2872770729913587,1.644644565915556,1.0023182566103797,2436.468728813559,0.0840853111957402,0.9155389241111676,Travel Agencies,90.0,365.0,3211.0,0.0335539621253907,10878.0,0.0,10878.0,340313.31,7.0,0.0006435006435006,128.3242857142857,1.0,4.0,0.0,28.0,2.0,45.0,20.0,100.0,10878.0,0.0091920213254894,33.0,0.0030333670374115,0.0041364095964702,0.0018384042650978,128.3242857142857,3.1151202749140894,10.0,5.0,0.1814360372642581,0.0,0.0,0.0,0.0,0.0,3701928186.18
1645,62,65,1957,11,Female,58 Federal Lane,41.47,-81.85,$29692,$60541,$160456,716,3,3538.1249152542373,542.5254237288135,732.8750286952311,286.15681290217736,1328.0,78.46610169491525,28.05084745762712,48.32720685264498,22.28,1392.37,0.33,73.11956535421892,-103.2548387096774,-80.0,-50.0,-496.0,84.43419721836241,3225.0,118.0,78.46610169491525,0.2271303596500702,0.2754077114159196,0.931211269405226,1.0683127437708966,2995.599491525424,0.153293663467609,0.8464237808091697,Miscellaneous Food Stores,84.0,327.0,68671.0,0.0353169888756885,9259.0,0.0,9259.0,481516.74,2.0,0.0002160060481693,30.770000000000003,1.0,1.0,4.0,34.0,3.0,63.0,19.0,125.0,9259.0,0.013498920086393,36.0,0.0038876889848812,0.0068034557235421,0.0020518358531317,30.770000000000003,2.797280966767372,11.0,7.0,0.1020946906387166,0.0,0.0,0.0,0.0,0.0,4458363495.66
1873,51,67,1968,12,Female,3722 Valley Boulevard,31.84,-106.43,$16823,$34302,$84935,651,3,7675.550423728813,568.3559322033898,1107.8271689068629,366.7380705631823,1733.0,180.85593220338984,30.372881355932204,43.73744205138111,44.325,1114.87,0.36,47.11345224160775,-105.94944707740916,-80.0,-50.0,-497.0,90.37194925700256,4290.666666666667,118.0,180.85593220338984,0.0343938896958905,0.2853661965231245,0.5152360838738875,0.9719722746982477,7107.194491525424,0.0740379338155009,0.925831799340044,Miscellaneous Food Stores,74.0,326.0,41122.0,0.0152757602736516,21341.0,0.0,21341.0,972780.95,2.0,9.371632069724945e-05,121.41,27.0,52.0,37.0,28.0,0.0,145.0,45.0,334.0,21341.0,0.015649892231281,107.0,0.0050135882297816,0.0067941148908256,0.0021085184143941,121.41,5.954520089285714,18.0,7.0,0.0492790791298254,0.0,0.0,0.0,0.0,0.0,20760118253.95
45,61,67,1959,1,Female,9473 Mill Street,40.86,-74.15,$31281,$63781,$111808,654,1,956.6219491525424,278.5,303.86803082258814,157.74428891012406,754.0,52.78813559322034,25.59322033898305,19.482462892647565,3.51,512.13,0.47,25.311570400222344,-75.54712643678161,-74.0,-50.0,-241.0,17.66976797382903,5508.0,118.0,52.78813559322034,0.0191041900786643,0.291539572965163,0.9872472783825816,0.9414287445254232,678.1219491525424,0.2908245787875492,0.7081311677877199,Service Stations,37.0,204.0,16798.0,0.0327500401348531,6229.0,1.0,6229.0,145744.39,4.0,0.000642157649703,83.435,11.0,15.0,14.0,15.0,0.0,16.0,6.0,77.0,6229.0,0.0123595505617977,41.0,0.0065810593900481,0.0025682182985553,0.0009630818619582,83.435,2.0625827814569537,10.0,6.0,0.0,0.0,0.0,0.0,1.0,0.0,907841805.31
1549,68,74,1952,1,Male,731 Martin Luther King Boulevard,29.76,-95.38,$31072,$63355,$140526,747,5,3687.752203389831,325.47457627118644,1029.8294350892772,274.1153513465381,1285.0,49.61864406779661,23.533898305084747,78.86095686843059,40.74,1723.1,2.35,106.4176607652058,-113.96439169139464,-79.0,-50.0,-496.0,96.0283560040789,4376.2,118.0,49.61864406779661,0.0473099914602903,0.2894961571306575,0.8961858965843982,0.8410725367768981,3362.2776271186444,0.0882343292054389,0.9114945764122708,Miscellaneous Food Stores,80.0,259.0,41122.0,0.0442356959863364,5855.0,0.0,5855.0,473560.76,10.0,0.0017079419299743,150.753,2.0,3.0,4.0,13.0,0.0,93.0,23.0,138.0,5855.0,0.0235655737704918,18.0,0.0030737704918032,0.0158811475409836,0.0039275956284153,150.753,2.108390349297804,12.0,6.0,0.097898820527508,0.0,0.0,0.0,0.0,0.0,2772698249.8
1895,56,65,1963,3,Female,900 Littlewood Street,39.75,-74.22,$20034,$40848,$146608,706,2,3412.101949152542,292.8898305084746,749.7104257687929,297.08256022191074,1264.0,84.40677966101696,29.1864406779661,41.26555601106898,20.08,2233.57,0.44,70.37388198539146,-170.2512315270936,-96.0,-50.0,-498.0,129.89901232088403,5006.0,118.0,84.40677966101696,0.311144578313253,0.2849397590361446,0.4926587997040152,0.901346519649904,3119.212118644068,0.0858133846781804,0.9138936267106096,Service Stations,84.0,397.0,68436.0,0.039859437751004,9960.0,0.0,9960.0,437189.03,5.0,0.0005020080321285,206.528,12.0,11.0,3.0,25.0,0.0,102.0,17.0,170.0,9960.0,0.0170665595823712,48.0,0.004818793293846,0.0102399357494227,0.0017066559582371,206.528,2.8919860627177703,11.0,8.0,0.1448411550257508,0.0,0.0,0.0,0.0,0.0,4354402738.8
1694,83,65,1936,3,Female,480 Catherine Drive,41.09,-73.55,$37213,$74753,$1585,726,5,5435.042966101694,513.0508474576271,1005.1857707985688,323.1233747984754,1474.0,88.72881355932203,28.491525423728813,64.86649843228481,43.75,1773.35,0.15,91.37870958546232,-103.84219554030877,-79.0,-50.0,-498.0,88.26957579082158,3944.0,118.0,88.72881355932203,0.0463228271251193,0.2894937917860554,1.2026015983676246,0.9155046688350408,4921.992118644067,0.0943794687895094,0.9054365738712576,Service Stations,80.0,409.0,61195.0,0.0390639923591213,10470.0,0.0,10470.0,701875.07,19.0,0.0018147086914995,155.4321052631579,2.0,4.0,2.0,12.0,0.0,72.0,21.0,113.0,10470.0,0.0107917104383535,18.0,0.0017190335211536,0.0068761340846146,0.0020055391080126,113.22157894736844,3.1142177275431293,11.0,6.0,0.0279810376439107,0.0,0.0,0.0,0.0,0.0,7348631982.9
470,56,65,1964,2,Male,281 Martin Luther King Avenue,35.14,-96.49,$14004,$28553,$94214,747,3,3995.4583898305086,160.9322033898305,584.2204477236403,210.8714814504813,1377.0,83.05084745762711,29.533898305084747,48.92736508924865,46.145,753.67,1.09,47.950359326096525,-116.50306748466258,-78.0,-50.0,-496.0,103.955318882036,4859.666666666667,118.0,83.05084745762711,0.2479591836734694,0.285204081632653,3.50376083023898,1.0558686964313897,3834.526186440678,0.0402687048611197,0.9594810735920866,Service Stations,68.0,173.0,27092.0,0.0176530612244897,9800.0,0.0,9800.0,490454.09,1.0,0.0001020408163265,3.81,0.0,2.0,1.0,45.0,0.0,159.0,17.0,224.0,9800.0,0.0228548107335986,47.0,0.0047954290378532,0.0162228344046525,0.001734516886032,3.81,2.812051649928264,11.0,6.0,0.074930230108999,0.0,0.0,0.0,0.0,0.0,4806450082.0
370,61,58,1958,11,Male,381 Fifth Lane,34.07,-117.62,$16113,$41904,$12545,655,4,2438.025254237288,221.0254237288136,652.8849848052281,269.44572616411915,1332.0,69.51694915254237,28.0,35.84437827062048,15.76,1075.92,0.27,61.35701239477154,-148.1875,-87.0,-50.0,-495.0,124.85513462752398,4907.25,118.0,69.51694915254237,0.1315372424722662,0.2879434353285383,0.1159525723985654,0.873005268197787,2216.999830508474,0.0906203916276918,0.9089696085175454,Service Stations,79.0,269.0,61195.0,0.0327928806534194,8203.0,0.0,8203.0,313767.98,10.0,0.0012190661952944,124.39199999999998,0.0,1.0,5.0,31.0,0.0,52.0,15.0,104.0,8203.0,0.0126767430521696,32.0,0.0039005363237445,0.0063383715260848,0.0018283764017552,124.392,2.4827481840193704,9.0,4.0,0.1589218618204125,0.0,0.0,0.0,0.0,0.0,2573838739.94
1495,52,70,1967,12,Male,469 Mountain View Boulevard,39.77,-86.14,$31114,$63433,$122550,770,7,6047.748898305084,499.7203389830509,1129.748281993072,332.76559049166843,1418.0,103.26271186440678,29.872881355932204,61.41431755593804,50.775000000000006,3416.64,1.33,80.17376794609481,-104.36637168141591,-79.0,-50.0,-495.0,87.80714240426015,4695.571428571428,118.0,103.26271186440678,0.0855970455478046,0.2882232252769799,1.1329127894143751,0.9363236958662472,5548.028559322033,0.0826154874974355,0.9172191890585244,Service Stations,79.0,333.0,78454.0,0.0273286828067295,12185.0,0.0,12185.0,772601.37,13.0,0.0010668855149774,380.9315384615385,0.0,2.0,2.0,27.0,3.0,95.0,25.0,154.0,12185.0,0.0126374528147053,29.0,0.0023797800754964,0.0077958312817987,0.0020515345478417,380.9315384615384,3.4567375886524823,14.0,6.0,0.0933896350563017,0.0,0.0,0.0,0.0,0.0,9414147693.45
1020,29,66,1991,1,Female,331 Essex Drive,42.03,-88.08,$26545,$54122,$166903,796,4,7124.872478632478,449.982905982906,1088.7960737120943,263.6344773285733,1368.0,144.2136752136752,30.299145299145295,51.17940078585461,21.4,2183.61,0.29,69.41580369218487,-89.99658119658119,-77.0,-50.0,-496.0,63.92758629622761,1360.75,117.0,144.2136752136752,0.0337817815444793,0.2855449534759675,1.0860106051154086,1.0062354296885403,6674.889572649572,0.0631477629346044,0.936711903372504,Miscellaneous Food Stores,75.0,287.0,61195.0,0.0170094233390624,16873.0,0.0,16873.0,886258.08,7.0,0.0004148639838795,81.14999999999999,2.0,3.0,3.0,65.0,1.0,189.0,43.0,306.0,16873.0,0.0181344079649164,70.0,0.0041483939789024,0.0112006637430366,0.0025482991584686,81.14999999999999,4.75966149506347,15.0,6.0,0.0355942183137381,0.0,0.0,0.0,0.0,0.0,14953832583.84
34,41,55,1978,8,Male,7467 Spruce Drive,38.48,-121.34,$25431,$51854,$72162,737,2,7049.64593220339,552.5338983050848,1516.6950101111736,380.4518609485348,1604.0,123.57627118644068,30.28813559322034,59.52047939324556,42.2,1546.44,0.6,89.33099963073268,-107.9453642384106,-78.0,-50.0,-499.0,92.83308722976994,4229.5,118.0,123.57627118644068,0.1960636401042381,0.2903579755863393,0.5917973912097138,0.7114565140938313,6497.112033898305,0.078366422540298,0.92149174648285,Service Stations,81.0,345.0,27092.0,0.0236593059936908,14582.0,0.0,14582.0,897057.22,5.0,0.0003428884926621,114.608,2.0,7.0,2.0,52.0,0.0,86.0,31.0,180.0,14582.0,0.0123431392717547,61.0,0.0041829527532057,0.0058972776520606,0.0021257628745799,114.608,4.080022383883604,14.0,8.0,0.0984969325153374,0.0,0.0,0.0,0.0,0.0,13080888382.04
219,47,66,1973,2,Male,4541 Hill Boulevard,44.01,-84.8,$11036,$22505,$27928,798,3,1545.253220338983,404.2263559322034,460.39450973372783,264.372909995708,1416.0,46.84745762711864,21.703389830508478,36.65860072376357,26.16,1242.75,0.48,46.55549857567197,-86.09875451263538,-75.0,-1.71,-489.0,61.26116389000811,5133.0,118.0,46.84745762711864,0.1647973950795948,0.2950434153400868,0.8079790358963933,0.9457050135554852,1141.0268644067796,0.2614231295463917,0.7379301458506478,Miscellaneous Food Stores,68.0,166.0,22204.0,0.0300289435600578,5528.0,0.0,5528.0,230038.59,6.0,0.0010853835021707,70.23333333333333,2.0,0.0,0.0,16.0,1.0,70.0,6.0,95.0,5528.0,0.0171821305841924,18.0,0.0032555615843733,0.0126605172725628,0.0010851871947911,39.900000000000006,2.158531823506443,12.0,7.0,0.040272781532634,0.0,0.0,0.0,0.0,0.0,1271653325.52
403,33,72,1986,7,Male,699 Third Avenue,32.15,-94.79,$17898,$36496,$119670,759,1,2179.5948305084744,254.28813559322035,847.5162468349006,273.61402415995985,1401.0,33.88135593220339,19.347457627118644,67.69997104501185,35.77,1654.74,0.04,117.66021360773682,-157.09947643979058,-90.0,-51.0,-499.0,129.9236032595116,5173.0,118.0,33.88135593220339,0.0157578789394697,0.2871435717858929,0.0892926469446385,0.6996925685197809,1925.306694915254,0.116614114660597,0.8829272948731645,Service Stations,82.0,230.0,26810.0,0.057528764382191,3998.0,0.0,3998.0,287198.19,25.0,0.0062531265632816,159.63000000000002,1.0,3.0,2.0,10.0,0.0,61.0,14.0,91.0,3998.0,0.0227556889222305,14.0,0.0035008752188047,0.0152538134533633,0.0035008752188047,95.55,1.7512045554095488,12.0,6.0,0.0833805445396074,0.0,0.0,0.0,0.0,0.0,1148218363.62
74,54,74,1965,5,Female,1444 Plum Boulevard,38.86,-104.76,$20579,$41957,$151027,783,3,2597.9915957446806,303.63829787234044,805.1399201144745,285.365257399013,1301.0,49.319148936170215,24.627659574468087,55.62897722095672,43.955,1186.98,0.82,73.31725782197223,-116.02439024390245,-85.0,-50.0,-497.0,100.80415147060322,1571.6666666666667,94.0,49.319148936170215,0.0092752372735116,0.294434857635893,1.1764015866105546,1.137153802009502,2294.35329787234,0.1168292726954124,0.8827859626898665,Service Stations,76.0,213.0,35451.0,0.0459447799827437,4636.0,0.0,4636.0,272753.21,10.0,0.0021570319240724,205.741,1.0,3.0,0.0,21.0,0.0,34.0,8.0,67.0,4636.0,0.0144489971964632,25.0,0.0053914168643519,0.0073323269355186,0.0017252533965926,145.541,2.0025917926565877,10.0,7.0,0.0668114774200329,0.0,0.0,0.0,0.0,0.0,1264483881.5600002
1740,36,67,1983,12,Male,42720 East Drive,42.86,-88.33,$28215,$57532,$61268,735,4,4344.9164,510.88,1024.6663661849484,319.89325302877734,1287.0,94.36,29.56,48.49237053571429,27.07,1193.49,1.59,68.32854548861516,-107.32773109243698,-80.0,-50.0,-490.0,96.79947027132138,1133.25,25.0,94.36,0.0568037303942348,0.2975837219160661,0.7318834350554457,0.8398155325211708,3834.0364,0.1175540330228165,0.8822158659103521,Service Stations,58.0,138.0,61195.0,0.0584993641373463,2359.0,0.0,2359.0,121394.91,12.0,0.0050869012293344,99.47083333333336,2.0,1.0,1.0,18.0,0.0,23.0,4.0,49.0,2359.0,0.0207627118644067,21.0,0.0088983050847457,0.0097457627118644,0.0016949152542372,99.47083333333336,3.192151556156969,13.0,6.0,0.0897205041885226,0.0,0.0,0.0,0.0,0.0,286370592.69
369,39,65,1980,9,Male,5193 East Street,38.22,-85.74,$25258,$51499,$7226,788,4,8064.746271186441,613.8389830508474,1316.1066149340472,369.276445918323,1974.0,111.51694915254237,29.88135593220339,76.24099182823267,65.32499999999999,1295.92,0.6,105.5154325311187,-106.99113737075332,-80.0,-50.0,-498.0,87.65670622485018,4260.75,118.0,111.51694915254237,0.0202143019986321,0.2778326620563872,0.6715147945038967,1.048283198226246,7450.907288135593,0.0761044251098855,0.9237715938018954,Service Stations,86.0,342.0,52205.0,0.0259898168553841,13159.0,0.0,13159.0,1024073.06,5.0,0.000379968082681,172.71200000000005,3.0,4.0,10.0,24.0,0.0,265.0,30.0,336.0,13159.0,0.025531914893617,31.0,0.0023556231003039,0.0201367781155015,0.0022796352583586,172.71200000000002,3.731990924560408,13.0,7.0,0.0806941491564734,0.0,0.0,0.0,0.0,0.0,13475777396.54
1741,92,67,1927,10,Male,31 Hillside Lane,32.21,-110.88,$17460,$24960,$889,707,9,4780.331101694915,301.46610169491527,659.1577222405682,264.35933464782846,1384.0,73.10169491525424,28.872881355932204,67.9367782729134,60.35,632.26,0.29,51.65925904882143,-110.13312693498452,-80.0,-50.0,-480.0,93.77770854363536,3638.0,118.0,73.10169491525424,0.06318108045444,0.2890099698585671,1.2248310827092308,1.0706966913190556,4478.865,0.063050664194339,0.9367401890265046,Service Stations,75.0,355.0,61195.0,0.0411546487363783,8626.0,0.0,8626.0,599652.07,42.0,0.0048690006955715,114.46952380952382,5.0,8.0,2.0,17.0,0.0,60.0,24.0,116.0,8626.0,0.0134461574127738,30.0,0.0034774545033035,0.0069549090066071,0.0027819636026428,85.13619047619048,2.5318461990020547,13.0,6.0,0.0897846742002586,0.0,0.0,0.0,0.0,0.0,5172598755.82
748,55,69,1965,1,Male,2100 Summit Street,29.76,-95.38,$18412,$37534,$99840,706,3,2640.1248305084746,313.5,802.5934886926578,307.7508913246412,1445.0,54.78813559322034,24.983050847457623,50.656053658536585,29.145,1337.48,0.79,74.7328318081186,-117.43809523809524,-78.0,-50.0,-498.0,107.09278587360238,3052.0,118.0,54.78813559322034,0.0917246713070379,0.2822892498066512,0.5841609440690176,0.9992659649737384,2326.6248305084746,0.1186994254791222,0.8809219479643255,Service Stations,70.0,193.0,41260.0,0.0298530549110595,6465.0,0.0,6465.0,348527.73,2.0,0.0003093580819798,32.68,0.0,0.0,2.0,10.0,0.0,41.0,9.0,62.0,6465.0,0.0095886173832353,10.0,0.0015465511908444,0.0063408598824621,0.0013918960717599,32.68,2.193012211668928,10.0,6.0,0.0997729361518084,0.0,0.0,0.0,0.0,0.0,2253231774.45
237,42,72,1977,8,Male,331 Oak Lane,37.96,-121.76,$28733,$58584,$99235,563,2,4525.932125,378.775,1484.751815047832,310.96521743708934,1482.0,68.025,26.725,69.6699191841447,24.28,1598.09,0.07,115.9675447713442,-123.68163265306124,-84.0,-50.0,-486.0,97.13488102673324,2251.5,80.0,68.025,0.0488790885703785,0.2815141492098493,0.3069398178991783,0.7759063536878213,4147.157125000001,0.0836714555334756,0.9161076443133108,Miscellaneous Food Stores,81.0,232.0,61195.0,0.0426313855200294,5442.0,1.0,5442.0,392376.57,4.0,0.0007350238882763,92.5575,1.0,2.0,1.0,11.0,1.0,47.0,20.0,83.0,5442.0,0.0152489435972809,14.0,0.002572110968216,0.0086349439647253,0.0036744442403086,92.5575,2.5453695042095417,10.0,6.0,0.0434940434940435,0.0,0.0,0.0,1.0,0.0,2135313293.94
494,39,68,1980,5,Male,700 Rose Avenue,39.09,-76.85,$27635,$56347,$32530,779,3,3517.2622033898306,452.3220338983051,1068.9618167631938,376.38779968228783,1774.0,77.50847457627118,27.864406779661017,47.19546736411189,5.165,1169.25,0.53,88.64196817841969,-151.6306818181818,-87.0,-50.0,-499.0,130.46943501026777,2535.6666666666665,118.0,77.50847457627118,0.0689919090312705,0.294883008965668,0.2444967074317968,0.8602968708692686,3064.940169491525,0.128564048882569,0.8711517198855926,Service Stations,84.0,441.0,75781.0,0.0482178001312049,9146.0,0.0,9146.0,468410.94,13.0,0.0014213863984255,122.39,1.0,2.0,1.0,3.0,0.0,71.0,15.0,93.0,9146.0,0.0101672679567071,6.0,0.0006559527714004,0.0077621077949054,0.0016398819285011,113.62076923076924,2.7816301703163018,10.0,6.0,0.1195128805620608,0.0,0.0,0.0,0.0,0.0,4284086457.24
1615,66,59,1954,1,Female,1105 Second Drive,42.31,-83.21,$24561,$48690,$36262,701,6,3068.8892372881355,133.34745762711864,796.396708943258,248.34809376607217,1020.0,55.11864406779661,26.584745762711865,56.33617454884879,16.11,1382.06,0.61,94.12275374872378,-207.0394736842105,-163.0,-50.0,-491.0,141.32387774559766,3996.3333333333335,118.0,55.11864406779661,0.1411439114391144,0.2830565805658057,0.6668164409354472,0.9017538461437032,2935.541779661017,0.0434372211242756,0.956237034224141,Travel Agencies,78.0,277.0,75936.0,0.0425891758917589,6504.0,0.0,6504.0,377863.93,21.0,0.0032287822878228,68.08047619047619,2.0,3.0,2.0,20.0,0.0,90.0,11.0,128.0,6504.0,0.0196771714066103,25.0,0.0038431975403535,0.0138355111452728,0.0016910069177555,68.08047619047619,2.073318457124641,9.0,5.0,0.1774911032028469,0.0,0.0,0.0,0.0,0.0,2457627000.72
419,60,66,1959,11,Male,933 Valley Lane,38.14,-120.45,$16448,$33540,$74530,734,5,3477.471610169492,497.0958474576271,731.0467114531363,286.2660347774853,1199.0,103.4322033898305,29.38135593220339,35.441496804283986,17.5,1287.84,0.14,60.79303710928507,-93.55232854864434,-78.0,-0.31,-499.0,73.6153455751847,4583.4,118.0,103.4322033898305,0.0282671036460467,0.2905366653011061,0.9360950621486592,1.020352783831906,2980.375762711865,0.142906397742141,0.8568061196758318,Miscellaneous Food Stores,73.0,272.0,22204.0,0.0222859483818107,12205.0,0.0,12205.0,468998.96,11.0,0.0009012699713232,237.7981818181818,1.0,3.0,1.0,27.0,1.0,165.0,25.0,223.0,12205.0,0.0182697034245453,31.0,0.0025397345567753,0.0135179419957398,0.0020481730296575,160.34363636363636,3.5203345832131525,13.0,10.0,0.0686688723217563,0.0,0.0,0.0,0.0,5.2848436990428124e-06,5724132306.8
438,32,66,1987,10,Female,12960 El Camino Lane,40.72,-74.17,$16691,$34034,$55846,633,2,2007.663644067797,533.0847457627119,667.3570002061971,354.9188320900387,1786.0,39.57627118644068,19.1271186440678,57.95115215264188,41.745,835.27,0.24,71.28624944503436,-108.08247422680412,-81.0,-50.0,-494.0,91.70417567862938,3940.5,118.0,39.57627118644068,0.0546038543897216,0.295289079229122,0.8556797473625012,0.8267895425718897,1474.5788983050847,0.2653927387679244,0.7341094178012187,Miscellaneous Food Stores,77.0,238.0,59935.0,0.0509635974304068,4670.0,0.0,4670.0,299808.31,2.0,0.0004282655246252,309.06,3.0,0.0,2.0,21.0,0.0,53.0,9.0,88.0,4670.0,0.0188396488974523,24.0,0.0051380860629415,0.0113466067223292,0.001926782273603,309.06,2.0691182986264955,9.0,7.0,0.0867975518639217,0.0,0.0,0.0,0.0,0.0,1400104807.7
1269,56,56,1963,10,Male,336 Rose Avenue,41.83,-87.68,$25365,$36335,$28929,676,2,5598.625084745763,587.3220338983051,1115.9685740572293,360.2738246683029,1729.0,119.58474576271186,29.838983050847457,48.965146753631785,33.45,4984.24,0.07,83.08748690267426,-111.96122778675284,-82.0,-50.0,-500.0,97.566184237064,4656.0,118.0,119.58474576271186,0.0459924881298277,0.2892778683296719,0.746479080081653,0.9120962036680552,5011.3030508474585,0.1048859566506086,0.8949354599648137,Service Stations,84.0,335.0,96246.0,0.0237403444121607,14111.0,0.0,14111.0,729941.76,6.0,0.0004252001984267,131.27166666666668,17.0,24.0,9.0,9.0,0.0,78.0,40.0,177.0,14111.0,0.0125425170068027,50.0,0.0035430839002267,0.0055272108843537,0.0028344671201814,57.27166666666667,4.007668276057938,13.0,6.0,0.0742082100858523,0.0,0.0,0.0,0.0,0.0,10300208175.36
1428,35,62,1984,11,Female,800 Ninth Boulevard,37.67,-92.66,$13963,$28472,$42750,508,1,1114.584915254237,163.78813559322035,170.09027279274594,97.98367661847438,475.0,133.14406779661016,30.220338983050848,8.509933354901326,5.62,210.05,0.21,12.134028392867425,-75.49609375,-76.0,-50.0,-100.0,15.060140365170156,4047.0,118.0,133.14406779661016,0.0192222010056648,0.2765578257271975,1.344921826474294,1.0680848961660836,950.7967796610168,0.1468181698709091,0.8522854393780811,Miscellaneous Food Stores,37.0,180.0,14528.0,0.0114569409967538,15711.0,0.0,15711.0,150848.02,3.0,0.0001909490166125,89.41333333333334,16.0,16.0,15.0,51.0,0.0,20.0,35.0,153.0,15711.0,0.0097377800407331,83.0,0.0052825865580448,0.0012729124236252,0.0022275967413441,89.41333333333334,4.405776780706674,13.0,7.0,0.0,0.0,0.0,0.0,0.0,0.0,2369973242.22
1274,49,61,1970,4,Female,824 West Drive,41.95,-71.7,$24260,$49464,$123198,705,6,8178.815084745763,348.20338983050846,1213.1295125670235,306.14307473897406,1507.0,134.48305084745763,30.3135593220339,62.12024845520083,16.32,1914.2,0.21,89.7404126031136,-123.3873873873874,-80.0,-50.0,-490.0,111.61477731528942,3276.1666666666665,118.0,134.48305084745763,0.046127670300586,0.2867225408028231,1.0661960353888114,1.0793704789685965,7830.611694915255,0.0425686138651056,0.9573091339825364,Service Stations,77.0,356.0,86438.0,0.0224336757199571,15869.0,0.0,15869.0,1006188.18,12.0,0.000756191316403,222.17083333333332,7.0,4.0,8.0,65.0,1.0,95.0,33.0,213.0,15869.0,0.0134215500945179,76.0,0.0047889098928796,0.0059861373660995,0.0020793950850661,154.5041666666667,4.436399217221135,13.0,6.0,0.0526661636934459,0.0,0.0,0.0,0.0,0.0,15967200228.42
315,54,69,1966,1,Male,112 Burns Lane,40.78,-81.52,$20783,$42379,$136748,692,3,2226.250104166667,502.21875,723.5874890025683,299.8965857942578,1397.0,43.16666666666666,20.635416666666668,58.23433514986376,36.965,1064.78,0.57,83.51081005279482,-101.71518987341771,-77.0,-50.0,-498.0,85.74741104127278,1855.6666666666667,96.0,43.16666666666666,0.0226833976833976,0.2965733590733591,1.3438087215706604,0.9874808179934388,1724.031354166667,0.2254882597425702,0.7740627561051205,Service Stations,73.0,189.0,61195.0,0.0456081081081081,4144.0,1.0,4144.0,261933.01,3.0,0.0007239382239382,32.370000000000005,2.0,1.0,3.0,10.0,1.0,27.0,6.0,50.0,4144.0,0.0120627261761158,13.0,0.0031363088057901,0.0065138721351025,0.0014475271411338,32.37,2.091872791519435,11.0,6.0,0.0608744348114655,0.0,0.0,0.0,1.0,0.0,1085450393.44
1019,81,57,1939,1,Female,482 Grant Street,34.09,-117.96,$15775,$29928,$2028,713,4,3931.243135593221,397.79661016949154,869.8398740820494,322.9096234949894,1488.0,75.48305084745763,27.889830508474574,54.26209966077904,38.0,960.44,0.4,64.45618406250308,-131.1173184357542,-82.0,-50.0,-493.0,115.60232074650033,3735.25,118.0,75.48305084745763,0.0946446615021893,0.2839339845065678,0.99801574322409,1.2056526243017165,3533.446525423729,0.1011627705745819,0.8985829216510721,Miscellaneous Food Stores,76.0,378.0,61195.0,0.0424385314920848,8907.0,0.0,8907.0,510826.69,18.0,0.002020882452004,238.7472222222222,4.0,7.0,4.0,24.0,0.0,122.0,14.0,175.0,8907.0,0.0196452626852267,35.0,0.0039290525370453,0.0136955545577009,0.0015716210148181,188.7472222222222,2.7064721969006382,11.0,7.0,0.1174026970026203,0.0,0.0,0.0,0.0,0.0,4549933327.83
863,60,68,1959,12,Female,256 Ocean Drive,35.4,-93.11,$16877,$34406,$1636,774,3,2371.5901333333336,167.33333333333334,722.2975595438177,238.4458311952935,1108.0,55.88,25.72,43.27719221411193,19.6,727.34,0.16,58.7751285249293,-154.93827160493828,-86.0,-51.0,-481.0,139.40707888043315,1520.6666666666667,75.0,55.88,0.0372226198997852,0.2894297303746123,1.524772497472194,1.229867207035029,2204.2568,0.0705277034505074,0.9290508162499874,Service Stations,71.0,162.0,20561.0,0.0386542591267,4191.0,0.0,4191.0,190419.26,10.0,0.0023860653781913,110.917,0.0,2.0,0.0,23.0,0.0,31.0,5.0,61.0,4191.0,0.0145515267175572,25.0,0.0059637404580152,0.0073950381679389,0.001192748091603,110.917,2.172628304821151,8.0,6.0,0.0619870926619392,0.0,0.0,0.0,0.0,0.0,798047118.6600001
831,36,66,1983,10,Male,547 Norfolk Boulevard,41.29,-91.55,$18302,$37316,$37515,726,2,3356.495423728814,572.0254237288135,950.7358331777972,357.48837676076914,2261.0,63.5,25.1271186440678,57.735635568513125,43.97,2447.88,0.02,79.53752569743665,-106.63349131121645,-78.0,-50.0,-479.0,92.74847716161052,5234.5,118.0,63.5,0.0276257840651274,0.2722541038302415,1.413177937944078,0.982531783026812,2784.4700000000003,0.1703726592405971,0.8293294996981961,Service Stations,80.0,299.0,22204.0,0.0399039103162952,7493.0,0.0,7493.0,463565.46,20.0,0.0026691578806886,276.67999999999995,1.0,6.0,2.0,16.0,0.0,69.0,11.0,105.0,7493.0,0.0140112089671737,23.0,0.003069121964238,0.0092073658927141,0.0014678409394182,276.68,2.5271500843170323,11.0,8.0,0.0576,0.0,0.0,0.0,0.0,0.0,3473495991.78
441,41,64,1978,6,Female,608 Washington Drive,33.65,-84.86,$22613,$46108,$64994,635,1,3437.9050450450454,311.5945945945946,893.6421160853981,274.4448074461463,1329.0,75.78378378378379,27.873873873873872,46.915104499631184,40.24,1207.72,0.71,67.09143708033554,-124.4136690647482,-83.0,-50.0,-497.0,106.09544487201347,3317.0,111.0,75.78378378378379,0.2299096528768426,0.2837612933903947,1.3365617433414043,1.082874190086316,3126.310450450451,0.0906086648259033,0.909100544940897,Miscellaneous Food Stores,81.0,266.0,25717.0,0.0316214931050879,8412.0,0.0,8412.0,416194.46,11.0,0.0013076557299096,87.53818181818181,2.0,4.0,1.0,27.0,1.0,43.0,16.0,94.0,8412.0,0.0111731843575419,33.0,0.0039225008914774,0.0051111375252585,0.0019018186140496,63.35636363636363,2.7188106011635425,11.0,7.0,0.1052098993870706,0.0,0.0,0.0,0.0,0.0,3501027797.52
856,54,59,1965,7,Male,275 Tenth Street,38.98,-77.12,$56069,$114318,$328089,748,3,10897.44336448598,521.9158878504672,1935.9371918759584,334.64571864786467,1798.0,120.17757009345794,29.39252336448598,94.6603701899659,74.5,1612.49,0.01,89.66646375011658,-103.22550831792977,-78.0,-50.0,-499.0,83.80902550160198,2271.0,107.0,120.17757009345794,0.0538144490240298,0.2841589548176375,1.953779925987463,1.1368430581697493,10375.527476635512,0.0478890306069946,0.9520192131699782,Miscellaneous Food Stores,83.0,351.0,61195.0,0.0272960572361769,12859.0,0.0,12859.0,1221871.44,7.0,0.0005443658138268,23.218571428571423,5.0,5.0,4.0,38.0,0.0,120.0,30.0,202.0,12859.0,0.0157076205287713,48.0,0.0037325038880248,0.0093312597200622,0.0023328149300155,23.21857142857143,4.088712241653418,15.0,9.0,0.1223185187837983,0.0,0.0,0.0,0.0,0.0,15712044846.96
394,52,71,1967,4,Male,514 Pine Boulevard,41.09,-73.55,$34138,$69604,$47193,684,4,6154.844152542373,542.3644067796611,981.352471766176,318.4720644205889,1711.0,171.61016949152545,30.389830508474574,36.9735585195744,26.2,1008.37,0.19,51.66946965267752,-105.4349258649094,-80.0,-50.0,-494.0,84.8583286418442,3370.25,118.0,171.61016949152545,0.1819753086419753,0.2838024691358025,0.6487488170201067,0.946210498505515,5612.479745762712,0.0881056104312945,0.9117319423112344,Miscellaneous Food Stores,80.0,424.0,39021.0,0.0209382716049382,20250.0,0.0,20250.0,790270.61,19.0,0.0009382716049382,71.99473684210527,27.0,30.0,26.0,67.0,1.0,73.0,42.0,266.0,20250.0,0.0131351538195644,124.0,0.0061231544121277,0.0036047602587526,0.0020739716557207,54.52105263157896,5.646960401561628,18.0,8.0,0.074109375,0.0,0.0,0.0,0.0,0.0,16002979852.5
1482,54,64,1965,8,Male,52 Sixth Boulevard,34.06,-84.27,$43725,$89152,$162012,675,1,5993.257094017094,543.3760683760684,1277.8156679352437,389.06150844484034,1830.0,92.09401709401708,28.871794871794872,67.54754647914459,5.5,1527.29,0.38,121.13631780800432,-161.35786802030458,-90.0,-50.0,-500.0,130.33240474548458,3559.0,117.0,92.09401709401708,0.1921113689095127,0.2842691415313225,0.3018975422159621,0.790852088364827,5449.881025641025,0.0906494432676929,0.9091837303876382,Miscellaneous Food Stores,90.0,533.0,50783.0,0.0494663573085846,10775.0,0.0,10775.0,764786.08,11.0,0.0010208816705336,158.69454545454545,5.0,2.0,4.0,35.0,0.0,68.0,21.0,135.0,10775.0,0.0125278396436525,42.0,0.0038975501113585,0.0063103192279138,0.0019487750556792,158.69454545454545,3.189757252812315,12.0,6.0,0.1472882848873788,0.0,0.0,0.0,0.0,0.0,8240570012.0
1521,71,71,1948,3,Female,557 Burns Boulevard,32.75,-97.77,$19120,$19581,$21424,706,3,2271.3213559322035,485.33898305084745,722.1834891350968,289.3414928643558,1683.0,50.15254237288136,22.38135593220339,50.55950198075834,43.5,1035.29,0.18,60.68402026688678,-92.82009724473258,-79.0,-50.0,-482.0,67.63952667982716,5021.0,118.0,50.15254237288136,0.0310915849949307,0.2857384251436296,1.3634641065434727,1.04863060276391,1785.982372881356,0.2135872999581701,0.7859726214423002,Miscellaneous Food Stores,81.0,231.0,72351.0,0.0390334572490706,5918.0,0.0,5918.0,325285.92,1.0,0.0001689760054072,132.29,1.0,4.0,3.0,13.0,0.0,42.0,11.0,74.0,5918.0,0.0125021118432167,18.0,0.0030410542321338,0.0070957932083122,0.0018584220307484,132.29,2.240817872018175,11.0,6.0,0.0349216881144034,0.0,0.0,0.0,0.0,0.0,1925042074.56
1811,83,67,1936,3,Male,308 Second Boulevard,37.34,-122.11,$76725,$82009,$6229,764,8,10420.660423728814,604.5493220338984,2043.2710885497395,379.5220801538729,1653.0,162.66101694915255,30.364406779661017,66.29133268639818,30.33,4175.85,0.22,111.3681043976318,-110.59972093023256,-78.0,-1.38,-498.0,95.10670498035418,3431.25,118.0,162.66101694915255,0.0822652912368448,0.2888402625820569,0.5982617574994505,0.8537144497253263,9816.111101694916,0.0580089253970907,0.9418951206033216,Miscellaneous Food Stores,93.0,416.0,50867.0,0.0216734396165468,19194.0,0.0,19194.0,1300974.75,14.0,0.0007293946024799,87.23928571428571,7.0,3.0,4.0,62.0,1.0,114.0,35.0,226.0,19194.0,0.0117738994529825,72.0,0.0037509768168793,0.0059390466267257,0.0018233915082052,87.23928571428571,5.356963438459392,18.0,6.0,0.0654771900795398,0.0,0.0,0.0,0.0,0.0,24970909351.5
1171,90,67,1929,12,Male,73 Summit Street,21.4,-157.73,$26370,$39214,$0,781,5,4373.03220338983,94.135593220339,936.8283327873108,185.21712438848385,879.0,52.45762711864407,25.04237288135593,84.38557645134914,53.07,1706.33,0.32,98.44930079102602,-148.10666666666663,-88.0,-51.0,-487.0,121.85376407735554,5611.8,118.0,52.45762711864407,0.1778675282714055,0.2912762520193861,0.2682817406908928,0.9667901276158646,4278.896610169491,0.0215214677997534,0.9782499101980526,Service Stations,78.0,197.0,27092.0,0.0318255250403877,6190.0,0.0,6190.0,527125.8,18.0,0.0029079159935379,193.3338888888889,3.0,3.0,0.0,13.0,0.0,75.0,13.0,107.0,6190.0,0.0172831529639799,19.0,0.0030689710870618,0.0121143595541915,0.0020998223227265,175.11166666666668,2.094754653130288,9.0,7.0,0.1316950220541902,0.0,0.0,0.0,0.0,0.0,3262908702.0000005
1742,58,67,1961,11,Female,444 Maple Avenue,40.05,-86.03,$24638,$50232,$1218,751,4,3468.798474576271,407.5169491525424,1166.971004274813,373.67083492381903,1717.0,82.44067796610169,28.822033898305083,43.58622297944841,8.1,1657.58,0.2,98.82385375043977,-142.69139465875372,-86.0,-50.0,-494.0,120.2203817727462,4206.75,118.0,82.44067796610169,0.0873766447368421,0.2755962171052631,0.6980002816504717,0.74395925701355,3061.2815254237285,0.1174468638851736,0.882264934939073,Service Stations,84.0,347.0,26810.0,0.0356702302631578,9728.0,0.0,9728.0,457405.22,19.0,0.001953125,199.3484210526316,1.0,2.0,4.0,31.0,0.0,53.0,16.0,107.0,9728.0,0.0109980470757529,34.0,0.0034947065474355,0.0054476307945318,0.0016445677870284,92.92736842105262,2.8603351955307263,12.0,6.0,0.1486441523872899,0.0,0.0,0.0,0.0,0.0,4449637980.16
1591,58,66,1961,6,Female,2200 Third Drive,48.28,-122.62,$16537,$33717,$58236,698,6,5807.906355932204,549.4322033898305,873.5383927116815,360.3556286850784,2162.0,185.4915254237288,30.39830508474576,32.16770476413987,18.93,1212.99,0.56,51.63840771536507,-111.20583190394512,-80.0,-50.0,-498.0,97.21096289069791,4134.166666666667,118.0,185.4915254237288,0.0267726608187134,0.2915752923976608,0.9638544708389236,1.1039456298423216,5258.474152542373,0.0945844483839434,0.905243402171957,Miscellaneous Food Stores,83.0,375.0,88998.0,0.0171326754385964,21888.0,0.0,21888.0,750165.95,12.0,0.000548245614035,164.85333333333332,39.0,62.0,56.0,20.0,0.0,122.0,42.0,341.0,21888.0,0.0155786011238521,121.0,0.0055278907213668,0.0055735757686509,0.001918771985929,164.85333333333332,6.102035126846947,16.0,7.0,0.0728784279853163,0.0,0.0,0.0,0.0,0.0,16419632313.599998
756,66,65,1953,10,Female,8651 North Boulevard,39.64,-84.08,$28466,$59251,$29300,679,1,4489.921607142857,532.3392857142857,1307.448489941936,274.22501951064083,1349.0,48.9375,21.964285714285715,102.3343956043956,71.14500000000001,1833.4,1.27,156.08639001157695,-105.15343915343917,-79.0,-50.0,-499.0,88.13250595349307,3409.0,112.0,48.9375,0.1607370917715745,0.2899106002554278,1.1904638402840213,1.109572206159688,3957.582321428572,0.1185367575482935,0.8812405710075178,Service Stations,74.0,228.0,22204.0,0.0415982484948002,5481.0,2.0,5481.0,562493.22,1.0,0.0001824484583105,179.87,5.0,2.0,2.0,13.0,0.0,58.0,9.0,89.0,5481.0,0.0162349507479022,20.0,0.0036483035388544,0.0105800802626778,0.0016417365924844,179.87,2.228048780487805,13.0,8.0,0.064974925783674,0.0,0.0,0.0,2.0,0.0,3083025338.82
678,63,67,1957,2,Female,861 Martin Luther King Boulevard,42.88,-78.85,$14456,$29477,$56355,850,4,1768.5886842105265,346.3421052631579,440.5907843699238,190.3210993724161,1046.0,57.578947368421055,25.359649122807017,33.15013317987504,14.075,1044.53,0.45,45.17073814910924,-81.9149377593361,-77.5,-50.0,-500.0,45.31000890947357,2053.75,114.0,57.578947368421055,0.1014625228519195,0.2842778793418647,0.9754257718329576,0.9863606117197168,1422.2465789473683,0.1957189873293482,0.8037159095995694,Service Stations,56.0,142.0,41260.0,0.0216331505179768,6564.0,0.0,6564.0,241102.11,7.0,0.001066422912858,288.42,1.0,3.0,0.0,10.0,0.0,59.0,20.0,93.0,6564.0,0.0141660319878141,14.0,0.0021325209444021,0.0089870525514089,0.003046458492003,228.42,2.2704946385333797,9.0,7.0,0.037534191064735,0.0,0.0,0.0,0.0,0.0,1582594250.04
1582,23,71,1996,10,Female,515 Tenth Lane,36.46,-121.82,$29174,$59479,$69645,688,1,5480.9158333333335,518.9583333333334,1321.132364457215,318.7131678066241,1245.0,90.20833333333331,28.45833333333333,64.01069586374696,51.265,896.3,0.53,78.83057395931088,-113.22727272727272,-84.0,-50.0,-490.0,92.3873283025556,1430.0,48.0,90.20833333333331,0.0711316397228637,0.2905311778290993,0.7577352136392338,0.950845200718273,4961.9575,0.0946673296546721,0.9051502523676714,Service Stations,74.0,185.0,15143.0,0.0427251732101616,4330.0,0.0,4330.0,287993.96,2.0,0.0004618937644341,394.84,10.0,9.0,2.0,7.0,0.0,32.0,5.0,65.0,4330.0,0.0150080812745324,26.0,0.0060032325098129,0.0073885938582313,0.0011544677903486,394.84,3.169838945827233,12.0,7.0,0.1120790012444301,0.0,0.0,0.0,0.0,0.0,1247013846.8000002
208,37,66,1982,7,Female,6976 Ocean View Avenue,47.79,-122.2,$33226,$67747,$76650,804,3,14639.81372881356,4541.098983050848,1549.7607275918365,595.7681765792782,5866.0,258.2542372881356,30.364406779661017,73.23941238817993,70.74,1294.39,1.95,63.10152924560439,-77.80596486133295,-75.0,-1.68,-497.0,32.586120952549244,4189.333333333333,118.0,258.2542372881356,0.0233313644418192,0.2862768261468793,0.9769543621873278,0.9807709621898482,10098.714745762712,0.3101671168805207,0.6897645809049628,Service Stations,85.0,415.0,22204.0,0.0136181663057032,30474.0,0.0,30474.0,2263347.7,4.0,0.0001312594342718,99.2125,9.0,9.0,12.0,56.0,0.0,460.0,57.0,603.0,30474.0,0.0197867104183757,74.0,0.0024282198523379,0.0150943396226415,0.001870385561936,5.712499999999999,8.505163271001953,23.0,10.0,0.0079481097234027,0.0,0.0,0.0,0.0,0.0,68973257809.8
623,63,60,1956,4,Male,3283 Park Lane,41.53,-87.87,$32083,$77961,$39811,616,3,3590.6448305084746,536.6016949152543,1187.5376745849026,363.5521368888085,2028.0,49.20338983050848,22.220338983050848,81.54274249422633,66.275,1248.97,1.01,96.78884179719591,-103.8016393442623,-80.0,-50.0,-500.0,84.40413182168571,5174.0,118.0,49.20338983050848,0.0322080606269376,0.290905959352394,1.4656235337763373,1.161673572378798,3054.0431355932205,0.1494027723335012,0.8503188036999904,Service Stations,81.0,299.0,22204.0,0.051498449879435,5806.0,0.0,5806.0,487015.09,5.0,0.0008611780916293,51.426,2.0,2.0,0.0,18.0,1.0,42.0,9.0,74.0,5806.0,0.0127432409161356,22.0,0.0037885310831754,0.0072326502496986,0.0015498536249354,51.426,2.214340198321892,10.0,6.0,0.0580543272267845,0.0,0.0,0.0,0.0,0.0,2827609612.54
1783,52,70,1967,9,Male,2093 Ocean Street,37.78,-122.24,$18443,$37607,$63689,749,5,2879.2735593220336,474.1271186440678,610.7020948175741,277.24174235265855,1482.0,99.77118644067797,29.33050847457627,30.35959967831293,9.07,1410.55,0.29,47.104996146172034,-96.12886597938144,-78.0,-50.0,-492.0,76.01858336815035,5155.0,118.0,99.77118644067797,0.0384778730994648,0.2891361590078994,0.6572382386559501,0.8712403562159541,2405.146440677966,0.1646118359520229,0.8350409748038293,Service Stations,81.0,293.0,50867.0,0.0248874543446869,11773.0,0.0,11773.0,395701.28,7.0,0.0005945808205215,278.32714285714286,2.0,1.0,2.0,30.0,2.0,100.0,30.0,167.0,11773.0,0.0141837948021063,33.0,0.0028027857992186,0.0084932903006624,0.0025479870901987,278.32714285714286,3.4016180294712512,12.0,7.0,0.0373203689139915,0.0,0.0,0.0,0.0,0.0,4658591169.440001
808,38,66,1981,11,Female,1583 Grant Lane,40.78,-73.24,$17679,$36045,$0,683,3,7786.177843137255,206.7843137254902,1007.5793913241,241.08047329261183,1021.0,95.88235294117646,29.51960784313725,82.41051572065996,55.93,1090.53,0.97,67.93306524761702,-147.4965034965035,-87.0,-51.0,-492.0,126.23345654409,2008.3333333333333,102.0,95.88235294117646,0.0185071574642126,0.290081799591002,0.8514376996805112,0.982088953083011,7579.393529411765,0.0265544614353101,0.9733171223373808,Service Stations,67.0,252.0,8371.0,0.0257668711656441,9780.0,0.0,9780.0,815282.14,5.0,0.0005112474437627,70.298,2.0,3.0,1.0,31.0,0.0,76.0,21.0,134.0,9780.0,0.0137000306717104,36.0,0.0036806052550863,0.0077701666496268,0.0021470197321337,70.298,3.248090335436732,11.0,4.0,0.0727255487602522,0.0,0.0,0.0,0.0,0.0,7973459329.2
538,66,69,1954,2,Female,7888 Fourth Street,35.3,-77.15,$14844,$30265,$36789,814,4,3626.997457627119,566.1989830508475,868.025180650339,337.6570201153013,1603.0,78.59322033898304,27.347457627118644,49.62728432282004,35.75,1169.56,0.06,62.43244691864879,-102.7868923076923,-78.0,-1.48,-482.0,86.08588350336775,5477.75,118.0,78.59322033898304,0.0423765365538063,0.2815397886564589,1.0431522613987771,0.9301476846471208,3060.7984745762715,0.1560637761364828,0.843660589712259,Miscellaneous Food Stores,84.0,332.0,43293.0,0.0357990079792969,9274.0,0.0,9274.0,494797.18,3.0,0.0003234850118611,15.816666666666665,3.0,2.0,4.0,12.0,1.0,205.0,17.0,244.0,9274.0,0.0263072776280323,17.0,0.001832884097035,0.0221024258760107,0.001832884097035,15.816666666666668,2.873876665633716,13.0,7.0,0.0704209752429486,0.0,0.0,0.0,0.0,0.0,4588749047.32
227,48,66,1971,9,Male,496 Hill Lane,44.96,-93.26,$40364,$82295,$1555,736,4,6016.291101694915,446.7627118644068,1401.3079665217197,385.4646364430057,1647.0,81.03389830508475,29.008474576271187,77.07331994354575,44.59,1556.36,0.86,120.9255405608886,-150.1937321937322,-89.0,-50.0,-498.0,126.52993802948464,3621.25,118.0,81.03389830508475,0.0786446350135954,0.2867600920309558,1.4753153153153151,1.2109585130427576,5569.528389830508,0.0742464847244244,0.92558732753709,Miscellaneous Food Stores,91.0,461.0,22204.0,0.048211671198494,9562.0,0.0,9562.0,762640.35,22.0,0.0023007738966743,66.56272727272727,3.0,3.0,4.0,27.0,0.0,75.0,19.0,131.0,9562.0,0.0136986301369863,33.0,0.0034507999581721,0.0078427271776639,0.0019868242183415,66.56272727272727,2.793456032719837,12.0,6.0,0.1148542271287391,0.0,0.0,0.0,0.0,0.0,7292367026.7
1196,60,61,1959,6,Female,498 Elm Lane,35.24,-113.76,$17113,$34895,$56622,820,4,4182.782288135593,298.3377966101695,702.5732726278159,338.03062971299425,1426.0,72.4322033898305,28.88135593220339,59.230566422656906,64.06,1004.56,0.08,64.9575755052609,-164.50401869158878,-92.0,-6.86,-495.0,132.74256946117387,2251.5,118.0,72.4322033898305,0.0239850239850239,0.2896922896922897,1.5492841851450572,0.9563007999901674,3884.444491525424,0.0713081551724616,0.9284528266542372,Miscellaneous Food Stores,81.0,282.0,50783.0,0.0329940329940329,8547.0,0.0,8547.0,528772.17,24.0,0.0028080028080028,132.36333333333334,1.0,2.0,2.0,12.0,1.0,98.0,28.0,144.0,8547.0,0.0168460458586803,15.0,0.0017547964436125,0.0114646700982686,0.0032756200280767,119.19666666666666,2.5079225352112675,11.0,6.0,0.1403783454897988,0.0,0.0,0.0,0.0,0.0,4519415736.990001
669,38,62,1981,9,Female,2182 Martin Luther King Street,44.69,-73.45,$20177,$41141,$71060,683,2,3117.872542372881,190.88135593220335,737.5914887725592,226.1306697915344,1044.0,92.70338983050848,29.610169491525426,34.16053481894151,25.205,1531.59,0.43,56.628476240184334,-133.27810650887574,-82.0,-50.0,-478.0,112.64477269470152,4580.0,118.0,92.70338983050848,0.0100557637809671,0.2818356339701984,0.5234918360645952,1.024158570310548,2926.991186440678,0.0612020380246055,0.9384773332910176,Service Stations,77.0,262.0,12014.0,0.0239510010055763,10939.0,0.0,10939.0,390432.96,4.0,0.0003656641374897,96.9575,2.0,1.0,0.0,27.0,0.0,67.0,19.0,116.0,10939.0,0.0106032906764168,30.0,0.0027422303473491,0.0061243144424131,0.0017367458866544,96.9575,3.1307956496851745,13.0,6.0,0.1316759156492785,0.0,0.0,0.0,0.0,0.0,4270946149.44
868,78,64,1941,11,Male,5004 Lake Street,35.46,-97.51,$16016,$31046,$11436,706,6,5635.067118644068,387.3220338983051,1111.4401791578025,315.17185330735896,1391.0,88.92372881355932,29.338983050847457,65.61455693704362,56.34,1162.9,0.62,80.04239320641457,-127.66480446927376,-80.0,-50.0,-499.0,113.0822533057542,4549.166666666667,118.0,88.92372881355932,0.1094062708472315,0.2831411417135233,1.0256582633053222,0.9522456459503826,5247.745084745762,0.0687220406969687,0.9311005306140272,Service Stations,86.0,441.0,27092.0,0.0420280186791194,10493.0,0.0,10493.0,710641.92,13.0,0.0012389211855522,97.64846153846156,2.0,2.0,2.0,32.0,0.0,100.0,8.0,146.0,10493.0,0.0139127120259195,36.0,0.0034305317324185,0.0095292548122736,0.0007623403849818,50.72538461538462,3.030906990179087,14.0,8.0,0.1495678809758232,0.0,0.0,0.0,0.0,0.0,7456765666.56
305,51,65,1968,10,Male,9070 Third Boulevard,44.37,-73.4,$14415,$29388,$21221,755,3,2894.397209302326,125.06976744186046,506.59818143388566,143.86184473082866,539.0,114.0813953488372,29.72093023255814,25.651088211046996,28.885,921.7,0.05,27.751247490296628,-100.5233644859813,-81.0,-50.0,-448.0,79.99402640367313,3590.6666666666665,86.0,114.0813953488372,0.2666394862908979,0.2912037508918561,1.6757012393998696,1.0529795865368503,2769.327441860465,0.0431960654793879,0.9564585587646408,Service Stations,54.0,134.0,39021.0,0.0136581388237692,9811.0,0.0,9811.0,259674.16,15.0,0.001528896136989,225.49866666666665,17.0,35.0,17.0,21.0,2.0,82.0,22.0,196.0,9811.0,0.0199755401549123,73.0,0.0074398695474928,0.0083571137382796,0.0022421524663677,199.76533333333333,3.838419405320814,11.0,7.0,0.0456446964767128,0.0,0.0,0.0,0.0,0.0,2547663183.76
677,40,65,1979,5,Male,855 Sussex Avenue,44.94,-93.1,$32972,$67226,$128174,729,3,4354.506016949153,551.1694915254237,1389.8990157777898,352.8341491962696,2356.0,69.3135593220339,26.64406779661017,67.69851251646904,41.02,1777.79,0.11,113.73293561974012,-110.42105263157896,-79.0,-50.0,-486.0,91.45110937748694,2332.6666666666665,118.0,69.3135593220339,0.1298447242939234,0.2809634429636874,1.482562001477301,1.2564933947528925,3803.3365254237287,0.1265454551963848,0.8732249503555513,Service Stations,80.0,359.0,61195.0,0.0438928964421078,8179.0,0.0,8179.0,578869.71,7.0,0.0008558503484533,58.90857142857143,1.0,1.0,1.0,13.0,2.0,51.0,10.0,79.0,8179.0,0.0096577017114914,15.0,0.0018337408312958,0.0062347188264058,0.0012224938875305,58.90857142857143,2.6014631043257,11.0,6.0,0.0268454312028167,0.0,0.0,0.0,0.0,0.0,4734575358.09
1258,79,65,1940,5,Female,265 Little Creek Street,33.99,-117.53,$19851,$15470,$15349,789,7,3679.099745762712,383.2203389830509,753.6989925959208,316.0915461787867,1489.0,100.02542372881356,29.41525423728813,37.97531228131561,16.425,1002.4,0.91,59.57041080272791,-121.8867924528302,-82.0,-50.0,-500.0,109.55350716977225,3595.0,118.0,100.02542372881356,0.069219689909345,0.2829789036685588,0.2699290654108727,0.857657439615136,3295.8794067796616,0.104133139169473,0.8955951290653347,Service Stations,82.0,358.0,46284.0,0.030331271710582,11803.0,0.0,11803.0,479353.77,10.0,0.0008472422265525,173.077,0.0,0.0,1.0,24.0,0.0,84.0,24.0,133.0,11803.0,0.0112673669942392,24.0,0.0020332090816672,0.0071162317858353,0.0020332090816672,44.877,3.400460962258715,14.0,9.0,0.0792552132858627,0.0,0.0,0.0,0.0,0.0,5657812547.31
1382,58,65,1961,7,Male,16 Eighth Lane,32.79,-96.76,$12693,$25883,$44404,706,4,7000.894661016949,2352.271186440678,785.0518009863654,347.82650309701813,3328.0,185.79661016949152,30.3135593220339,44.97525969076655,42.12,963.65,0.1,35.02419419523437,-78.0562429696288,-76.0,-50.0,-490.0,32.46464159638944,4169.25,118.0,185.79661016949152,0.0382685641306331,0.2845739828498449,1.0286917678033918,0.9875316444011856,4648.62347457627,0.335947811316978,0.6639093701962532,Service Stations,82.0,282.0,49789.0,0.0128626163108921,21924.0,0.0,21924.0,1103673.57,17.0,0.0007754059478197,71.0194117647059,2.0,2.0,2.0,37.0,1.0,750.0,29.0,823.0,21924.0,0.0375370581527936,41.0,0.0018700114025085,0.0342075256556442,0.0013226909920182,71.01941176470588,6.129158512720156,19.0,9.0,0.0095796000273805,0.0,0.0,0.0,0.0,0.0,24196939348.68
1996,46,66,1973,6,Female,7853 Grant Street,29.43,-95.24,$21956,$44768,$59862,728,3,3378.557711864407,463.8050847457627,831.1301564113946,266.0514139141517,1328.0,64.14406779661017,26.38135593220339,56.96096728104015,49.26,896.69,0.47,58.30636643563437,-96.0157894736842,-78.5,-50.0,-499.0,74.08382249537868,5488.333333333333,118.0,64.14406779661017,0.3707226846346941,0.293565860747787,1.0897339733973397,0.9001173275597342,2914.7526271186443,0.1372383975327631,0.8624657057596621,Service Stations,73.0,203.0,26810.0,0.0268199233716475,7569.0,0.0,7569.0,453398.81,13.0,0.0017175320385784,141.31846153846158,1.0,1.0,1.0,21.0,1.0,51.0,11.0,87.0,7569.0,0.0114927344782034,23.0,0.0030383091149273,0.0067371202113606,0.001453104359313,76.70307692307692,2.431416639897205,11.0,6.0,0.0584323040380047,0.0,0.0,0.0,0.0,0.0,3431775592.89
1622,41,61,1979,1,Female,1063 Federal Boulevard,42.15,-71.13,$38878,$79271,$211919,759,1,5418.339915254237,554.6864406779661,998.813945285394,341.7568911303563,1647.0,91.20338983050848,28.56779661016949,62.8738430524142,16.11,2147.33,1.91,96.6505478815504,-110.3760539629005,-81.0,-50.0,-492.0,93.63901664975032,5296.0,118.0,91.20338983050848,0.3033822709533544,0.2760639286377996,1.246529035373657,0.9585158820392932,4863.653474576271,0.1023531369782963,0.8974623387040491,Miscellaneous Food Stores,86.0,428.0,22204.0,0.0397695595614198,10762.0,0.0,10762.0,704817.11,7.0,0.0006504367217989,161.69285714285712,1.0,2.0,2.0,49.0,0.0,80.0,20.0,154.0,10762.0,0.0143082783610517,52.0,0.0048313667193161,0.007432871875871,0.0018582179689677,161.69285714285712,3.192524473450015,12.0,6.0,0.0913007608396736,0.0,0.0,0.0,0.0,0.0,7585241737.82
96,69,66,1950,12,Female,20 Oak Street,33.89,-117.78,$38948,$99825,$4344,685,4,25441.670762711863,4714.778813559322,2643.564512818717,580.5037043326074,6514.0,327.26271186440675,30.39830508474576,94.70699864349032,87.71,4729.38,0.3,110.48432252125676,-80.41976004625614,-75.0,-13.9,-494.0,42.2438693131903,3887.75,118.0,327.26271186440675,0.0390760545873579,0.2851852810938188,1.0492900265105758,0.9700005265007762,20726.89194915254,0.1853099015245358,0.8146507944256132,Service Stations,90.0,348.0,61195.0,0.009011575212989,38617.0,0.0,38617.0,3558461.05,12.0,0.0003107439728616,174.80249999999998,3.0,4.0,5.0,76.0,1.0,445.0,86.0,620.0,38617.0,0.0160546895230203,83.0,0.002149256823243,0.0115231239318452,0.002226940804806,125.13583333333332,10.765821020351268,24.0,11.0,0.0197089970627932,0.0,0.0,0.0,0.0,0.0,137417090367.85
1248,51,71,1968,7,Female,32299 Federal Street,42.68,-89.01,$21278,$43386,$2192,698,3,3168.987288135593,212.25635593220335,891.806253493639,271.0418378108299,1267.0,74.33050847457628,27.906779661016948,43.53207217694994,21.715,964.3,0.54,62.48132239302996,-138.37707182320443,-81.0,-2.25,-494.0,126.53195308669544,4067.6666666666665,118.0,74.33050847457628,0.2453540075247976,0.2877665032493444,0.3133358042252251,0.9128536204782768,2956.73093220339,0.0669581094935685,0.9327264318281766,Miscellaneous Food Stores,78.0,269.0,35557.0,0.0306692509405997,8771.0,0.0,8771.0,398986.75,4.0,0.0004560483411241,67.53,2.0,6.0,3.0,3.0,0.0,63.0,18.0,95.0,8771.0,0.0108299133606931,11.0,0.0012539899680802,0.0071819425444596,0.0020519835841313,67.53,2.6635286972365626,13.0,7.0,0.0692291568934713,8.983022088253202e-05,0.0,0.0,0.0,0.0,3499512784.25
525,55,66,1964,4,Male,959 Tenth Street,38.29,-120.58,$18223,$37147,$0,703,3,4292.163148148148,318.23148148148147,990.5010492331912,260.07815527283543,1031.0,102.19444444444444,29.694444444444443,43.161417132216016,22.79,1448.22,0.94,65.9158975442727,-115.72053872053873,-81.0,-50.0,-487.0,101.44885884952556,3063.333333333333,108.0,102.19444444444444,0.1100842620277249,0.282232490713056,1.2480848379247154,0.9756581597999592,3973.931666666667,0.0741251777535522,0.9256418937586424,Miscellaneous Food Stores,80.0,262.0,3418.0,0.0237383346923982,11037.0,0.0,11037.0,497922.62,3.0,0.000271812992661,47.21666666666667,12.0,14.0,16.0,38.0,1.0,58.0,29.0,168.0,11037.0,0.0152201485776408,64.0,0.0057981518391012,0.0052545751041855,0.0026272875520927,47.21666666666667,3.441534144059869,11.0,6.0,0.0878382310154204,0.0,0.0,0.0,0.0,0.0,5495571956.94
2,48,64,1971,8,Male,6035 Forest Avenue,40.84,-73.87,$13461,$27447,$80850,673,5,2813.1124576271186,342.4830508474576,486.11122900949545,198.7958938272584,1157.0,89.9322033898305,29.16949152542373,32.85305522565321,24.32,519.02,0.08,35.76474541124138,-79.55314960629921,-75.5,-50.0,-476.0,37.04114575998276,3712.8,118.0,89.9322033898305,0.0267621560497549,0.2840180927252167,1.0285287187412906,0.8592157580087936,2470.629406779661,0.1217019774455786,0.8779426707285589,Service Stations,67.0,146.0,83271.0,0.0137580098002261,10612.0,0.0,10612.0,372360.27,3.0,0.0002826988315114,130.1233333333333,2.0,3.0,2.0,24.0,0.0,87.0,13.0,131.0,10612.0,0.0123433524922265,29.0,0.0027324978799585,0.0081974936398756,0.00122491284274,130.1233333333333,3.083091226031377,10.0,7.0,0.0112832186865937,0.0,0.0,0.0,0.0,0.0,3951487185.24
576,68,64,1951,6,Female,478 Hill Avenue,33.95,-84.54,$30747,$63502,$24100,638,7,4424.863728813559,445.6186440677966,1227.61020671065,373.3952769007944,1714.0,82.08474576271186,28.533898305084747,56.137395978927,28.63,1612.27,0.43,89.87364566579785,-136.57922077922078,-85.0,-50.0,-499.0,122.4305482730225,3164.8571428571427,118.0,82.08474576271186,0.1132562461284327,0.2743134420813545,0.8551899847391428,0.8546210813285848,3979.245084745762,0.1006851252935556,0.8990889301086724,Miscellaneous Food Stores,85.0,362.0,61195.0,0.03737352880446,9686.0,0.0,9686.0,574716.92,16.0,0.0016518686764402,97.923125,5.0,3.0,2.0,27.0,0.0,87.0,13.0,137.0,9686.0,0.014142665427893,35.0,0.0036130897078558,0.0089811087023846,0.0013420047486321,59.673125000000006,2.8767448767448767,10.0,6.0,0.1340521831735889,0.0,0.0,0.0,0.0,0.0,5566708087.120001
1551,47,70,1972,12,Male,148 Hillside Boulevard,40.15,-89.36,$17510,$35699,$63264,687,5,8566.604237288137,339.06779661016947,829.9247695937933,281.2365773834397,1433.0,119.44915254237289,30.23728813559322,73.42625844410547,56.38,493.0,0.13,60.36983130421415,-121.98170731707316,-81.0,-50.0,-493.0,106.6597936945311,3469.2,118.0,119.44915254237289,0.0496630010642071,0.2871230932954948,1.9464812584018576,1.0713962302152067,8227.536440677966,0.039575567126977,0.9603077141296842,Service Stations,74.0,306.0,96246.0,0.0217098261794962,14095.0,0.0,14095.0,1050869.3,5.0,0.0003547357218871,85.62,14.0,14.0,11.0,21.0,3.0,121.0,26.0,210.0,14095.0,0.0148978433598183,49.0,0.0034761634506242,0.0085839954597048,0.0018444948921679,85.62,3.9503923766816142,13.0,7.0,0.0646822123915923,0.0,0.0,0.0,0.0,0.0,14812002783.5
171,43,70,1976,5,Female,5194 Grant Street,34.83,-82.37,$24314,$49577,$142314,694,3,9552.145084745764,2363.366186440678,1192.3663364519473,402.6300913850718,3466.0,148.46610169491527,29.703389830508478,80.32160763913633,72.0,1973.74,1.49,75.07653194629421,-79.99919965576592,-76.0,-1.7,-489.0,40.2478676297556,5995.0,118.0,148.46610169491527,0.0227181916776071,0.2844340430389862,0.9277988238903726,0.9526301817495748,7188.778898305085,0.2473914261193882,0.752503896312007,Miscellaneous Food Stores,90.0,354.0,59935.0,0.0202066327986757,17519.0,0.0,17519.0,1406030.33,21.0,0.0011986985558536,114.22285714285714,4.0,2.0,3.0,42.0,14.0,340.0,32.0,437.0,17519.0,0.0249429223744292,48.0,0.0027397260273972,0.0194063926940639,0.0018264840182648,90.50857142857144,4.998288159771755,18.0,11.0,0.0132889550603469,0.0,0.0,0.0,0.0,0.0,24632245351.27
961,76,63,1944,2,Male,3031 Essex Street,28.2,-82.59,$34909,$26660,$28332,721,4,5501.807118644068,527.5932203389831,1043.3907652457792,350.1140775576879,1582.0,106.58474576271186,29.93220338983051,55.2804189373297,44.235,972.19,0.87,64.20608269303533,-104.10702341137124,-80.0,-50.0,-499.0,86.66127238561401,3491.75,118.0,106.58474576271186,0.5071161644271289,0.2848055975192812,0.5738989872689894,0.886700239082662,4974.2138983050845,0.0958771058050433,0.9039411687631108,Miscellaneous Food Stores,81.0,367.0,68490.0,0.0291802496620815,12577.0,0.0,12577.0,711469.24,6.0,0.0004770613023773,178.64999999999998,1.0,2.0,1.0,21.0,0.0,247.0,25.0,297.0,12577.0,0.0236126570201939,24.0,0.0019080934965813,0.0196374622356495,0.0019875973922722,178.64999999999998,3.560872027180068,14.0,6.0,0.0656793613569558,0.0,0.0,0.0,0.0,0.0,8948148631.48
1490,30,69,1989,4,Female,145 Spruce Street,39.86,-104.86,$20522,$41839,$46226,761,4,3508.3536440677963,541.4406779661017,792.2795269786501,317.26263870948304,1649.0,85.28813559322033,28.584745762711865,43.812650015874695,15.43,892.3,0.05,65.1288341510507,-103.88617886178862,-78.0,-50.0,-496.0,87.47196882337603,1961.75,118.0,85.28813559322033,0.02931240063593,0.28060413354531,1.1523998047325532,1.2147219640375964,2966.9129661016946,0.154285014530055,0.8454300327118521,Miscellaneous Food Stores,73.0,248.0,61195.0,0.0246422893481717,10064.0,0.0,10064.0,477875.73,8.0,0.0007949125596184,132.99374999999998,2.0,7.0,1.0,17.0,0.0,57.0,15.0,99.0,10064.0,0.0098360655737704,26.0,0.0025832091405861,0.0056631892697466,0.0014903129657228,132.99375,2.9836940409131336,11.0,7.0,0.0774443974894742,0.0,0.0,0.0,0.0,0.0,4809341346.72
1534,36,65,1983,7,Male,1531 North Lane,39.9,-74.99,$39626,$80794,$3867,803,2,9536.917711864407,455.9745762711864,1414.243521534538,311.74889801968123,1343.0,167.0677966101695,30.39830508474576,58.23619799213414,35.395,2662.39,0.69,86.3535982730185,-137.96153846153845,-85.0,-50.0,-493.0,117.7804198866731,2951.5,118.0,167.0677966101695,0.0547834026580095,0.2862432788880998,0.8717904946163136,1.0845712986234957,9080.94313559322,0.0478065118662106,0.9520886434464888,Service Stations,85.0,477.0,18563.0,0.0241960028406208,19714.0,0.0,19714.0,1179161.29,7.0,0.0003550776098204,49.58142857142857,34.0,30.0,40.0,43.0,0.0,126.0,46.0,319.0,19714.0,0.0161805731676388,107.0,0.0054273395891453,0.0063910727872178,0.0023332487953335,49.58142857142857,5.495957624756064,16.0,6.0,0.1307103297030071,0.0,0.0,0.0,0.0,0.0,23245985671.06
416,86,65,1933,8,Female,5220 Lincoln Street,36.17,-86.78,$20030,$38273,$1658,765,6,2326.533559322034,463.5508474576271,725.3998943094394,283.5924184205221,1459.0,80.0,28.02542372881356,31.929630146545712,16.415,1148.98,0.03,55.78553123566452,-92.0858585858586,-77.0,-50.0,-496.0,71.98330588283268,5198.833333333333,118.0,80.0,0.0145127118644067,0.2942796610169491,0.9106869373575884,0.7837794624256985,1862.9827118644064,0.1991596836922302,0.8004106769601457,Service Stations,68.0,222.0,61195.0,0.0235169491525423,9440.0,0.0,9440.0,329229.96,2.0,0.0002118644067796,451.365,0.0,1.0,0.0,26.0,1.0,58.0,13.0,99.0,9440.0,0.0104861773117254,27.0,0.0028598665395614,0.0061434170109098,0.0013769727783073,451.365,2.854550952524947,12.0,6.0,0.0505301645338208,0.0,0.0,0.0,0.0,0.0,3107930822.4
1202,63,65,1956,10,Female,881 Ocean View Street,41.83,-87.68,$0,$4,$0,691,3,1004.2255084745764,24.83050847457627,247.72415240501272,110.96132421494488,839.0,85.66101694915254,29.940677966101696,11.734859378094672,8.88,494.0,0.05,16.920093988901957,-293.0,-279.0,-139.0,-494.0,114.39696965683432,3235.6666666666665,118.0,85.66101694915254,0.0040561931143648,0.2823506133755441,10.080188027098025,0.9347614409504006,979.395,0.0247014309378762,0.9743037674066052,"Lighting, Fixtures, Electrical Supplies",55.0,131.0,79972.0,0.0129600316580926,10108.0,0.0,10108.0,121428.61,13.0,0.0012861100118717,125.60153846153848,0.0,1.0,3.0,1.0,0.0,0.0,11.0,16.0,10108.0,0.0015827480462953,2.0,0.0001978435057869,0.0,0.001088139281828,125.60153846153844,2.861024624964619,9.0,3.0,0.0607301262367792,0.0,0.0,0.0,0.0,0.0,1227400389.88
503,47,61,1973,2,Female,54 Valley Lane,41.83,-87.68,$14497,$29564,$54279,694,2,1654.4549152542372,11.85593220338983,215.5959957358744,62.93712442727941,498.0,83.70338983050847,29.322033898305083,19.777700334312637,18.59,498.0,0.21,12.204093464262606,-233.16666666666663,-193.5,-58.0,-498.0,160.98995827897673,4990.5,118.0,83.70338983050847,0.4547939657790827,0.2889541358712159,0.0,1.007135867390046,1642.5989830508474,0.0071617366888962,0.992234199744778,Semiconductors and Related Devices,43.0,160.0,32175.0,0.0161992507846512,9877.0,0.0,9877.0,196624.68,6.0,0.0006074719044244,97.85833333333336,4.0,0.0,3.0,38.0,0.0,41.0,19.0,105.0,9877.0,0.010629682121887,42.0,0.0042518728487548,0.0041506377809273,0.0019234662887224,28.191666666666663,2.8546242774566477,10.0,4.0,0.1271428571428571,0.0,0.0,0.0,0.0,0.0,1942061964.36
465,47,72,1972,5,Male,38318 West Drive,34.42,-84.11,$20581,$41965,$55700,724,2,2230.181949152542,332.7457627118644,685.6134986793815,271.02137255869945,1009.0,53.53389830508475,25.059322033898304,43.86755625937656,20.17,1002.4,0.28,71.11267708697676,-123.47169811320757,-81.5,-50.0,-488.0,104.78560423923884,5249.5,118.0,53.53389830508475,0.1157194870983061,0.2825708405888871,1.1820807483224698,1.3499209861803374,1897.4361864406776,0.1491343020403376,0.8504175050185264,Miscellaneous Food Stores,82.0,287.0,59935.0,0.0454329586829191,6317.0,0.0,6317.0,302425.47,11.0,0.001741332911192,145.18727272727273,0.0,2.0,1.0,17.0,0.0,53.0,8.0,81.0,6317.0,0.0128205128205128,19.0,0.0030072807850585,0.0083887306109528,0.0012662234884457,145.18727272727273,2.1362867771389924,9.0,6.0,0.0755634789252514,0.0,0.0,0.0,0.0,0.0,1910421693.99
480,50,68,1969,11,Male,749 Oak Street,37.91,-122.01,$42234,$86113,$177353,713,6,5991.451949152542,760.0174576271186,1713.9720649885528,466.7840025349423,2497.0,91.864406779661,28.93220338983051,69.37408792071435,33.42,1916.45,0.14,158.42727197706185,-138.18499229583975,-84.0,-3.06,-500.0,121.50803708509606,3910.1666666666665,118.0,91.864406779661,0.129520295202952,0.2867158671586716,0.733062723385047,0.8157469159660322,5231.434491525423,0.1268291283895236,0.8730039950116343,Miscellaneous Food Stores,90.0,502.0,50867.0,0.0463099630996309,10840.0,1.0,10840.0,796673.39,9.0,0.000830258302583,144.10111111111112,5.0,8.0,5.0,27.0,2.0,48.0,18.0,113.0,10840.0,0.0104233926759524,40.0,0.003689696522461,0.0044276358269532,0.0016603634351074,144.10111111111112,3.1751611013473933,12.0,7.0,0.1200561176213211,0.0,0.0,0.0,1.0,0.0,8635939547.6
1664,38,66,1981,10,Male,311 Fifth Drive,42.27,-83.73,$34119,$69566,$50003,791,4,4233.352796610169,549.3050847457627,1165.9756870006886,391.9342895490923,2109.0,154.55084745762713,30.228813559322035,28.30069854399184,4.0,1529.52,0.04,73.17597507080451,-110.61092150170649,-80.0,-50.0,-498.0,94.93729185515252,3773.5,118.0,154.55084745762713,0.0252782804189285,0.2863957887810495,0.7370869173939432,1.0416690436673894,3684.047711864407,0.1297258662966183,0.8700379701034094,Service Stations,83.0,334.0,14528.0,0.0183144157482042,18237.0,0.0,18237.0,564353.63,1.0,5.483358008444371e-05,2.41,2.0,3.0,2.0,48.0,0.0,104.0,41.0,200.0,18237.0,0.0109661147055598,53.0,0.0029060203969733,0.0057023796468911,0.0022480535146397,2.41,5.112699747687132,14.0,6.0,0.0625588176306329,0.0,0.0,0.0,0.0,0.0,10292117150.31
1820,60,65,1959,7,Female,822 Lake Drive,25.77,-80.2,$18828,$38394,$69393,693,5,2039.2642372881355,215.88983050847455,554.5671543104689,192.81716169577712,1043.0,33.97457627118644,19.008474576271187,64.32322373696873,60.0,850.05,0.02,58.53768007019466,-95.05597014925372,-78.0,-50.0,-493.0,77.29243463053297,3585.4,118.0,33.97457627118644,0.1217261162384634,0.2843601895734597,1.2930047801790885,0.946115700776844,1823.374406779661,0.1058146423207562,0.8936952250867473,Service Stations,67.0,135.0,27092.0,0.0336742329758044,4009.0,0.0,4009.0,266108.18,17.0,0.0042404589673235,125.17058823529412,2.0,0.0,0.0,8.0,0.0,65.0,5.0,80.0,4009.0,0.0199501246882793,10.0,0.0024937655860349,0.0162094763092269,0.0012468827930174,73.64117647058822,1.787338386090058,9.0,4.0,0.0157403046004082,0.0,0.0,0.0,0.0,0.0,1066827693.62
376,50,74,1969,4,Female,818 12th Lane,39.8,-74.62,$28433,$57975,$34570,773,4,7771.577542372882,299.542372881356,1319.0286562006618,324.0498443264501,1705.0,175.83898305084745,30.406779661016948,44.65119047619048,23.27,1322.91,0.19,72.66329452463343,-167.5165876777251,-92.0,-50.0,-492.0,135.1791878166783,3795.25,118.0,175.83898305084745,0.0250132536507783,0.2885922213118704,0.3105810780077325,0.9789006598878128,7472.035169491526,0.0385383576102489,0.961332984940591,Miscellaneous Food Stores,94.0,438.0,87071.0,0.0211094510578823,20749.0,0.0,20749.0,952392.15,13.0,0.0006265362186129,106.22,28.0,25.0,16.0,36.0,0.0,136.0,47.0,288.0,20749.0,0.0138795180722891,89.0,0.004289156626506,0.0065542168674698,0.0022650602409638,106.22,5.78288740245262,14.0,7.0,0.1182278552635301,0.0,0.0,0.0,0.0,0.0,19761184720.35
134,43,67,1976,12,Male,924 First Drive,31.84,-106.43,$24608,$50174,$145300,643,4,4194.239784946237,301.89247311827955,1356.7741043147464,308.9971317710413,1053.0,67.79569892473118,26.6989247311828,63.51804266406123,26.46,1265.24,1.12,115.93859889017878,-171.1951219512195,-96.0,-50.0,-495.0,134.02077844801997,1604.5,93.0,67.79569892473118,0.046629659000793,0.2816812053925456,0.1972696733614466,1.0372870795832403,3892.347311827957,0.0719607194329056,0.9278009151693432,Miscellaneous Food Stores,82.0,298.0,6836.0,0.0472640761300555,6305.0,0.0,6305.0,418140.3,2.0,0.0003172085646312,73.565,2.0,3.0,2.0,0.0,1.0,48.0,12.0,68.0,6305.0,0.0107833809070726,5.0,0.0007928956549318,0.0076117982873453,0.0019029495718363,73.565,2.5392670157068062,12.0,8.0,0.1140079068276525,0.0,0.0,0.0,0.0,0.0,2636374591.5
897,30,64,1989,8,Female,847 Martin Luther King Lane,31.07,-83.19,$13238,$26996,$33332,501,2,1621.0919512195123,256.0731707317073,555.1688770059949,204.91954399762636,827.0,61.63414634146341,25.48780487804878,27.45343659644775,9.76,773.0,0.55,44.35728682396243,-99.04716981132076,-79.0,-50.0,-483.0,75.37428917146897,562.0,41.0,61.63414634146341,0.2354570637119113,0.2999604273842501,1.872403776325345,1.49286567472264,1365.018780487805,0.1578660017018072,0.8415175104355608,Service Stations,50.0,138.0,28395.0,0.0546102097348634,2527.0,0.0,2527.0,76963.77,1.0,0.000395726157499,19.76,0.0,1.0,1.0,8.0,0.0,10.0,3.0,23.0,2527.0,0.0090981012658227,9.0,0.0035601265822784,0.0039556962025316,0.0011867088607594,19.76,2.418181818181818,9.0,6.0,0.0618095238095238,0.0,0.0,0.0,0.0,0.0,194487446.79
795,40,58,1979,3,Female,73 Oak Street,32.79,-96.76,$37234,$75918,$94579,759,2,8234.935847457627,519.7853389830508,1087.5276964468628,371.79299855405526,1820.0,136.5677966101695,30.347457627118644,62.53442499517344,62.68,1320.67,0.7,69.60667227222221,-106.48380208333332,-80.0,-4.67,-500.0,93.4740414816345,3347.5,118.0,136.5677966101695,0.0538628606887992,0.2855724480297859,0.9466887737658124,0.9977923903732804,7715.150508474577,0.0631118732115312,0.9367667076785436,Miscellaneous Food Stores,86.0,324.0,20884.0,0.0201054917778467,16115.0,0.0,16115.0,1033057.1,1.0,6.205398696866273e-05,53.59,2.0,7.0,4.0,47.0,1.0,94.0,28.0,183.0,16115.0,0.0113551749813849,56.0,0.0034748076445768,0.0058327128319682,0.0017374038222884,53.59,4.5001396258028485,16.0,6.0,0.0679865402953941,0.0,0.0,0.0,0.0,0.0,16647715166.5
1067,76,63,1943,12,Male,343 Lafayette Drive,37.54,-97.25,$24531,$41790,$24676,719,5,3922.237288135593,415.83898305084745,864.6777634952692,338.803197048937,1810.0,117.99152542372882,30.0,34.13659831833604,13.705,1113.14,0.29,62.50700309958429,-134.43561643835616,-82.0,-50.0,-497.0,122.9338441872931,3188.6,118.0,117.99152542372882,0.0325360913596207,0.2868634633340515,1.1710597996898966,0.9599310738762584,3506.398305084745,0.105993839401048,0.8937512690574628,Service Stations,89.0,481.0,61195.0,0.034547152194211,13923.0,0.0,13923.0,511893.0,10.0,0.0007182360123536,68.604,2.0,6.0,5.0,9.0,2.0,103.0,31.0,158.0,13923.0,0.0113473139902326,17.0,0.0012209135305946,0.007397299626544,0.0022263717322608,68.604,3.933050847457627,14.0,7.0,0.136539637252904,0.0,0.0,0.0,0.0,0.0,7127086239.0
3,49,65,1970,12,Male,840 Elm Avenue,33.89,-98.51,$13705,$27943,$18693,681,4,2430.597118644068,51.90677966101695,543.3490617954728,126.22012973462094,860.0,50.85593220338984,27.15254237288136,48.22775517067429,50.88,990.2,0.39,37.04166185806807,-113.42592592592592,-82.5,-50.0,-384.0,87.44563849914249,3058.5,118.0,50.85593220338984,0.0631561406432261,0.28328611898017,5.292418992035991,1.2447435223705352,2378.690338983051,0.0213467844911585,0.9782419631708892,Service Stations,62.0,162.0,61195.0,0.026995500749875,6001.0,0.0,6001.0,292935.46,17.0,0.0028328611898017,133.20823529411766,4.0,2.0,1.0,32.0,0.0,152.0,14.0,205.0,6001.0,0.034155281572809,38.0,0.0063312229256914,0.0253248917027657,0.0023325558147284,133.20823529411766,1.8729712858926344,10.0,6.0,0.133039503754489,0.0,0.0,0.0,0.0,0.0,1757905695.46
461,42,68,1977,12,Female,28 Hillside Boulevard,42.3,-83.48,$32078,$65403,$80057,784,4,7143.385169491525,571.2627118644068,1000.9492361623054,325.46932393074064,1993.0,177.91525423728814,30.389830508474574,41.39872550464122,26.71,2554.95,0.63,54.69748743103744,-106.4913112164297,-79.0,-50.0,-499.0,90.19581547988685,2586.0,118.0,177.91525423728814,0.4284557492616938,0.2819376964847099,0.9673256202362516,0.8862124663713571,6572.122457627118,0.0799596743893168,0.9199003555535996,Service Stations,85.0,478.0,61195.0,0.022768410021911,20994.0,0.0,20994.0,910328.45,15.0,0.000714489854244,319.11066666666665,0.0,1.0,4.0,75.0,2.0,130.0,53.0,265.0,20994.0,0.0126220528697308,76.0,0.0036199095022624,0.0061919504643962,0.0025244105739461,319.11066666666665,5.854433909648634,15.0,6.0,0.0483014389556445,0.0,0.0,0.0,0.0,0.0,19111435479.3
783,62,61,1957,9,Male,641 Martin Luther King Avenue,35.31,-106.55,$15966,$29769,$14542,693,3,2171.817288135593,246.7372881355932,720.0418834941099,299.2659231949828,1672.0,53.10169491525424,25.483050847457623,42.17815009874918,13.72,954.51,0.23,66.09267940088368,-154.04761904761904,-90.0,-50.0,-499.0,129.4445698225111,5944.333333333333,118.0,53.10169491525424,0.0818704117459304,0.2891796999680817,0.4310096292452285,1.038538860140158,1925.08,0.1135563903522272,0.8859833776690139,Miscellaneous Food Stores,79.0,303.0,61195.0,0.0483562081072454,6266.0,0.0,6266.0,285389.44,17.0,0.0027130545802744,96.22411764705885,6.0,4.0,3.0,7.0,1.0,92.0,9.0,122.0,6266.0,0.0194670496250199,17.0,0.0027126216690601,0.0146800702090314,0.0014360938247965,96.22411764705885,2.083804456268706,11.0,6.0,0.1793515592801209,0.0,0.0,0.0,0.0,0.0,1788250231.04
1201,60,66,1959,11,Male,175 Valley Drive,42.36,-71.36,$56632,$115465,$195657,715,4,5998.832627118644,521.8983050847457,1360.5164838131243,412.6864953156405,1703.0,58.16101694915254,24.95762711864407,109.7801256203474,91.16,1693.08,1.64,139.76563672191614,-148.39518072289155,-89.0,-50.0,-500.0,123.29138721051582,3575.75,118.0,58.16101694915254,0.134780708145126,0.2769925688474428,1.4227362122001648,1.2129941012051793,5476.934322033899,0.0869854773491209,0.912847851334836,Miscellaneous Food Stores,90.0,433.0,61195.0,0.063091942299286,6863.0,0.0,6863.0,769446.25,5.0,0.000728544368352,134.554,4.0,3.0,3.0,28.0,1.0,46.0,15.0,100.0,6863.0,0.0145687645687645,35.0,0.0050990675990675,0.0067016317016317,0.0021853146853146,134.554,2.330390492359932,9.0,6.0,0.1642283023463505,0.0,0.0,0.0,0.0,0.0,5280709613.75
211,43,71,1976,5,Male,441 River Street,34.61,-114.3,$14214,$28983,$36482,755,3,2063.5850847457627,163.38135593220338,569.050936957806,218.02097129159856,980.0,105.5677966101695,29.8135593220339,19.782520107238607,2.67,745.64,0.18,42.53770630038958,-130.26351351351352,-78.0,-50.0,-488.0,116.56345452923456,4899.333333333333,118.0,105.5677966101695,0.0394958657782772,0.2842578469936582,0.8733255985655521,0.934003410373692,1900.2037288135596,0.0791352011304113,0.9203804400473784,Miscellaneous Food Stores,72.0,195.0,14528.0,0.0156538492413903,12457.0,0.0,12457.0,262782.04,8.0,0.0006422091996467,112.81625,6.0,2.0,2.0,32.0,0.0,62.0,25.0,129.0,12457.0,0.0103547921014609,40.0,0.003210788248515,0.0049767217851982,0.0020067426553218,37.56625,3.540932347924957,11.0,6.0,0.108661825726141,0.0,0.0,0.0,0.0,0.0,3273475872.28
1702,53,68,1967,2,Female,75011 Lafayette Drive,33.99,-117.53,$19851,$40470,$87086,691,5,2818.2228813559323,448.771186440678,885.9246526730411,264.1487993963099,1345.0,69.77118644067797,26.338983050847457,43.40821041639472,26.14,1172.6,0.35,58.89823406476976,-92.57867132867132,-78.0,-50.0,-492.0,67.85365239425435,3883.2,118.0,69.77118644067797,0.144661727195433,0.2853151949471638,1.5582289154263975,1.295208213224901,2369.4516949152544,0.159182585175684,0.8404627071470291,Miscellaneous Food Stores,83.0,327.0,59926.0,0.039718207214867,8233.0,0.0,8233.0,385505.3,18.0,0.0021863233329284,58.892222222222216,7.0,3.0,4.0,23.0,0.0,56.0,14.0,107.0,8233.0,0.0129948991984454,33.0,0.0040077726499878,0.0068010687393733,0.0017002671848433,58.892222222222216,2.6489703989703988,12.0,6.0,0.0399577007326837,0.0,0.0,0.0,0.0,0.0,3173865134.9
658,40,64,1980,2,Female,7476 First Lane,29.67,-82.33,$25812,$52630,$68559,725,4,5795.722627118645,365.427372881356,1053.6512930378767,346.41187200207133,2329.0,120.11016949152544,30.21186440677966,49.40725834416992,31.765,1203.65,0.86,68.07024185056605,-130.27320241691842,-83.0,-0.43,-499.0,116.3321743348375,4366.25,118.0,120.11016949152544,0.1993226557538982,0.2808156353630142,1.2090794446235171,1.0665355571315267,5430.295254237289,0.0630403413079983,0.9367871474189382,Miscellaneous Food Stores,82.0,371.0,39021.0,0.0261765328441402,14173.0,0.0,14173.0,727015.7,6.0,0.0004233401538135,99.00166666666668,9.0,18.0,14.0,26.0,2.0,79.0,21.0,169.0,14173.0,0.0119232397347255,53.0,0.0037392408635529,0.0055735854381261,0.0014815860025398,99.00166666666668,3.975596072931277,12.0,6.0,0.1476296124687887,0.0,0.0,0.0,0.0,0.0,10303993516.099998
1720,55,60,1964,5,Female,4941 Ocean View Drive,32.75,-97.33,$12175,$24827,$60261,590,1,5568.599152542372,219.0254237288136,620.9414803270341,223.2915177793641,1458.0,69.13559322033899,28.59322033898305,83.27141046762134,83.26,596.04,0.87,60.0101306016667,-96.79775280898876,-78.0,-50.0,-480.0,71.5638176380435,5326.0,118.0,69.13559322033899,0.0469477813189507,0.2921059083108605,1.018664979436887,0.9790045316087924,5349.573728813559,0.0393251682446185,0.9604952856206216,Service Stations,64.0,117.0,27092.0,0.0143417504290267,8158.0,0.0,8158.0,682939.7,3.0,0.0003677371904878,92.90666666666668,4.0,2.0,1.0,22.0,0.0,61.0,20.0,110.0,8158.0,0.0134820443681823,28.0,0.0034317931119009,0.0074764064223556,0.0024512807942149,92.90666666666664,2.4179016004742144,11.0,6.0,0.06205989321365,0.0,0.0,0.0,0.0,0.0,5571422072.599999
814,72,65,1948,1,Male,9380 Hill Drive,27.98,-80.66,$15318,$16302,$14408,748,4,4004.219237288136,591.1440677966102,1138.5570432459915,392.32104146972887,2003.0,102.6186440677966,29.56779661016949,41.20141873038019,17.415,1723.05,0.41,91.05908258565418,-108.82215288611545,-79.0,-50.0,-499.0,92.89439337754908,3537.5,118.0,102.6186440677966,0.0654058964406639,0.2760756462135602,0.6205186381023023,0.901566209427114,3413.075169491525,0.1475934356584344,0.8521568901188189,Miscellaneous Food Stores,82.0,433.0,22204.0,0.035758526715666,12109.0,0.0,12109.0,542252.87,6.0,0.0004954992154595,80.44,1.0,1.0,0.0,30.0,2.0,105.0,19.0,158.0,12109.0,0.013047068538398,32.0,0.0026424442609413,0.0086705202312138,0.0015689512799339,80.44,3.470621954714818,13.0,9.0,0.0859424278915075,0.0,0.0,0.0,0.0,0.0,6566140002.83
161,31,70,1988,11,Male,237 Hill Lane,31.56,-97.18,$11512,$23469,$22976,731,3,3752.170847457626,405.1949152542373,578.5679657931388,227.4343808239247,1168.0,122.22881355932203,30.1271186440678,31.87589344852412,18.47,777.34,0.3,36.485188008035976,-89.70544090056285,-77.0,-50.0,-497.0,66.55958315253109,2231.333333333333,118.0,122.22881355932203,0.0619843305830964,0.2835748457325105,1.6562189379593553,0.9408577076120496,3346.975932203389,0.1079606902330901,0.8917728683922312,Service Stations,69.0,260.0,26810.0,0.0180267628094016,14423.0,0.0,14423.0,490569.16,2.0,0.0001386674062261,91.64,7.0,4.0,3.0,43.0,0.0,166.0,23.0,246.0,14423.0,0.0170549084858569,54.0,0.0037437603993344,0.0115085967831392,0.0015945646145313,91.64,4.057102672292546,14.0,6.0,0.041515037436734,0.0,0.0,0.0,0.0,0.0,7075478994.679999
1973,58,65,1962,1,Female,501 Grant Lane,34.87,-85.5,$15950,$32520,$29433,731,4,2743.847288135593,246.33898305084745,964.0476122526412,259.44741477115474,1003.0,41.22033898305085,21.91525423728813,69.2712836970475,48.41,2782.7,0.63,106.30689611411007,-152.98947368421054,-89.0,-50.0,-491.0,125.04720757143936,3614.0,118.0,41.22033898305085,0.0672286184210526,0.2925575657894737,0.8499124343257443,1.1618414928262104,2497.508305084745,0.0897459702460061,0.9098897107609764,Service Stations,78.0,237.0,61195.0,0.0487253289473684,4864.0,0.0,4864.0,352841.98,22.0,0.0045230263157894,193.30090909090904,4.0,3.0,2.0,12.0,0.0,86.0,11.0,118.0,4864.0,0.0242548818088386,19.0,0.0039054470709146,0.0176772867420349,0.0022610483042137,164.30090909090907,1.8808971384377415,8.0,6.0,0.1593106057999931,0.0,0.0,0.0,0.0,0.0,1716223390.7199998
248,80,67,1939,12,Female,80471 Eighth Street,27.95,-82.48,$13254,$13596,$352,684,4,2137.2143220338985,132.74576271186442,547.1904208273962,204.2146175586532,948.0,48.83898305084746,25.16949152542373,44.50958171549594,33.705,631.69,0.43,47.63403806859099,-163.16666666666666,-95.5,-50.0,-498.0,126.63546245375817,5112.5,118.0,48.83898305084746,0.0642026722193302,0.2920353982300885,3.149532496628032,1.104114727444478,2004.468559322034,0.0620825337029801,0.9374497863316884,Miscellaneous Food Stores,75.0,198.0,83229.0,0.034357105674128,5763.0,0.0,5763.0,267855.29,13.0,0.0022557695644629,98.19692307692311,1.0,5.0,0.0,27.0,2.0,219.0,4.0,258.0,5763.0,0.0447605829285218,33.0,0.0057251908396946,0.0379944482997918,0.0006939625260235,98.19692307692308,1.9404040404040404,9.0,6.0,0.1746568783913182,0.0,0.0,0.0,0.0,0.0,1543650036.27
1204,42,67,1977,6,Male,583 El Camino Boulevard,42.09,-70.7,$34059,$69440,$129944,743,3,3471.6236440677967,206.728813559322,1201.998431000487,308.86272393995034,1257.0,52.66101694915254,25.64406779661017,66.9474734433731,24.76,1794.0,1.29,116.95355029455948,-256.77894736842103,-282.0,-51.0,-497.0,127.73669551800258,2891.0,118.0,52.66101694915254,0.028966849050531,0.2803347280334728,0.9833584421381544,0.9126753123194536,3264.8948305084746,0.0595310159546002,0.9401810173370844,Miscellaneous Machinery and Parts Manufacturing,82.0,273.0,75781.0,0.0439330543933054,6214.0,0.0,6214.0,434045.59,5.0,0.000804634695848,207.142,1.0,1.0,3.0,24.0,0.0,68.0,12.0,109.0,6214.0,0.0175382139983909,26.0,0.0041834271922767,0.0109412711182622,0.0019308125502815,43.542,2.053536021150033,8.0,4.0,0.1300266448042631,0.0,0.0,0.0,0.0,0.0,2697159296.26
570,34,65,1985,9,Male,6781 Ocean View Drive,34.29,-83.83,$15814,$32245,$43097,625,1,3427.0114406779658,486.03389830508473,618.9913670666456,315.45479127255305,1787.0,77.99152542372882,27.864406779661017,46.90180352586407,32.55,753.27,1.09,49.25293450018137,-98.71256454388984,-78.0,-50.0,-485.0,80.60586312078209,4352.0,118.0,77.99152542372882,0.0108660219493643,0.2857763772682821,0.6657401834082781,1.048293882768246,2940.977542372881,0.1417830444022557,0.8579252412854367,Miscellaneous Food Stores,77.0,258.0,22204.0,0.0280343366293599,9203.0,0.0,9203.0,461739.35,12.0,0.0013039226339237,73.26333333333334,3.0,5.0,2.0,39.0,0.0,79.0,17.0,145.0,9203.0,0.0157540199913081,47.0,0.0051064754454584,0.0085832246849196,0.0018470230334637,73.26333333333334,2.7989659367396595,13.0,7.0,0.0440255958711837,0.0,0.0,0.0,0.0,0.0,4249387238.05
282,42,66,1977,5,Male,260 Spruce Avenue,29.45,-98.5,$12547,$25585,$59827,702,4,2047.979406779661,418.03389830508473,583.3347291709196,257.91424839439225,1218.0,70.22033898305085,27.559322033898304,31.238569027921407,11.94,719.51,0.1,47.7019450798734,-89.68727272727273,-76.0,-50.0,-488.0,67.66557929230885,3978.75,118.0,70.22033898305085,0.0446536326333574,0.2848177649046584,1.4950861930078942,1.0712769043804014,1629.9455084745764,0.2040205464837248,0.7954914056634314,Miscellaneous Food Stores,67.0,225.0,61195.0,0.0271542360608254,8286.0,0.0,8286.0,290989.57,8.0,0.0009654839488293,151.95125,3.0,2.0,4.0,16.0,0.0,72.0,13.0,110.0,8286.0,0.013273802341016,21.0,0.0025340895378303,0.0086883069868468,0.0015687220948473,32.20125,2.547970479704797,11.0,7.0,0.0317257596951083,0.0,0.0,0.0,0.0,0.0,2411139577.02
1898,44,72,1975,9,Male,5521 Spruce Avenue,32.35,-86.28,$25009,$50993,$75783,675,5,5018.463983050848,583.0508474576271,925.0219819491468,376.3137408871381,2088.0,101.77118644067797,29.6271186440678,52.00480811451656,36.94,3471.13,0.01,74.68946862127078,-110.61093247588424,-79.0,-50.0,-495.0,92.92552249263947,6031.4,118.0,101.77118644067797,0.1001748688483637,0.2774585727371138,1.2486577466125268,0.9766500176688884,4435.41313559322,0.1161579900615696,0.8836427854787318,Miscellaneous Food Stores,86.0,387.0,39021.0,0.0322258306270297,12009.0,0.0,12009.0,660978.75,14.0,0.0011657923224248,156.41642857142855,9.0,12.0,15.0,34.0,1.0,90.0,19.0,180.0,12009.0,0.0149875104079933,55.0,0.004579517069109,0.0074937552039966,0.0015820149875104,68.845,3.435068649885584,14.0,8.0,0.0572520748244938,0.0,0.0,0.0,0.0,0.0,7937693808.75
264,49,67,1970,8,Male,468 Park Lane,40.23,-77.02,$21728,$44303,$53407,696,1,3600.61,398.1525423728813,648.18357903841,258.60809630039347,1290.0,78.55932203389831,28.940677966101696,48.66803894616265,40.0,586.29,0.43,42.62629564592,-87.9812734082397,-76.0,-50.0,-494.0,58.85776113993303,3896.0,118.0,78.55932203389831,0.0738942826321467,0.2869471413160733,1.2949427103911495,0.947018212110334,3202.4574576271184,0.1105484886961335,0.889173857698951,Service Stations,72.0,175.0,27092.0,0.0188781014023732,9270.0,0.0,9270.0,471853.98,3.0,0.0003236245954692,32.026666666666664,1.0,2.0,3.0,15.0,1.0,57.0,19.0,98.0,9270.0,0.0105705964836587,18.0,0.0019415381296516,0.00614820407723,0.0020494013590766,32.026666666666664,2.714494875549048,11.0,7.0,0.0572973203073452,0.0,0.0,0.0,0.0,0.0,4374086394.599999
1979,38,68,1982,2,Female,731 Lincoln Boulevard,26.37,-80.1,$31706,$64647,$58250,738,4,3321.2608474576277,581.0593220338983,1007.6220406198275,361.4871300181615,1797.0,46.07627118644068,21.203389830508478,80.98962182269065,57.04,3302.13,0.11,125.458905241452,-114.6571906354515,-81.0,-50.0,-492.0,98.99309422203169,3476.75,118.0,46.07627118644068,0.0812948317086628,0.2896818098215928,1.4024390243902438,1.0725758449122254,2740.201525423729,0.174898765844517,0.8248002343105234,Miscellaneous Food Stores,79.0,339.0,22204.0,0.0623505609711237,5437.0,0.0,5437.0,460473.78,23.0,0.0042302740481883,107.80391304347825,1.0,2.0,1.0,19.0,0.0,59.0,16.0,98.0,5437.0,0.0180213313718278,22.0,0.0040456050018389,0.0108495770503861,0.0029422581831555,107.80391304347825,2.1730615507593924,10.0,7.0,0.0632675086777703,0.0,0.0,0.0,0.0,0.0,2503595941.86
1815,59,66,1960,3,Female,8060 Pine Boulevard,41.82,-71.41,$30403,$61991,$2151,758,4,4259.836949152543,392.0,902.7669536358412,323.4912646279621,1362.0,83.44915254237289,28.940677966101696,52.984163592284176,33.72,1481.11,0.36,76.43381261367152,-128.48888888888888,-83.0,-50.0,-484.0,113.62085653851028,4557.25,118.0,83.44915254237289,0.0292474865441251,0.2883111607596222,0.8517955161695656,0.90189581143159,3867.836949152543,0.092000704246138,0.9077646000797648,Miscellaneous Food Stores,84.0,231.0,12554.0,0.0234589214989336,9847.0,0.0,9847.0,548916.76,22.0,0.0022341829998984,169.82681818181825,4.0,3.0,2.0,30.0,2.0,60.0,24.0,125.0,9847.0,0.0126929325751421,37.0,0.003757108042242,0.0060926076360682,0.0024370430544272,85.37227272727273,2.883455344070278,15.0,6.0,0.1135395723890438,0.0,0.0,0.0,0.0,0.0,5405183335.72
1764,59,68,1960,6,Male,4728 George Drive,42.96,-85.65,$15472,$31550,$26738,710,3,2700.063983050848,323.2542372881356,851.7731434861876,312.7681532971901,1452.0,52.11016949152543,24.73728813559322,54.64029326016121,28.03,1682.73,0.28,87.13370021233288,-119.9496855345912,-80.0,-50.0,-497.0,101.57748196412471,3053.333333333333,118.0,52.11016949152543,0.0691169295820458,0.2863880305740771,1.4970623647737251,0.9155991402885504,2376.809745762712,0.1196766308819609,0.8799531446412124,Service Stations,75.0,245.0,22204.0,0.0398438770531793,6149.0,0.0,6149.0,356751.55,15.0,0.0024394210440722,135.88466666666665,3.0,2.0,0.0,10.0,0.0,46.0,10.0,71.0,6149.0,0.0115447154471544,15.0,0.0024390243902439,0.0074796747967479,0.0016260162601626,135.88466666666667,2.106543336759164,10.0,6.0,0.0759732599292174,0.0,0.0,0.0,0.0,0.0,2193665280.95
1971,48,66,1971,9,Male,829 Grant Boulevard,43.45,-76.5,$20447,$41690,$69869,763,2,3437.336355932204,523.8220338983051,888.7334519393368,364.0883388474791,2200.0,84.16949152542372,28.1864406779661,43.48259969982848,18.06,811.82,0.52,58.12232361325611,-102.3360927152318,-77.0,-50.0,-500.0,89.37094304820064,5401.5,118.0,84.16949152542372,0.0194321385420861,0.2782923882400322,1.9304182144048485,1.2613881686596249,2913.514322033898,0.1523475249867711,0.8473616366843159,Miscellaneous Food Stores,81.0,337.0,61195.0,0.0339307289569069,9932.0,0.0,9932.0,467416.69,10.0,0.0010068465565847,231.076,1.0,0.0,3.0,37.0,0.0,126.0,16.0,183.0,9932.0,0.0184234370280881,38.0,0.0038256317326084,0.0126849894291754,0.0016107923084667,143.876,2.986169573060734,12.0,10.0,0.0607810781078107,0.0,0.0,0.0,0.0,0.0,4642382565.08
584,61,68,1958,8,Male,8823 South Drive,38.66,-121.37,$14318,$29195,$64881,743,3,2155.4206779661017,242.4152542372881,511.3377013047296,206.7109682157772,1074.0,81.27118644067797,28.847457627118644,27.3189731471536,20.985,1211.03,0.16,44.58341272986703,-102.16071428571428,-76.5,-50.0,-489.0,89.05014027703119,3713.0,118.0,81.27118644067797,0.0700729927007299,0.2938477580813347,1.277134153654266,0.9217407738189144,1913.0054237288136,0.1124155674791293,0.8871207011115878,Miscellaneous Food Stores,69.0,225.0,26810.0,0.0234619395203336,9590.0,0.0,9590.0,282944.64,7.0,0.0007299270072992,290.0185714285714,4.0,3.0,1.0,23.0,0.0,67.0,25.0,123.0,9590.0,0.0128245229903034,30.0,0.0031279324366593,0.0069857157752059,0.0026066103638828,179.1614285714286,2.817273795534665,10.0,7.0,0.0629588198280081,0.0,0.0,0.0,0.0,0.0,2713439097.6
1488,34,66,1985,11,Female,6427 12th Boulevard,41.65,-81.43,$20155,$41091,$86837,695,6,2881.948983050848,213.2627118644068,857.0111480514281,251.55099831158947,1697.0,79.2457627118644,28.203389830508478,37.105289689034365,15.62,1942.26,0.38,60.596549472400994,-135.29569892473117,-83.5,-50.0,-481.0,113.6085916183669,2332.1666666666665,118.0,79.2457627118644,0.0835204790931451,0.2922682066089188,1.1446748414605994,1.138548355770128,2668.6862711864405,0.0739738070698441,0.9256793258832956,Service Stations,79.0,329.0,68705.0,0.0351834028446155,9351.0,0.0,9351.0,365234.98,13.0,0.0013902256443161,120.77846153846156,3.0,6.0,3.0,22.0,0.0,91.0,20.0,145.0,9351.0,0.0155047048759623,31.0,0.0033147989734816,0.0097305389221556,0.0021385799828913,105.39384615384614,2.809795673076923,9.0,7.0,0.0884129380910752,0.0,0.0,0.0,0.0,0.0,3415312297.98
1913,60,57,1960,1,Female,561 Martin Luther King Avenue,42.47,-83.49,$34259,$31121,$32768,619,5,4592.015084745763,587.5508474576271,1192.6803463339158,335.765068393247,1516.0,90.29661016949152,28.97457627118644,54.066830971861904,18.41,1427.9,2.2,101.05037319415284,-109.52764612954186,-80.0,-50.0,-500.0,93.6467217301881,4011.2,118.0,90.29661016949152,0.065415297982168,0.2824026278742374,1.243508166825246,1.0359195361458908,4004.4642372881353,0.1279226905674641,0.8718595875262175,Miscellaneous Food Stores,85.0,397.0,22204.0,0.0372595025809479,10655.0,0.0,10655.0,611188.78,12.0,0.0011262318160488,209.2675,1.0,3.0,0.0,0.0,0.0,53.0,34.0,91.0,10655.0,0.0085397897897897,4.0,0.0003753753753753,0.0049737237237237,0.0031906906906906,209.2675,3.116408306522375,12.0,9.0,0.0453758726129348,0.0,0.0,0.0,0.0,0.0,6512216450.900001
729,80,67,1939,4,Female,499 Lafayette Lane,40.28,-86.51,$16421,$24884,$1828,850,6,3570.0980508474577,563.5847457627119,1006.8759751370246,335.9429725280178,1765.0,79.29661016949153,27.91525423728813,48.22247825091575,33.495000000000005,1202.45,0.03,79.01763616381182,-107.0901771336554,-79.0,-50.0,-496.0,90.9574249046836,3408.333333333333,118.0,79.29661016949153,0.0296035053970289,0.295393822806455,1.4834622261028647,1.1440737314602063,3006.5133050847458,0.1578183342316707,0.8419016398531174,Miscellaneous Food Stores,79.0,439.0,61195.0,0.0469167468205621,9357.0,0.0,9357.0,487774.57,19.0,0.0020305653521427,64.85210526315788,3.0,8.0,4.0,19.0,0.0,111.0,16.0,161.0,9357.0,0.0172045308826672,30.0,0.0032058132079504,0.0118615088694165,0.0017097670442402,64.8521052631579,2.8406193078324224,11.0,9.0,0.0756044749188018,0.0,0.0,0.0,0.0,0.0,4564106651.49
1324,45,61,1974,11,Female,535 Hill Boulevard,27.33,-82.54,$19065,$38872,$94970,663,4,5139.075847457627,453.5762711864407,789.0559000350008,257.96535932488706,1279.0,77.16101694915254,28.91525423728813,70.98337235163291,74.0,874.66,0.09,59.0465656598162,-95.23487544483986,-76.0,-50.0,-497.0,73.6536796180999,4831.5,118.0,77.16101694915254,0.0366831411312465,0.2906095551894563,1.37322493015591,1.0179837768537303,4685.499576271186,0.0882431085935799,0.9115623417480732,Miscellaneous Food Stores,77.0,169.0,61195.0,0.0185612300933553,9105.0,0.0,9105.0,659932.95,10.0,0.00109829763866,83.096,2.0,5.0,6.0,15.0,0.0,203.0,18.0,249.0,9105.0,0.0273446079508016,22.0,0.0024159894575005,0.0222929936305732,0.0019767186470459,83.096,2.66852286049238,10.0,7.0,0.0962950507258561,0.0,0.0,0.0,0.0,0.0,6008689509.75
1733,47,66,1972,6,Female,6613 Hill Drive,36.73,-84.16,$12814,$26130,$54290,498,1,3768.4625423728817,238.88983050847455,542.2511753525839,181.6157672236762,930.0,76.3135593220339,29.1864406779661,51.14775477340695,53.06,666.69,0.54,41.94824056834064,-90.63987138263666,-77.0,-50.0,-480.0,64.76856230617763,5508.0,118.0,76.3135593220339,0.0286507495835646,0.2766240977234869,0.6458894676965452,0.9045919053428156,3529.572711864407,0.063375037640802,0.9363596725496406,Service Stations,71.0,192.0,27092.0,0.0213214880621876,9005.0,0.0,9005.0,472867.58,10.0,0.0011104941699056,152.95100000000002,1.0,3.0,2.0,42.0,1.0,74.0,19.0,142.0,9005.0,0.0157672662669331,46.0,0.0051077059737952,0.0082167443926271,0.0021097046413502,105.151,2.614692218350755,13.0,6.0,0.0192266761262859,0.0,0.0,0.0,0.0,0.0,4258172557.9
1307,52,61,1967,4,Female,2332 Elm Lane,37.89,-122.03,$42685,$87030,$156474,646,5,7099.633474576272,355.45762711864404,1578.7982949685234,309.6057223589354,1112.0,78.78813559322033,28.991525423728813,91.93994183494291,61.035,3854.44,0.32,152.70282597182472,-241.05747126436785,-226.5,-51.0,-500.0,141.77894185760513,4875.2,118.0,78.78813559322033,0.0602344842422286,0.2807357212003872,0.6572752922208787,1.0003533634002673,6744.175847457627,0.0500599880829443,0.9497991794119586,"Lodging - Hotels, Motels, Resorts",94.0,443.0,15143.0,0.047649779498763,9297.0,0.0,9297.0,879700.75,30.0,0.0032268473701193,253.9426666666667,19.0,20.0,21.0,13.0,0.0,56.0,26.0,155.0,9297.0,0.0166702516670251,52.0,0.00559260055926,0.00602280060228,0.00279630027963,253.94266666666667,2.7176264250219235,12.0,5.0,0.2025748003337704,0.0,0.0,0.0,0.0,0.0,8178577872.75
1846,82,64,1937,10,Male,635 Sussex Drive,36.74,-91.86,$14191,$33356,$938,566,4,1926.359661016949,325.4830508474576,515.3619137278691,298.48256496923364,1559.0,59.41525423728814,26.228813559322035,33.921868377854054,10.68,1416.42,0.42,51.82371227595409,-123.89354838709676,-80.0,-50.0,-498.0,110.10676617829616,2913.5,118.0,59.41525423728814,0.0252460419341035,0.284124946512623,0.7053349547929996,1.0612482198279938,1600.8766101694914,0.1688750975911368,0.8306060578879229,Miscellaneous Food Stores,71.0,246.0,50867.0,0.0350877192982456,7011.0,0.0,7011.0,265717.44,1.0,0.0001426330052774,20.81,1.0,0.0,0.0,7.0,0.0,45.0,9.0,62.0,7011.0,0.0088419851682829,8.0,0.0011409013120365,0.0064175698802053,0.001283513976041,20.81,2.2652665589660743,10.0,7.0,0.0865705061445532,0.0,0.0,0.0,0.0,0.0,1862944971.84
277,46,68,1974,2,Male,2292 South Street,33.77,-89.81,$15568,$31739,$81905,799,5,2739.353559322034,404.2457627118644,637.755833910101,216.2694953987076,1211.0,95.19491525423727,29.279661016949152,30.29747117817977,10.04,1201.23,0.3,54.97198427980575,-84.57624113475177,-77.0,-50.0,-487.0,44.78628393241184,3810.2,118.0,95.19491525423727,0.0348081545446452,0.2802457046203151,0.8816314014106102,1.0159333077108768,2335.1077966101698,0.1475159149945145,0.8521191685892815,Service Stations,79.0,284.0,61195.0,0.0252826493367755,11233.0,0.0,11233.0,370944.72,15.0,0.0013353511973649,95.4,4.0,3.0,4.0,28.0,2.0,61.0,31.0,133.0,11233.0,0.0118390599964393,35.0,0.0031155421043261,0.005429944810397,0.002759480149546,95.4,3.2512301013024603,16.0,9.0,0.0476499937109555,0.0,0.0,0.0,0.0,0.0,4166822039.76
1358,69,70,1950,4,Female,128 Main Street,43.1,-89.5,$33808,$68930,$72619,768,4,972.4340677966102,91.5,250.0862977284376,88.26104928286779,406.0,45.27966101694916,24.161016949152543,22.083760585065438,5.645,406.0,0.36,24.863815601381692,-73.44897959183673,-69.0,-50.0,-406.0,31.76156539943944,2030.5,118.0,45.27966101694916,0.0202133632790567,0.280553995882463,1.645003026537959,1.2238947524775008,880.9340677966102,0.0939971211477242,0.9049755879107706,Service Stations,39.0,241.0,50783.0,0.0451057458356728,5343.0,0.0,5343.0,125544.22,9.0,0.0016844469399213,23.296666666666667,1.0,1.0,1.0,24.0,0.0,12.0,15.0,54.0,5343.0,0.0101047904191616,26.0,0.0048652694610778,0.0022455089820359,0.0028068862275449,23.296666666666667,1.8740792704314275,7.0,7.0,0.0,0.0,0.0,0.0,0.0,0.0,670782767.46
322,47,65,1972,10,Male,708 George Street,31.22,-84.21,$13759,$28055,$12475,829,3,1210.6330508474578,190.82203389830508,534.3361881484087,215.37050688720947,956.0,51.983050847457626,25.47457627118644,23.98098035924123,5.77,1049.73,0.15,56.04936288724676,-127.21468926553672,-80.0,-50.0,-491.0,115.11782111187192,6319.666666666667,118.0,51.983050847457626,0.0234757091620476,0.2807303553961526,3.202550230605959,1.1932479820583173,1019.8110169491526,0.1574916050406825,0.8416830625706866,Service Stations,66.0,164.0,14528.0,0.0267362243234431,6134.0,0.0,6134.0,165371.7,6.0,0.0009781545484186,296.6416666666667,1.0,1.0,1.0,13.0,0.0,42.0,9.0,67.0,6134.0,0.010920945395273,15.0,0.0024449877750611,0.0068459657701711,0.0014669926650366,194.3083333333333,2.040585495675316,9.0,6.0,0.1048938626876276,0.0,0.0,0.0,0.0,0.0,1014390007.8
402,47,72,1972,6,Male,77931 Lincoln Avenue,33.83,-83.89,$21556,$43954,$60913,744,3,5129.790169491525,367.8728813559322,898.3820013095175,280.3727234318957,1166.0,103.02542372881356,29.610169491525426,51.25446570702794,39.46,959.5,0.15,60.81958446398624,-125.09798270893371,-84.0,-50.0,-497.0,103.47266077428704,2424.0,118.0,103.02542372881356,0.185818869786954,0.2851032327054372,1.8840946526857092,1.177313434390891,4761.9172881355935,0.0716990695786706,0.9281060286679998,Miscellaneous Food Stores,94.0,393.0,39021.0,0.0323270543719667,12157.0,0.0,12157.0,648724.24,9.0,0.0007403142222587,20.522222222222226,21.0,23.0,10.0,36.0,0.0,168.0,28.0,286.0,12157.0,0.0235236058562263,80.0,0.0065800296101332,0.0138180621812798,0.0023030103635466,20.522222222222226,3.479393245563824,12.0,7.0,0.1325961759963142,0.0,0.0,0.0,0.0,0.0,7886540585.68
1305,46,73,1974,2,Female,2794 Seventh Drive,35.33,-89.88,$19115,$38971,$0,784,3,3331.482288135593,301.8898305084746,791.673192631036,269.758036053341,1173.0,75.62711864406779,28.73728813559322,45.73230688692415,40.885000000000005,1098.49,1.26,59.771098594331455,-108.60670731707316,-80.0,-50.0,-500.0,92.72781294910314,4757.666666666667,118.0,75.62711864406779,0.3638502913491708,0.2822725235320484,2.3882844856627625,1.0317862176100865,3029.5924576271186,0.0905900780278029,0.9091098453585688,Miscellaneous Food Stores,75.0,238.0,22204.0,0.02666965486329,8924.0,0.0,8924.0,428737.91,11.0,0.0012326311071268,161.5481818181818,3.0,1.0,0.0,28.0,1.0,319.0,20.0,372.0,8924.0,0.0416806722689075,32.0,0.0035854341736694,0.0357422969187675,0.0022408963585434,132.45727272727274,2.6316720731347685,10.0,6.0,0.0629631708960251,0.0,0.0,0.0,0.0,0.0,3826057108.84
1669,44,62,1975,5,Male,6308 Maple Avenue,38.66,-121.62,$25234,$51454,$151162,698,4,3481.386186440678,404.1101694915254,1182.0445167596574,372.4458265867014,1863.0,59.04237288135593,26.059322033898304,62.2052649909146,15.395,1334.7,0.78,105.89976693619369,-131.36363636363637,-84.0,-50.0,-491.0,110.01524254011449,3941.0,118.0,59.04237288135593,0.0566958518731161,0.2810391847280034,0.6856899488926746,1.0121314203610006,3077.276016949153,0.1160440421757368,0.8836687984035494,Miscellaneous Food Stores,86.0,317.0,26810.0,0.0455002153007033,6967.0,0.0,6967.0,458488.57,17.0,0.0024400746375771,95.76588235294118,3.0,5.0,1.0,20.0,3.0,46.0,21.0,99.0,6967.0,0.0142078071182548,28.0,0.0040183696900114,0.006601607347876,0.0030137772675086,81.17764705882352,2.265691056910569,11.0,6.0,0.1167428595394874,0.0,0.0,0.0,0.0,0.0,3194289867.19
1089,31,75,1988,9,Female,2725 Jefferson Drive,38.22,-85.74,$25258,$51501,$140481,729,3,4349.8170754716975,594.1603773584906,1340.5045891312122,357.6563697126708,1710.0,76.68867924528301,27.70754716981132,60.79649393459916,20.555,1193.67,0.42,102.1757108354308,-115.56146788990826,-80.0,-50.0,-496.0,102.55672919766744,2861.0,106.0,76.68867924528301,0.3055726411612744,0.290564645097798,0.649933238575182,0.8739691336883316,3755.656698113207,0.1365629414089017,0.8632072167056194,Miscellaneous Food Stores,87.0,374.0,33120.0,0.0460081190798376,8129.0,0.0,8129.0,524061.61,5.0,0.0006150818058801,159.188,1.0,1.0,2.0,42.0,0.0,52.0,18.0,116.0,8129.0,0.0142681426814268,44.0,0.0054120541205412,0.0063960639606396,0.0022140221402214,159.188,2.7677902621722845,12.0,7.0,0.1110158457972119,0.0,0.0,0.0,0.0,0.0,4260096827.69
487,52,68,1967,7,Male,9028 Valley Stream Avenue,42.66,-73.79,$27005,$55059,$162462,735,3,6891.366440677966,254.55084745762716,1050.3263853496123,291.9974123950923,1403.0,96.01694915254237,29.889830508474574,72.97031945441493,59.51,1101.92,0.14,65.74360268403471,-161.48924731182797,-92.0,-50.0,-497.0,131.66563873803696,4372.333333333333,118.0,96.01694915254237,0.0624889673433362,0.2871138570167696,1.3476151240501693,1.0761399287979634,6636.815593220339,0.0369322858336865,0.9629226261172948,Service Stations,83.0,321.0,39021.0,0.0283318623124448,11330.0,0.0,11330.0,843218.24,7.0,0.0006178287731685,194.0471428571429,12.0,18.0,19.0,28.0,0.0,104.0,21.0,202.0,11330.0,0.0178271997175889,58.0,0.0051187009090106,0.0091783602506398,0.0018533227429176,194.0471428571429,3.2123617805500424,13.0,5.0,0.1659897463213263,0.0,0.0,0.0,0.0,0.0,9553662659.2
1106,62,62,1958,2,Female,1563 Summit Boulevard,34.13,-118.24,$16842,$20783,$23623,699,3,2791.4861016949158,207.135593220339,577.6739695441943,232.36134235958735,1016.0,94.864406779661,28.89830508474576,29.88797386807005,17.29,1109.02,1.15,47.59899141500417,-144.62721893491124,-87.0,-50.0,-483.0,118.14915701069852,3125.0,118.0,94.864406779661,0.0517241379310344,0.2946221189923173,0.6379631546263713,1.1178090834626668,2584.350508474576,0.0741760516174518,0.9254658445411742,Service Stations,74.0,209.0,60569.0,0.0186707164552438,11194.0,0.0,11194.0,353837.36,10.0,0.0008933357155619,125.723,3.0,5.0,4.0,37.0,1.0,84.0,19.0,153.0,11194.0,0.0136668155426529,45.0,0.004019651630192,0.0075033497096918,0.0016971862438588,125.723,3.2826979472140763,11.0,4.0,0.1114429489015259,0.0,0.0,0.0,0.0,0.0,3960855407.84
1915,54,65,1965,6,Male,758 Sixth Boulevard,41.32,-74.18,$25534,$52062,$97881,775,4,7984.192033898305,404.6016949152543,1151.9834265371794,321.61877256916694,1310.0,119.22033898305084,30.14406779661017,68.7238062586622,49.31,1366.37,0.76,86.05657928799121,-132.98885793871867,-85.0,-50.0,-500.0,111.37936525227336,4519.75,118.0,119.22033898305084,0.2723912425362524,0.2874609041796986,0.7913556550792635,0.9207100116447802,7579.590338983051,0.0506689999686496,0.9492057682278128,Miscellaneous Food Stores,89.0,376.0,83480.0,0.0267273244242251,14068.0,0.0,14068.0,989877.66,3.0,0.0002132499289166,301.38666666666666,2.0,7.0,1.0,38.0,1.0,230.0,29.0,308.0,14068.0,0.0218921032056294,47.0,0.0033406780865733,0.0163479991470609,0.0020612694576728,301.38666666666666,3.955018273826258,13.0,7.0,0.1176692359249329,0.0,0.0,0.0,0.0,0.0,13925598920.88
708,63,63,1957,1,Female,3 Madison Street,40.71,-73.99,$163145,$249925,$202328,722,4,10013.124067796609,738.9237288135594,2763.768690620982,439.754635486803,1908.0,73.5677966101695,27.779661016949152,143.7931897286114,60.45,6820.2,1.03,275.21516732821016,-187.9159482758621,-98.0,-50.0,-496.0,142.79121069972936,3712.0,118.0,73.5677966101695,0.0923856698537034,0.2784241446837922,1.1025683324103206,1.194801999123973,9274.20033898305,0.0737881539923984,0.9261119870490716,Travel Agencies,96.0,584.0,11368.0,0.067273355604193,8681.0,0.0,8681.0,1268741.64,8.0,0.0009215528164957,138.74124999999998,7.0,5.0,2.0,25.0,0.0,35.0,16.0,90.0,8681.0,0.0103662750518313,37.0,0.0042616908546417,0.0040313291868233,0.0018428933425478,138.74125,2.6482611348383163,15.0,7.0,0.2195907975319402,0.0,0.0,0.0,0.0,0.0,11013946176.839998
755,74,67,1945,11,Female,951 11th Avenue,33.82,-78.67,$13409,$23137,$4871,642,5,1989.8651694915252,410.4406779661017,546.4355452340836,226.87025330667285,1105.0,47.90677966101695,21.872881355932204,45.98591656874265,35.845,509.31,0.24,45.94734908080631,-88.54113345521024,-76.0,-50.0,-499.0,62.07628274978787,3664.0,118.0,47.90677966101695,0.0840261807889616,0.284096939678047,1.1659308627301157,0.969088171792973,1579.4244915254235,0.2061619662927398,0.7933357395211323,Service Stations,71.0,203.0,61195.0,0.0359101362108614,5653.0,0.0,5653.0,283236.09,19.0,0.0033610472315584,110.21894736842104,3.0,2.0,1.0,21.0,0.0,67.0,12.0,106.0,5653.0,0.0187477891758047,26.0,0.0045985143261407,0.0118500176865935,0.0021223912274495,110.21894736842104,2.1902363425029057,9.0,7.0,0.0186236656824892,0.0,0.0,0.0,0.0,0.0,1601133616.7700002
757,62,65,1957,9,Female,956 Lincoln Boulevard,40.64,-73.94,$22674,$46232,$68957,691,4,5489.834830508475,520.9237288135594,915.3873636963364,354.5169617723074,2025.0,92.44915254237289,29.64406779661017,62.71060116166505,52.845,1687.41,0.82,66.55182971251602,-106.16407599309154,-79.0,-50.0,-500.0,91.45026644676616,4116.25,118.0,92.44915254237289,0.060500504170868,0.2827023558529654,1.0224948875255624,0.9810154523639172,4968.911101694916,0.0948714985778072,0.9049463797538366,Service Stations,77.0,195.0,27092.0,0.0178751489595746,10909.0,0.0,10909.0,709269.51,13.0,0.0011916765973049,124.70384615384614,2.0,5.0,1.0,33.0,2.0,118.0,17.0,178.0,10909.0,0.0163153070577451,40.0,0.0036663611365719,0.0108157653528872,0.001558203483043,84.70384615384616,3.118639222412807,11.0,6.0,0.0360338376443793,0.0,0.0,0.0,0.0,0.0,7737421084.59
400,46,68,1973,5,Female,539 Pine Boulevard,30.17,-85.67,$19508,$39770,$72827,711,4,1907.7344897959183,355.44897959183675,630.7801483780866,204.4918329450252,1220.0,53.46938775510204,24.397959183673468,38.89286041189931,32.21,1156.37,0.28,38.04472866928105,-80.44803695150115,-76.0,-50.0,-474.0,37.54839719021554,4253.5,98.0,53.46938775510204,0.0229007633587786,0.2841603053435114,0.0,0.0,1552.2855102040817,0.1862223276689684,0.8132537649959118,Service Stations,52.0,169.0,22204.0,0.0322519083969465,5240.0,610.0,5240.0,221791.98,1.0,0.0001908396946564,13.54,1.0,4.0,1.0,21.0,0.0,33.0,7.0,67.0,5240.0,0.0127838198817019,26.0,0.0049608853272276,0.0062965082999427,0.0013356229727151,13.54,2.19155165202844,10.0,6.0,0.0281039184728003,0.0,0.0,0.0,610.0,0.0,1162189975.2
1144,57,66,1962,12,Female,545 Eighth Avenue,29.76,-95.38,$14959,$30495,$70825,773,4,6034.840508474576,500.6575423728813,719.8844912483604,337.904562581754,1721.0,174.9406779661017,30.372881355932204,35.50791224133633,30.94,970.23,0.18,41.79501712181135,-100.6432538330494,-79.0,-5.59,-497.0,82.53823565181148,4496.5,118.0,174.9406779661017,0.145763697137044,0.2860049411422758,0.843871438711452,0.9854242284614124,5534.182966101695,0.0829474439674038,0.916886879023968,Service Stations,83.0,351.0,36934.0,0.0170033425374218,20643.0,0.0,20643.0,771188.77,1.0,4.844257133168629e-05,258.5,1.0,6.0,2.0,52.0,4.0,227.0,48.0,340.0,20643.0,0.0164696764192985,59.0,0.0028579732609959,0.0109959310211199,0.0023251307886068,258.5,5.759765625,18.0,7.0,0.0419949088155286,0.0,0.0,0.0,0.0,0.0,15919649779.11
561,48,67,1971,6,Male,604 Pine Street,40.8,-91.12,$18076,$36853,$112139,834,5,3128.085,451.33898305084745,788.4310558152384,321.4988460943252,1946.0,99.67796610169492,29.516949152542374,32.918400963167755,18.35,1139.95,0.02,55.31231693752536,-97.00910746812386,-79.0,-50.0,-492.0,75.87269584835397,3280.4,118.0,99.67796610169492,0.0964971943547015,0.2898316612820948,1.318688062844813,1.1283178375027678,2676.7460169491524,0.1442399241474256,0.8554404936104812,Service Stations,84.0,408.0,87071.0,0.034687978234994,11762.0,0.0,11762.0,422372.03,36.0,0.0030607039619112,126.14444444444447,7.0,9.0,9.0,25.0,0.0,84.0,22.0,156.0,11762.0,0.0132619229788319,41.0,0.0034855053982827,0.0071410354501402,0.0018702711893224,106.47777777777776,3.376973873097904,13.0,6.0,0.043579488912672,0.0,0.0,0.0,0.0,0.0,4967939816.860001
1257,55,67,1964,7,Male,287 Pine Lane,47.79,-122.3,$23668,$48259,$146774,721,3,2177.557118644068,327.7519491525424,706.6420648186138,297.4141624705332,1565.0,48.88135593220339,23.466101694915253,47.259838146036415,35.82,970.85,0.62,54.92329172011961,-116.84208459214504,-83.0,-0.73,-500.0,96.84818576955082,4656.333333333333,118.0,48.88135593220339,0.0769764216366158,0.2839805825242718,1.3271371224178417,1.0289461265303148,1849.8051694915252,0.1504445058372097,0.8490964747542826,Service Stations,80.0,299.0,22204.0,0.0518377253814147,5768.0,1.0,5768.0,295626.47,1.0,0.0001733703190013,92.14,0.0,1.0,2.0,18.0,0.0,40.0,12.0,73.0,5768.0,0.0126538394869128,19.0,0.0032934650719362,0.0069336106777604,0.0020800832033281,92.14,2.083062477428675,10.0,6.0,0.1404756936714575,0.0,0.0,0.0,1.0,0.0,1705173478.9599998
1649,64,63,1956,2,Male,8146 Third Avenue,29.79,-95.82,$0,$399,$323,729,3,693.6593220338983,7.279661016949152,358.0903940663773,56.78778693683399,515.0,19.79661016949153,14.652542372881356,35.08435490784398,13.24,491.47,0.03,48.45205963895128,-286.3333333333333,-291.0,-224.0,-344.0,60.13595707505896,3956.3333333333335,118.0,19.79661016949153,0.2016267123287671,0.2833904109589041,0.0,1.0160624755819083,686.3796610169492,0.0104794692679499,0.9880809761643924,"Lighting, Fixtures, Electrical Supplies",50.0,107.0,54850.0,0.0458047945205479,2336.0,2.0,2336.0,82710.8,41.0,0.0175513698630137,112.56804878048784,3.0,4.0,0.0,8.0,0.0,1.0,5.0,21.0,2336.0,0.0089858793324775,15.0,0.0064184852374839,0.0004278990158322,0.0021394950791613,87.4460975609756,1.35106998264893,13.0,3.0,0.0,0.0,0.0,0.0,2.0,0.0,193212428.8
1411,57,66,1962,6,Female,3196 Elm Boulevard,41.92,-88.3,$33847,$69007,$52218,720,4,5652.640254237288,329.3135593220339,909.2524074566676,267.3787831162511,1296.0,103.89830508474576,30.016949152542374,55.94326511783947,53.26,1082.01,0.19,65.20623471272464,-115.30860534124628,-83.0,-50.0,-497.0,95.55118774405236,5401.5,118.0,103.89830508474576,0.2362153344208809,0.2874388254486134,0.3674057955997651,0.9427690971471638,5323.326694915254,0.0582480569178804,0.9415750658923744,Service Stations,82.0,350.0,12014.0,0.0285481239804241,12260.0,0.0,12260.0,705870.55,8.0,0.0006525285481239,70.1325,4.0,0.0,2.0,26.0,4.0,68.0,27.0,131.0,12260.0,0.0106842835005301,30.0,0.0024467824810374,0.0055460402903515,0.0022021042329336,70.1325,3.461321287408244,11.0,6.0,0.0874163664436438,0.0,0.0,0.0,0.0,0.0,8653972943.0
605,42,73,1977,10,Male,663 Summit Boulevard,40.64,-73.94,$23316,$47542,$2667,725,3,3414.252118644068,283.53389830508473,765.3194497901494,360.79434401074445,2163.0,140.73728813559322,30.194915254237287,24.553982813261825,3.595,1033.92,0.24,51.09771233327477,-168.12562814070353,-93.0,-50.0,-487.0,132.77013361552835,3884.6666666666665,118.0,140.73728813559322,0.146564701631842,0.2880712952369483,0.6632627294122401,0.9900667925365016,3130.718220338983,0.0830199026178055,0.9166872932303308,Miscellaneous Food Stores,73.0,341.0,39021.0,0.0205335099656771,16607.0,0.0,16607.0,436338.75,15.0,0.0009032335762028,159.23933333333335,17.0,21.0,15.0,40.0,0.0,69.0,28.0,190.0,16607.0,0.0114402697495183,78.0,0.0046965317919075,0.0041546242774566,0.0016859344894026,129.63933333333335,4.660959865282066,13.0,6.0,0.0931914639249208,0.0,0.0,0.0,0.0,0.0,7246277621.25
1123,44,66,1975,7,Male,6882 Forest Drive,34.8,-79.54,$13683,$27896,$42046,710,3,1823.5827966101692,412.9322033898305,485.2711663003885,238.3962344398577,1445.0,60.10169491525424,25.60169491525424,32.86738506186039,17.68,740.2,0.5,50.90333399582044,-89.40550458715596,-77.0,-50.0,-474.0,62.64141917385341,4484.0,118.0,60.10169491525424,0.0549915397631133,0.2890580936266215,0.875025304880177,0.9488992507668876,1410.650593220339,0.2263159579039127,0.7731359715991727,Miscellaneous Food Stores,67.0,165.0,43293.0,0.0232656514382402,7092.0,0.0,7092.0,263908.77,15.0,0.0021150592216582,217.44533333333337,2.0,2.0,1.0,13.0,1.0,27.0,11.0,57.0,7092.0,0.0080360919216128,17.0,0.0023967291696038,0.003806569857606,0.0015508247568024,160.912,2.3475670307845085,11.0,6.0,0.0106717015207174,0.0,0.0,0.0,0.0,0.0,1871640996.84
1242,52,69,1967,10,Female,549 Tenth Avenue,41.83,-87.68,$14963,$30509,$56953,641,2,3165.1268644067795,356.85593220338984,755.3979260562503,325.0825871509911,1627.0,74.27118644067797,27.67796610169492,44.31478049359279,23.345,1230.67,0.06,57.60866470848771,-125.32440476190476,-81.0,-50.0,-500.0,111.47129527948628,4808.5,118.0,74.27118644067797,0.0403925148334094,0.2966681880419899,0.7903684545535117,1.134086251310532,2808.2709322033897,0.1127105600900335,0.8869735965964082,Miscellaneous Food Stores,82.0,353.0,22204.0,0.0402784116841624,8764.0,0.0,8764.0,415593.97,23.0,0.0026243724326791,148.87478260869565,2.0,1.0,2.0,2.0,5.0,53.0,16.0,81.0,8764.0,0.0092413006274957,5.0,0.0005704506560182,0.0060467769537934,0.0018254420992584,101.13565217391304,2.683404776484997,11.0,7.0,0.0708620280218475,0.0,0.0,0.0,0.0,0.0,3642265553.08
1818,85,65,1934,6,Female,23 11th Avenue,36.73,-76.04,$29485,$41843,$1741,500,3,8071.629915254237,298.1542372881356,1187.0767973662416,347.4902991068167,1578.0,154.34745762711864,30.389830508474574,52.682799380496704,29.42,2251.32,0.43,86.36148818272032,-262.5537313432836,-254.0,-1.2,-499.0,149.00145210813653,3682.3333333333335,118.0,154.34745762711864,0.0318453851644429,0.2873771481908527,2.6508290372021737,1.0208518376538722,7773.475677966101,0.0369339658101675,0.9629421588220156,Railroad Freight,92.0,688.0,76091.0,0.0377752155054082,18213.0,0.0,18213.0,987634.53,8.0,0.0004392466919233,439.5175,14.0,15.0,13.0,49.0,0.0,67.0,29.0,187.0,18213.0,0.0102668277149445,78.0,0.0042824201163939,0.0036784890743384,0.0015921818381464,439.5175,5.078918014500837,12.0,6.0,0.1426248891516405,0.0,0.0,0.0,0.0,0.0,17987787694.89
178,47,66,1972,7,Female,27 Third Avenue,39.01,-94.28,$24057,$49045,$0,727,3,3665.47127118644,597.3983050847457,763.1463906115906,354.59993443509853,1663.0,85.76271186440678,28.491525423728813,45.52421955583623,9.52,1510.01,1.05,75.81753058060411,-113.88206785137318,-79.0,-50.0,-499.0,100.2348083942901,2829.6666666666665,118.0,85.76271186440678,0.11699604743083,0.2805335968379446,1.244949088764434,1.0094607972401883,3068.072966101695,0.1629354932573718,0.8367917649355783,Miscellaneous Food Stores,80.0,401.0,49789.0,0.0396245059288537,10120.0,0.0,10120.0,503018.61,4.0,0.000395256916996,316.63,3.0,2.0,2.0,36.0,4.0,76.0,16.0,139.0,10120.0,0.0137338207686987,41.0,0.0040509831044363,0.0075091394131014,0.0015808714553897,70.63,3.010113027959548,14.0,9.0,0.0942065991431894,0.0,0.0,0.0,0.0,0.0,5090548333.2
1646,54,69,1965,11,Male,0 Ocean Boulevard,40.33,-79.83,$14663,$29898,$19719,714,5,2026.762372881356,77.65254237288136,503.8691074565121,184.2265595669944,1031.0,82.72033898305085,29.45762711864407,24.604728395061727,14.1,935.8,0.8,42.73616308970055,-223.4878048780488,-196.0,-50.0,-500.0,136.4461655656214,2428.2,118.0,82.72033898305085,0.0202848068845405,0.2846019875012806,0.3165978410490473,0.8905734668774656,1949.1098305084745,0.0382946953801794,0.9612121501884268,Gardening Supplies,73.0,198.0,75781.0,0.0202848068845405,9761.0,0.0,9761.0,248320.96,1.0,0.0001024485196188,156.98,2.0,2.0,1.0,18.0,1.0,38.0,9.0,71.0,9761.0,0.0072730997746363,22.0,0.0022536365498873,0.0038926449498053,0.0009219422249539,156.98,2.8081127733026467,9.0,6.0,0.0879528590135312,0.0,0.0,0.0,0.0,0.0,2423860890.56
1153,63,62,1956,4,Male,690 Catherine Street,39.69,-104.81,$24849,$58006,$20196,774,1,795.8544067796611,84.90677966101696,254.9085416263832,101.6612430069184,617.0,37.83050847457627,22.084745762711865,21.66339561707036,11.77,404.0,0.34,24.92000637303025,-77.66666666666667,-73.0,-50.0,-404.0,34.2819953960287,6818.0,118.0,37.83050847457627,0.1182795698924731,0.2833781362007168,0.2627918529557874,1.0892875131292137,710.9476271186442,0.1065524378589458,0.8921926277496623,Service Stations,35.0,204.0,27092.0,0.0456989247311828,4464.0,0.0,4464.0,103929.82,9.0,0.002016129032258,90.6777777777778,0.0,0.0,0.0,23.0,0.0,22.0,4.0,49.0,4464.0,0.0109742441209406,23.0,0.0051511758118701,0.0049272116461366,0.0008958566629339,44.67777777777778,1.7129700690713738,9.0,6.0,0.0,0.0,0.0,0.0,0.0,0.0,463942716.48
78,37,63,1983,1,Male,5320 Mountain View Street,33.95,-118.29,$12362,$25205,$65179,688,1,2802.687037037037,370.8395061728395,378.2922088493379,182.3880791602156,1076.0,103.96296296296296,29.85185185185185,28.229003979109677,23.61,485.0,0.93,24.93709209259985,-79.25593667546174,-76.0,-50.0,-485.0,38.91784095106351,4352.0,81.0,103.96296296296296,0.1522384514903218,0.2796579978624866,0.0,0.0,2431.8475308641973,0.132268509742352,0.8673748170673845,Service Stations,43.0,123.0,22204.0,0.014606341289633,8421.0,1126.0,8421.0,257055.65,2.0,0.0002375014843842,66.21000000000001,0.0,1.0,4.0,31.0,8.0,112.0,14.0,170.0,8421.0,0.0201852291617193,32.0,0.0037995725480883,0.0132985039183091,0.0016623129897886,66.21000000000001,3.482630272952853,12.0,6.0,0.0055927294517127,0.0,0.0,0.0,1126.0,0.0,2164665628.65
1826,45,61,1974,5,Female,94936 Elm Drive,28.92,-81.92,$8155,$16628,$33926,654,1,851.0577966101696,171.83898305084745,198.49536545273463,108.3001503687652,695.0,60.10169491525424,26.54237288135593,14.733688380281691,10.295,171.52,0.24,16.14348731429433,-73.46739130434783,-72.0,-50.0,-100.0,15.23115306585208,6178.0,118.0,60.10169491525424,0.2923011844331641,0.2825719120135364,1.1501161733508436,1.060569294206959,679.2188135593221,0.2016752663193652,0.7971511043752304,Miscellaneous Food Stores,31.0,145.0,22204.0,0.0204455724760293,7092.0,0.0,7092.0,120701.82,3.0,0.0004230118443316,54.43666666666667,0.0,0.0,1.0,23.0,1.0,75.0,10.0,110.0,7092.0,0.0155082475680248,23.0,0.0032426335824051,0.0105738051600169,0.0014098406880022,54.43666666666667,2.264367816091954,10.0,6.0,0.0,0.0,0.0,0.0,0.0,0.0,856017307.44
1825,70,65,1949,9,Female,817 Ocean Avenue,39.69,-104.81,$24849,$45754,$9066,718,4,4659.2617796610175,575.5677966101695,1104.228638692536,355.2004966216007,1794.0,119.78813559322032,29.983050847457623,40.68019903810581,23.81,1495.69,0.12,83.58140910969168,-109.54354838709678,-79.0,-50.0,-491.0,96.14520037127296,3332.0,118.0,119.78813559322032,0.2030420940926777,0.2862398302087018,0.8583551240820335,1.0666752644720767,4083.693983050848,0.1235054646762859,0.8762799551032714,Miscellaneous Food Stores,87.0,380.0,75781.0,0.0268836222143615,14135.0,0.0,14135.0,617709.89,12.0,0.0008489564909798,106.2925,5.0,2.0,4.0,37.0,1.0,87.0,30.0,166.0,14135.0,0.0117430673457838,44.0,0.0031126202603282,0.0061544991511035,0.0021222410865874,106.2925,3.995195025438101,13.0,7.0,0.0543743926499602,0.0,0.0,0.0,0.0,0.0,8731329295.15
803,69,73,1951,2,Female,55 El Camino Boulevard,37.53,-120.84,$22799,$46487,$57336,635,3,2275.287627118644,174.6271186440678,1077.95898980052,239.88707445184025,1100.0,90.23728813559322,29.21186440677966,25.618696564885497,6.14,482.0,0.79,39.01061991179799,-122.6547619047619,-83.0,-50.0,-482.0,106.10163402914938,4057.0,118.0,90.23728813559322,0.0065740045078888,0.2907588279489106,0.5079869600651996,1.5540812860655084,2100.6605084745765,0.0767157526859262,0.92284493552057,Service Stations,74.0,318.0,50867.0,0.0298647633358377,10648.0,0.0,10648.0,289089.94,14.0,0.0013148009015777,81.90785714285714,2.0,1.0,4.0,43.0,0.0,48.0,15.0,113.0,10648.0,0.0106113250070429,46.0,0.0043196544276457,0.0045074654897173,0.0014085829655366,81.90785714285714,3.0890629532927183,10.0,6.0,0.0931722230310088,0.0,0.0,0.0,0.0,0.0,3078229681.12
1141,66,57,1953,10,Male,35 Essex Drive,36.48,-80.61,$15838,$27266,$19798,777,5,3178.044406779661,556.6101694915254,735.6898064135156,360.9856884228582,1939.0,98.55084745762711,29.322033898305083,34.07316372887516,11.635000000000002,889.43,0.01,61.47339609996763,-105.42536115569824,-80.0,-50.0,-492.0,90.32626000479016,3584.8,118.0,98.55084745762711,0.0232178175251526,0.2878149453951328,0.5035005594735815,0.8297815641648713,2621.434237288136,0.1750872583926456,0.8245981816729705,Miscellaneous Food Stores,83.0,298.0,14528.0,0.0256255911944277,11629.0,0.0,11629.0,440689.24,14.0,0.0012038868346375,83.2957142857143,3.0,4.0,0.0,37.0,2.0,85.0,18.0,149.0,11629.0,0.0128116938950988,44.0,0.0037833190025795,0.0073086844368013,0.0015477214101461,83.2957142857143,3.360982658959537,12.0,7.0,0.0493902346188395,0.0,0.0,0.0,0.0,0.0,5124775171.96
994,85,67,1934,10,Female,577 12th Lane,40.09,-74.21,$13006,$9795,$396,771,7,1962.778813559322,428.6949152542373,493.1075178213303,256.73260919387906,1344.0,70.21186440677967,27.73728813559322,30.05942894224529,19.27,525.77,0.7,37.53040885325581,-87.21724137931035,-76.0,-50.0,-491.0,60.7319292666218,5047.714285714285,118.0,70.21186440677967,0.3684972842486421,0.2819553409776705,0.6364164979046778,0.819364538206321,1534.0838983050849,0.2183010185740998,0.7811897591076354,Miscellaneous Food Stores,69.0,240.0,22204.0,0.0289680144840072,8285.0,0.0,8285.0,282193.9,19.0,0.0022933011466505,172.09263157894736,1.0,0.0,0.0,36.0,0.0,165.0,20.0,222.0,8285.0,0.0267921795800144,37.0,0.0044653632633357,0.0199131064446053,0.0024137098720733,59.04,2.531316834708219,13.0,7.0,0.0314310000593037,0.0,0.0,0.0,0.0,0.0,2337976461.5
524,57,62,1962,3,Male,252 Eighth Lane,38.37,-81.81,$17282,$35239,$43270,726,1,2164.4516379310344,467.3017241379311,613.9998922488845,305.5144263249342,1582.0,53.38793103448276,23.629310344827587,44.8110637158665,25.83,1304.07,0.03,71.14186356017147,-91.87627118644068,-79.0,-50.0,-500.0,68.66970189907381,3531.0,116.0,53.38793103448276,0.0137251735830776,0.2827385758114,1.0257186081694405,0.9190737383552648,1697.1499137931032,0.2157987349855623,0.7837394675849852,Miscellaneous Food Stores,73.0,254.0,80738.0,0.0410140481188438,6193.0,1.0,6193.0,305283.39,6.0,0.0009688357823348,53.69333333333333,0.0,2.0,0.0,19.0,2.0,58.0,7.0,88.0,6193.0,0.0142072973845657,21.0,0.0033903777849531,0.0093639005489183,0.0011301259283177,-6.306666666666666,2.2593943816125504,11.0,7.0,0.0216388724911452,0.0,0.0,0.0,1.0,0.0,1890620034.27
1752,34,60,1986,1,Female,887 Grant Street,29.97,-92.12,$18730,$38190,$81262,810,1,5317.840084745762,2250.43220338983,780.8112400656207,380.12025714798335,3596.0,142.77966101694915,29.42372881355932,46.57501150449046,36.9,1416.58,0.26,53.301441497889165,-78.68177777777778,-75.0,-50.0,-488.0,35.68647738082598,3774.0,118.0,142.77966101694915,0.0361467236467236,0.2824667616334283,1.1619675521944282,1.1102309632049483,3067.407881355932,0.4231058214823919,0.5767061676009295,Miscellaneous Food Stores,74.0,248.0,22204.0,0.0147198480531813,16848.0,0.0,16848.0,893056.13,6.0,0.0003561253561253,130.28666666666666,0.0,0.0,4.0,68.0,0.0,164.0,33.0,269.0,16848.0,0.0159653391892693,68.0,0.0040358478247967,0.0097335153421568,0.0019585732090925,130.28666666666666,4.852534562211981,16.0,11.0,0.0111390612761342,0.0,0.0,0.0,0.0,0.0,15046209678.24
1777,47,67,1972,5,Male,166 12th Street,38.83,-77.21,$30622,$62432,$95799,741,5,5782.708474576271,410.0593220338983,1065.6447773083166,348.44424175642735,1743.0,135.1271186440678,30.21186440677966,43.715779358062655,19.52,1442.2,0.32,73.72761424850955,-144.43880597014925,-88.0,-50.0,-497.0,122.53378485017,4704.2,118.0,135.1271186440678,0.0932580746315459,0.2864220758858576,1.139371293504876,0.8896911898267488,5372.6491525423735,0.0708990302392342,0.9289280703132236,Miscellaneous Food Stores,80.0,423.0,47917.0,0.0265286923800564,15945.0,0.0,15945.0,730746.6,23.0,0.001442458450925,100.19652173913045,3.0,13.0,5.0,26.0,2.0,93.0,44.0,186.0,15945.0,0.011664367239433,42.0,0.0026338893766461,0.0058321836197165,0.0027593126802959,55.93565217391304,4.4726507713885,15.0,9.0,0.1238943539720591,0.0,0.0,0.0,0.0,0.0,11651754537.0
364,65,65,1954,5,Female,9052 River Lane,35.79,-83.97,$18273,$39809,$0,775,4,5841.765254237288,311.1101694915254,785.3854626191678,260.86793934103787,1187.0,102.91525423728814,29.89830508474576,58.27443570885113,50.98,853.9,0.08,54.35829082529427,-116.54285714285714,-79.0,-50.0,-494.0,102.86820105352813,2669.75,118.0,102.91525423728814,0.0654644268774703,0.2868083003952569,0.229327724205753,1.0408136782860309,5530.655084745763,0.0532470766758774,0.946581771488222,Service Stations,88.0,293.0,83480.0,0.024127140974967,12144.0,0.0,12144.0,726039.3,15.0,0.0012351778656126,127.62466666666666,2.0,3.0,1.0,24.0,2.0,218.0,14.0,264.0,12144.0,0.0217373404693289,29.0,0.0023878139151914,0.0179497735693701,0.0011527377521613,127.62466666666668,3.442176870748299,15.0,6.0,0.0679341904554369,0.0,0.0,0.0,0.0,0.0,8817021259.2
1369,59,67,1961,1,Female,535 Grant Boulevard,39.35,-85.96,$17585,$35854,$49101,850,2,4165.598728813559,482.7372881355933,726.731062862418,278.89012105729404,1225.0,154.02542372881356,30.3135593220339,27.931620070462557,13.635000000000002,1014.58,0.28,42.12380616075234,-98.72270363951472,-76.0,-50.0,-491.0,80.79938755206474,5174.0,118.0,154.02542372881356,0.0118844566712517,0.2832462173314993,0.8323339001760195,0.8952560981569797,3682.861440677966,0.1158588382407184,0.8839011578459974,Miscellaneous Food Stores,75.0,314.0,44578.0,0.0172764786795048,18175.0,0.0,18175.0,548503.65,15.0,0.0008253094910591,190.6533333333333,4.0,2.0,4.0,39.0,4.0,142.0,46.0,241.0,18175.0,0.0132592429577464,45.0,0.0024757922535211,0.0078125,0.0025308098591549,139.05333333333334,5.081073525300531,17.0,7.0,0.0300365142897268,0.0,0.0,0.0,0.0,0.0,9969053838.75
1142,52,62,1967,3,Male,544 Main Drive,42.15,-71.13,$38878,$79272,$107029,716,3,5319.711525423729,545.6238983050848,1434.2247902866784,348.3778743821604,2093.0,70.27966101694915,26.991525423728813,81.7883986970684,38.98,4978.45,0.1,152.02845849817322,-104.1806148867314,-78.0,-9.62,-500.0,91.13673827539954,3722.3333333333335,118.0,70.27966101694915,0.3156879295791631,0.2941034607500301,0.5381861959158116,0.9677770970464152,4774.087627118644,0.1025471679300697,0.8972648872818655,Service Stations,87.0,341.0,22204.0,0.041119016037622,8293.0,0.0,8293.0,692109.58,17.0,0.0020499216206439,397.8735294117647,2.0,1.0,0.0,26.0,0.0,76.0,11.0,116.0,8293.0,0.0139860139860139,29.0,0.0034965034965034,0.0091632505425608,0.0013262599469496,397.8735294117647,2.6037676609105183,11.0,7.0,0.0800191101539467,0.0,0.0,0.0,0.0,0.0,5739664746.94
1577,53,66,1966,12,Male,153 Wessex Drive,27.33,-82.54,$19983,$40745,$18371,718,4,2357.401186440678,275.70338983050846,942.5705723145894,336.6665221965172,1484.0,41.94915254237288,22.059322033898304,58.305038775937966,35.8,1290.18,1.01,102.6906732188265,-181.7486033519553,-97.0,-50.0,-496.0,141.30415213630403,4915.25,118.0,41.94915254237288,0.1361616161616161,0.2842424242424242,1.0308873022363414,1.0138698970285749,2081.697796610169,0.1169026675425832,0.8826733163885013,Service Stations,82.0,220.0,61195.0,0.0444444444444444,4950.0,1.0,4950.0,310706.34,8.0,0.0016161616161616,91.63625,5.0,5.0,3.0,10.0,0.0,55.0,8.0,86.0,4950.0,0.0173702282367198,20.0,0.0040395879620278,0.0111088668955766,0.0016158351848111,-21.613750000000003,1.901651940069151,8.0,6.0,0.1100079916395155,0.0,0.0,0.0,1.0,0.0,1537996383.0000002
1413,39,65,1980,5,Female,796 Sussex Avenue,39.03,-87.05,$15285,$31170,$33165,685,5,3178.626271186441,260.90677966101697,714.5487093656127,234.49574877374545,1101.0,103.83898305084746,29.75423728813559,31.3662736243519,13.94,1154.86,0.4,50.24829053986677,-104.36271186440678,-77.0,-50.0,-493.0,86.9997300377098,2970.0,118.0,103.83898305084746,0.2970701052803395,0.2898065779809026,0.8586159360352908,1.0666648750596552,2917.719491525424,0.0820558007163724,0.9176296969129992,Service Stations,75.0,255.0,39021.0,0.0208112299028809,12253.0,0.0,12253.0,405864.9,7.0,0.0005712886640006,129.98714285714286,16.0,25.0,19.0,19.0,0.0,93.0,25.0,197.0,12253.0,0.0160763832218051,60.0,0.0048963603721233,0.0075893585767912,0.0020401501550514,129.98714285714286,3.48988892053546,13.0,6.0,0.0732753020657399,0.0,0.0,0.0,0.0,0.0,4973062619.7
663,68,63,1951,3,Female,6398 Lake Lane,35.92,-86.84,$36563,$70554,$39078,655,5,5673.551355932203,331.1271186440678,930.5700585739828,301.930471042198,1353.0,110.47457627118644,30.10169491525424,52.61545583149953,37.91,1241.11,0.69,68.3829385313785,-125.23397435897436,-81.0,-50.0,-484.0,110.57996655273143,4412.2,118.0,110.47457627118644,0.0345965019944768,0.2865909788278613,0.2124602278558965,0.8373916525917563,5342.424237288135,0.0583530041186262,0.9414707704959158,Miscellaneous Food Stores,78.0,382.0,98374.0,0.0293034673212641,13036.0,0.0,13036.0,708552.06,19.0,0.0014575023013194,81.87526315789472,1.0,1.0,2.0,29.0,0.0,60.0,27.0,120.0,13036.0,0.0092045716038966,31.0,0.0023778476643399,0.0046022858019483,0.0020710286108767,81.87526315789474,3.670045045045045,13.0,6.0,0.1342324819573117,0.0,0.0,0.0,0.0,0.0,9236684654.16
293,32,63,1987,8,Female,58221 Main Drive,35.22,-97.34,$20640,$42084,$57760,661,5,3068.034915254237,358.49152542372883,751.2120210753504,339.84432700022285,1623.0,78.21186440677967,28.805084745762716,40.69103293244914,14.12,992.87,0.2,72.02811345104396,-127.4156626506024,-85.0,-50.0,-497.0,107.9288766389723,753.4,118.0,78.21186440677967,0.1079206847979196,0.282262433633113,0.9701474498428811,0.9670642591413584,2709.543389830508,0.1168092039754561,0.8828649606959754,Service Stations,78.0,299.0,18563.0,0.0323978762596164,9229.0,1.0,9229.0,404330.12,4.0,0.0004334164048109,14.7475,12.0,12.0,14.0,23.0,0.0,52.0,20.0,133.0,9229.0,0.0144095341278439,47.0,0.0050920910075839,0.0056338028169014,0.0021668472372697,14.7475,2.715210355987055,11.0,6.0,0.0456468808358745,0.0,0.0,0.0,1.0,0.0,3731562677.48
126,63,65,1956,10,Male,5159 Wessex Avenue,34.72,-92.35,$13047,$26600,$0,799,4,2201.2010169491527,235.72033898305085,406.2746363893716,205.7916083773014,1148.0,94.09322033898304,29.6864406779661,24.06798739807265,10.77,613.24,0.19,31.73145308084753,-89.43729903536978,-76.0,-50.0,-477.0,67.51072859377169,4526.75,118.0,94.09322033898304,0.0280104476267675,0.2871296046113663,0.8386994487535978,1.0013269275939929,1965.480677966102,0.107038520629515,0.8925073882169965,Service Stations,65.0,219.0,61195.0,0.0197243988111321,11103.0,0.0,11103.0,287556.72,9.0,0.0008105917319643,117.98444444444443,0.0,5.0,2.0,42.0,0.0,90.0,23.0,162.0,11103.0,0.0145893371757925,47.0,0.0042327089337175,0.0081051873198847,0.0020713256484149,42.65111111111111,3.1695689409077934,10.0,7.0,0.0090235835490365,0.0,0.0,0.0,0.0,0.0,3192742262.16
940,49,61,1970,6,Female,620 12th Avenue,25.77,-80.2,$20499,$41800,$67836,699,6,3653.7648305084745,494.3730508474576,698.8450336343826,325.1152318886296,1651.0,93.70338983050848,29.60169491525424,41.108338100686495,31.630000000000003,2420.11,0.66,58.55380932649689,-102.52376098418276,-80.0,-0.02,-492.0,84.36500414604676,4722.333333333333,118.0,93.70338983050848,0.0270416930451297,0.2810889029574026,0.4659819335462316,0.8303948976581487,3159.3917796610167,0.1352680880369195,0.8644582965469386,Miscellaneous Food Stores,85.0,331.0,26810.0,0.0299357872840734,11057.0,0.0,11057.0,489480.27,14.0,0.0012661662295378,109.66428571428573,3.0,6.0,1.0,18.0,1.0,75.0,26.0,130.0,11057.0,0.0117561946102369,27.0,0.0024416711882799,0.0067824199674443,0.0023512389220473,109.66428571428573,3.165473804752362,11.0,8.0,0.0663043809916927,0.0,0.0,0.0,0.0,3.428354756550815e-07,5412183345.39
127,48,68,1971,7,Male,671 Little Creek Street,31.7,-86.26,$15474,$31553,$63938,729,3,6857.648559322034,483.4237288135593,868.6713194015892,310.2535882222485,1677.0,91.3813559322034,29.559322033898304,79.38806337682723,67.05,1086.69,0.21,73.17466932823292,-96.68474576271188,-78.0,-50.0,-495.0,76.97102582237794,4158.333333333333,118.0,91.3813559322034,0.0334786237596216,0.2837800241120282,0.9265663262258856,0.8974587320560776,6374.224830508475,0.070483816838305,0.9293703818436436,Miscellaneous Food Stores,76.0,234.0,22204.0,0.0217008253732727,10783.0,0.0,10783.0,866246.53,7.0,0.0006491699897987,140.06857142857143,4.0,3.0,0.0,25.0,0.0,66.0,20.0,118.0,10783.0,0.0109421364985163,32.0,0.0029673590504451,0.006120178041543,0.0018545994065281,140.06857142857143,3.0914564220183487,12.0,7.0,0.056359014812867,0.0,0.0,0.0,0.0,0.0,9340736332.99
509,33,66,1986,7,Male,239 Sussex Drive,38.41,-82.43,$21842,$44534,$107410,702,4,2905.1422033898302,254.83050847457628,616.3331145430069,301.9081567789346,1488.0,90.53389830508476,28.991525423728813,32.62651375273627,13.59,616.78,0.41,52.688001929521086,-170.85227272727272,-92.0,-50.0,-494.0,137.92238312265985,2205.5,118.0,90.53389830508476,0.0275203594495928,0.2699616212674342,1.044956438878301,0.9162929462928104,2650.311694915254,0.0876868682397346,0.9119690329756864,Service Stations,78.0,300.0,10173.0,0.02808199943836,10683.0,0.0,10683.0,372876.78,13.0,0.0012168866423289,97.07,2.0,2.0,4.0,33.0,0.0,43.0,21.0,105.0,10683.0,0.0098277798577311,37.0,0.0034631224260576,0.0040247098464994,0.0019655559715462,97.07,3.122771119555685,13.0,6.0,0.1076452395996142,0.0,0.0,0.0,0.0,0.0,3983442640.74
123,43,66,1976,9,Female,5180 Burns Boulevard,33.24,-84.27,$17811,$36315,$0,824,3,2889.7450000000003,254.1587288135593,722.8923611647463,270.65140066695693,1140.0,97.38983050847456,29.771186440677965,30.168089002919576,19.8,1200.77,0.04,60.833204456900006,-159.5251595744681,-87.0,-2.73,-489.0,131.2175289886155,2819.333333333333,118.0,97.38983050847456,0.0676122520013922,0.2729725026105116,1.4743218493175807,1.0129971266302993,2635.586271186441,0.087921531928122,0.9117325364867676,Miscellaneous Food Stores,76.0,366.0,75781.0,0.031848242255482,11492.0,0.0,11492.0,370980.64,1.0,8.70170553428472e-05,17.79,3.0,3.0,1.0,45.0,0.0,73.0,18.0,143.0,11492.0,0.0124423562168276,51.0,0.0044374836857217,0.0063516923344644,0.0015661707126076,17.79,3.2712781098775974,12.0,6.0,0.145373407936121,0.0,0.0,0.0,0.0,0.0,4263309514.88
870,63,64,1956,3,Female,1389 Park Lane,38.64,-76.9,$35114,$71593,$132181,821,3,4523.629152542373,333.7118644067797,1086.0179519935512,284.7569094242848,1426.0,97.6864406779661,29.203389830508478,47.59591975033437,2.93,1478.2,0.27,84.97858051572531,-126.21153846153848,-80.0,-50.0,-494.0,114.03835365515376,4088.0,118.0,97.6864406779661,0.0215147046065758,0.2833347792140193,0.504489481785531,1.0186643927716306,4189.9172881355935,0.0737545228915099,0.9260244645202124,Service Stations,77.0,352.0,14528.0,0.0305370000867528,11527.0,0.0,11527.0,573166.24,5.0,0.0004337642057777,42.422,3.0,4.0,2.0,33.0,0.0,93.0,33.0,168.0,11527.0,0.0145732130464954,40.0,0.0034698126301179,0.0080673143650242,0.0028625954198473,42.422,3.345037724898433,12.0,8.0,0.08207420198583,0.0,0.0,0.0,0.0,0.0,6606887248.48
1684,56,65,1963,11,Male,27019 Madison Lane,36.34,-83.28,$13668,$27861,$108313,782,5,3760.8403389830505,380.864406779661,642.8867860054343,259.60123645729783,1441.0,118.52542372881356,30.279661016949152,32.913977601424016,27.15,850.45,1.07,33.31062485564245,-89.3479125248509,-77.0,-50.0,-499.0,61.070466048025295,4011.0,118.0,118.52542372881356,0.2869297869297869,0.2783497783497783,1.843103047220284,1.014978184614746,3379.9759322033897,0.1012441710598013,0.898490001603074,Service Stations,60.0,152.0,39021.0,0.0108680108680108,13986.0,0.0,13986.0,488721.16,1.0,7.15000715000715e-05,112.99,43.0,50.0,47.0,9.0,1.0,105.0,33.0,288.0,13986.0,0.0205905483663401,102.0,0.0072924858797454,0.0075069707585615,0.0023593336669764,112.99,3.9143576826196473,13.0,6.0,0.0285472709876955,0.0,0.0,0.0,0.0,0.0,6835254143.759999
1086,57,64,1962,12,Female,442 Burns Boulevard,42.02,-71.21,$37407,$76274,$102611,698,2,3769.06372881356,513.8644067796611,1066.6259201606842,282.66802476857566,1608.0,42.47457627118644,20.04237288135593,100.05613498312712,80.08,1860.17,0.04,131.1072865389951,-106.94179894179894,-80.0,-50.0,-482.0,88.84055952404884,3028.5,118.0,42.47457627118644,0.0436951316839585,0.2867118914604948,1.224145447956832,0.9827724645869378,3255.199322033898,0.1363012521120894,0.863433500382316,Service Stations,74.0,268.0,22204.0,0.0534716679968076,5012.0,0.0,5012.0,505385.52,15.0,0.0029928172386272,136.50133333333332,1.0,2.0,1.0,15.0,0.0,56.0,9.0,84.0,5012.0,0.0167564332734889,18.0,0.0035906642728904,0.0111709555156592,0.0017953321364452,136.50133333333332,2.1192389006342496,9.0,6.0,0.0831835348054818,0.0,0.0,0.0,0.0,0.0,2532992226.24
1393,52,67,1967,4,Female,6467 Birch Street,41.25,-97.12,$16901,$34460,$43936,692,2,4068.410423728813,539.3898305084746,602.1190257398772,359.40394705770103,1746.0,99.77118644067797,29.406779661016948,43.0365244285074,33.49,1159.62,0.08,51.72129173687194,-102.99029126213593,-79.0,-50.0,-490.0,86.18464161414227,1871.0,118.0,99.77118644067797,0.0674424530705852,0.2817463688099889,1.0823980304887224,1.173523403040011,3529.020593220339,0.1325474145746719,0.8672068495825709,Miscellaneous Food Stores,71.0,328.0,61195.0,0.0278603584472946,11773.0,0.0,11773.0,543720.43,2.0,0.0001698802344347,210.345,1.0,3.0,2.0,55.0,0.0,88.0,27.0,176.0,11773.0,0.0149481909291659,59.0,0.0050110412773908,0.0074740954645829,0.0022931883811788,210.345,3.3927953890489917,12.0,6.0,0.0521924932049207,0.0,0.0,0.0,0.0,0.0,6401220622.39
1156,56,69,1963,6,Female,9603 South Lane,40.74,-74.33,$137428,$280199,$91367,752,5,9781.030338983051,730.5176271186441,1719.6891584654113,386.3369755999144,2098.0,110.70338983050848,29.61864406779661,92.85290265486726,70.82499999999999,5682.22,0.45,144.4271091119863,-136.17864139020537,-84.0,-0.08,-498.0,117.05038570513506,5027.4,118.0,110.70338983050848,0.2628033376712853,0.2874531118426089,0.957274095663049,1.0405525393841173,9050.512711864409,0.0746795503390954,0.9252182213948548,Service Stations,86.0,390.0,39021.0,0.0298553165429074,13063.0,0.0,13063.0,1240362.66,4.0,0.000306208374799,82.1425,30.0,29.0,19.0,13.0,1.0,51.0,40.0,183.0,13063.0,0.0140079608083282,72.0,0.0055113288426209,0.0039038579301898,0.0030618493570116,82.1425,3.737625178826896,13.0,6.0,0.1324097980002338,0.0,0.0,0.0,0.0,0.0,16202857427.579998
320,34,75,1985,8,Male,6444 Madison Drive,32.22,-110.82,$17480,$35641,$64419,625,2,3097.163813559322,351.8474576271187,702.5627650848165,304.2958700540358,1382.0,40.52542372881356,21.23728813559322,82.16396807553957,62.79,828.15,1.24,75.66074185250312,-124.30538922155688,-82.0,-50.0,-500.0,108.15761008601162,4229.5,118.0,40.52542372881356,0.1930154746967796,0.2779171894604768,1.8573455220059267,0.9903662321783268,2745.316355932204,0.1135664473541504,0.8861107808170575,Service Stations,78.0,237.0,27092.0,0.0495608531994981,4782.0,0.0,4782.0,406983.33,9.0,0.0018820577164366,199.24777777777777,3.0,3.0,1.0,17.0,0.0,62.0,7.0,93.0,4782.0,0.0194438636838804,23.0,0.0048086974702069,0.0129625757892536,0.0014635166213673,154.35888888888888,1.908220271348763,10.0,6.0,0.0636094318263927,0.0,0.0,0.0,0.0,0.0,1946194284.06
447,79,68,1940,3,Male,5336 Tenth Drive,43.22,-86.25,$19131,$30977,$21507,796,5,2405.3343220338984,407.40677966101697,893.5206495478097,312.7929665987446,1142.0,66.72033898305085,27.25423728813559,40.43154558404559,12.59,1054.2,0.05,80.33172728555493,-138.54178674351584,-85.0,-50.0,-493.0,117.27858420191328,5003.4,118.0,66.72033898305085,0.017020195605233,0.2860408992760066,0.5756943859353497,0.6263012301602559,1997.9275423728811,0.169305975454261,0.830278454692937,Service Stations,76.0,453.0,61195.0,0.0575384224564968,7873.0,0.0,7873.0,331903.45,12.0,0.0015241966213641,183.585,0.0,2.0,2.0,17.0,1.0,66.0,16.0,104.0,7873.0,0.0132080264160528,19.0,0.0024130048260096,0.0083820167640335,0.0020320040640081,183.585,2.4480721393034828,12.0,7.0,0.1099739989599584,0.0,0.0,0.0,0.0,0.0,2613075861.85
335,46,68,1973,7,Female,75 Birch Lane,26.74,-80.12,$27696,$56467,$66565,688,3,5839.347457627118,544.6525423728814,1444.1687750878634,385.7177431576664,2206.0,86.61864406779661,28.61864406779661,71.53685631229236,42.44,1303.86,0.82,95.2753626205666,-109.30102040816328,-79.0,-50.0,-497.0,94.50857130474628,2687.333333333333,118.0,86.61864406779661,0.1493982976225418,0.2835339007924861,1.5427969775795862,0.942840639807021,5294.694915254237,0.0932568732125004,0.9065719040978812,Miscellaneous Food Stores,89.0,371.0,26810.0,0.0362978182173955,10221.0,0.0,10221.0,753312.0,1.0,9.783778495254869e-05,87.83,4.0,9.0,3.0,28.0,2.0,79.0,20.0,145.0,10221.0,0.0141850909802387,41.0,0.0040109567599295,0.0077284288788886,0.0019565642731363,87.83,3.026650873556411,13.0,6.0,0.1138478294694258,0.0,0.0,0.0,0.0,0.0,7699601952.0
1977,43,69,1976,8,Female,825 Sussex Avenue,41.5,-87.5,$28048,$57185,$0,773,3,3011.4204237288136,259.6949152542373,1054.3667120087423,295.2771697616858,1489.0,101.2542372881356,29.6271186440678,30.23720302927161,0.55,3752.4,0.06,85.5858444950986,-156.3469387755102,-89.0,-50.0,-493.0,129.3699606111464,5761.666666666667,118.0,101.2542372881356,0.2184466019417475,0.2850686307331771,2.5152722443559097,1.7512301393962844,2751.725508474576,0.0862080582141265,0.9134599828095888,Service Stations,83.0,285.0,14528.0,0.023853364579846,11948.0,0.0,11948.0,385991.61,21.0,0.0017576163374623,106.16809523809522,1.0,1.0,3.0,37.0,0.0,123.0,26.0,191.0,11948.0,0.0159846012218595,39.0,0.0032638714536781,0.010293748430831,0.002175914302452,38.73952380952381,3.417620137299771,11.0,6.0,0.1262196116821667,0.0,0.0,0.0,0.0,0.0,4611827756.28
759,60,65,1959,12,Male,575 Bayview Lane,35.92,-86.84,$36563,$74550,$37427,687,4,3509.9546610169486,467.66101694915255,807.3054846683038,307.9884063846122,1775.0,60.88135593220339,24.88135593220339,62.6777618038741,46.315,1354.31,0.99,83.43058753896285,-95.80555555555556,-77.0,-50.0,-496.0,75.81481124334962,5037.5,118.0,60.88135593220339,0.129315144766147,0.2885579064587973,1.5641841235185987,1.012191037692376,3042.293644067796,0.133200528660115,0.8665146485220049,Miscellaneous Food Stores,82.0,280.0,50867.0,0.0389755011135857,7184.0,0.0,7184.0,469358.65,5.0,0.000695991091314,174.47599999999997,5.0,7.0,4.0,20.0,0.0,25.0,10.0,71.0,7184.0,0.0098816979819067,32.0,0.0044537230340988,0.0034794711203897,0.0013917884481558,174.47599999999997,2.446866485013624,11.0,7.0,0.0691673461991483,0.0,0.0,0.0,0.0,0.0,3371872541.6000004
1827,59,67,1960,5,Male,6320 East Avenue,33.25,-116.98,$22727,$46341,$78610,686,6,5728.979491525423,541.0254237288135,1177.3715793551512,317.0682598422484,1727.0,91.85593220338984,28.05084745762712,66.16615249094646,44.33,980.23,0.52,65.69511679477246,-103.637987012987,-79.0,-50.0,-496.0,88.34568348489272,2844.833333333333,118.0,91.85593220338984,0.0455761601623766,0.2861887628009964,1.7183994423751334,1.04592088706444,5187.95406779661,0.0944201326599832,0.9054053466455748,Miscellaneous Food Stores,74.0,363.0,51961.0,0.0334901743703293,10839.0,0.0,10839.0,739860.58,14.0,0.001291632069379,103.99571428571426,3.0,3.0,1.0,20.0,0.0,144.0,23.0,194.0,10839.0,0.0178966789667896,26.0,0.0023985239852398,0.0132841328413284,0.0021217712177121,103.99571428571429,3.274622356495468,13.0,7.0,0.0914445036183077,0.0,0.0,0.0,0.0,0.0,8019348826.62
1616,48,70,1971,8,Male,469 First Lane,33.0,-97.23,$46232,$94260,$39326,815,4,6426.174237288136,483.89830508474574,1193.2842356110975,290.03281246230574,1568.0,97.84745762711864,29.71186440677966,69.07976314111325,43.24,2224.02,0.98,97.3581561001369,-100.35149384885764,-79.0,-50.0,-497.0,80.16799813330195,2502.75,118.0,97.84745762711864,0.0220855707604365,0.284081067036203,0.857590431773374,1.0175012303958668,5942.275932203391,0.0752894331504727,0.9245549774780428,Service Stations,85.0,348.0,22204.0,0.0301403083318898,11546.0,0.0,11546.0,815388.56,3.0,0.0002598302442404,97.27666666666666,9.0,9.0,8.0,10.0,3.0,110.0,19.0,168.0,11546.0,0.0145492335671603,28.0,0.0024248722611933,0.0095262838832597,0.0016454490343812,97.27666666666666,3.293211637193383,12.0,7.0,0.0574245634927584,0.0,0.0,0.0,0.0,0.0,9414476313.76
1585,35,69,1984,11,Female,4346 El Camino Boulevard,30.33,-81.65,$20710,$42229,$0,688,3,5764.356075949368,502.43037974683546,824.967030336423,362.6320337280636,2127.0,147.9873417721519,30.367088607594937,40.338748339091154,36.33,958.3,0.03,43.32639284497734,-98.7363184079602,-77.0,-50.0,-489.0,78.71131713904742,2109.333333333333,79.0,147.9873417721519,0.3621589256693183,0.2917628945342571,0.6554710004729352,0.8872789931482141,5261.925696202532,0.0871464612294742,0.9126800889459482,Service Stations,79.0,252.0,71667.0,0.0215550423402617,11691.0,0.0,11691.0,495076.13,25.0,0.0021383970575656,119.1348,1.0,1.0,1.0,52.0,5.0,85.0,31.0,176.0,11691.0,0.0150530277112555,54.0,0.0046185425932261,0.0072699281560041,0.0026513855627779,119.1348,4.873280533555648,13.0,7.0,0.0570377648451868,0.0,0.0,0.0,0.0,0.0,5787935035.83
1520,67,65,1952,10,Male,8787 Rose Avenue,37.72,-122.44,$22549,$47213,$1082,789,5,6964.040593220339,216.95762711864407,1939.954250144004,238.69568632010416,946.0,119.76271186440678,30.059322033898304,58.84402363050484,45.29,966.0,0.21,57.69041145202696,-153.2994011976048,-84.0,-50.0,-500.0,133.93940884072595,3627.6,118.0,119.76271186440678,0.0267478063968298,0.2777384658930087,0.5764752318926386,0.4969238746525633,6747.082966101695,0.0311495136625373,0.9687069121562908,Miscellaneous Food Stores,78.0,317.0,49944.0,0.0224313614491933,14132.0,0.0,14132.0,847357.79,4.0,0.0002830455703368,92.6675,5.0,5.0,7.0,35.0,0.0,121.0,31.0,204.0,14132.0,0.0144343026958182,45.0,0.0031840373593716,0.0085615226774216,0.0021934479586782,92.6675,3.984212010149422,13.0,7.0,0.1047965002734161,0.0,0.0,0.0,0.0,0.0,11974860288.28
879,54,66,1966,2,Male,938 Forest Street,25.92,-97.48,$11140,$22714,$27227,702,3,3111.462288135593,422.1864406779661,637.933948166207,271.77013757552766,1560.0,91.1864406779661,29.440677966101696,35.956571344628344,29.06,1140.67,0.8,49.7704114060178,-90.7431693989071,-79.0,-50.0,-478.0,64.5952415549506,4514.333333333333,118.0,91.1864406779661,0.0740706319702602,0.2851301115241635,1.3691896040322749,1.1858447265046594,2689.275847457627,0.1356438734333586,0.8640348375332572,Service Stations,77.0,187.0,41122.0,0.0173791821561338,10760.0,0.0,10760.0,416970.55,11.0,0.0010223048327137,37.92545454545454,18.0,22.0,6.0,18.0,0.0,95.0,30.0,189.0,10760.0,0.0175634234736548,58.0,0.0053898336585819,0.008828175820091,0.0027878449958182,37.92545454545455,3.097294185377087,12.0,7.0,0.0654569541741102,0.0,0.0,0.0,0.0,0.0,4486603118.0
583,64,67,1955,11,Male,28 West Lane,41.76,-88.29,$14200,$28954,$41461,636,2,1993.26686440678,134.3050847457627,605.8793479124669,237.80673430310443,1008.0,48.11016949152543,24.75423728813559,42.076116279069765,11.625,909.81,0.09,62.58843670571592,-182.16091954022988,-99.0,-50.0,-497.0,142.86315403399144,3332.0,118.0,48.11016949152543,0.0618284305090716,0.2939933063237625,2.765128618443146,1.1541507078718458,1858.9617796610169,0.0673455930812516,0.932152969514433,"Lighting, Fixtures, Electrical Supplies",68.0,156.0,27092.0,0.0274793024484763,5677.0,0.0,5677.0,251053.49,1.0,0.0001761493746697,59.98,1.0,0.0,0.0,17.0,0.0,30.0,17.0,65.0,5677.0,0.0114476928495949,18.0,0.0031701303275801,0.0052835505459668,0.0029940119760479,59.98,1.943512495720644,9.0,4.0,0.1527541169789892,0.0,0.0,0.0,0.0,0.0,1425230662.73
1397,32,72,1987,4,Male,5381 12th Boulevard,36.88,-94.87,$17845,$36388,$92949,710,4,3158.597966101695,322.97542372881355,857.9486980743383,284.45884560959854,1521.0,76.7542372881356,28.39830508474576,42.66421245421245,17.07,1256.18,0.37,64.24413636072306,-118.72616822429906,-83.0,-0.01,-498.0,102.59970970942904,2031.25,118.0,76.7542372881356,0.0078392403665672,0.2808877111626366,0.6901002482905062,0.8882930916333984,2835.622542372881,0.102220417658801,0.8974630863785074,Miscellaneous Food Stores,79.0,288.0,50867.0,0.0317986088108645,9057.0,0.0,9057.0,410825.66,3.0,0.0003312355084465,15.48,2.0,1.0,0.0,19.0,6.0,58.0,21.0,107.0,9057.0,0.0118127621991609,22.0,0.0024287922278648,0.0064031795098255,0.0023183925811437,15.48,2.702775290957923,10.0,6.0,0.1363346548733866,0.0,0.0,0.0,0.0,0.0,3720848002.62
1755,53,70,1967,2,Male,302 Park Boulevard,31.96,-83.77,$13864,$28269,$66681,734,6,3876.964915254237,432.135593220339,626.6585995549302,232.01123297497503,1097.0,130.91525423728814,30.24576271186441,30.79027190738996,15.315,774.91,0.16,44.96254440637546,-86.4271186440678,-75.0,-50.0,-488.0,58.36467473171916,4701.166666666667,118.0,130.91525423728814,0.2389306059036768,0.2890341791817711,0.7221602009489255,0.9351726722096502,3444.829322033898,0.1114336005260141,0.8883085322622257,Miscellaneous Food Stores,74.0,219.0,39021.0,0.0141765924391506,15448.0,0.0,15448.0,508473.86,4.0,0.0002589331952356,69.9375,21.0,26.0,21.0,28.0,4.0,104.0,40.0,244.0,15448.0,0.0157939025179623,75.0,0.004854683151013,0.006731827302738,0.0025891643472069,69.9375,4.328383300644438,17.0,8.0,0.0362206577373364,0.0,0.0,0.0,0.0,0.0,7854904189.28
275,43,58,1977,2,Female,973 River Street,29.56,-95.02,$37415,$76288,$120771,710,4,8951.126610169491,284.0,1120.2768070041832,333.5394747201314,1672.0,171.04237288135593,30.39830508474576,52.682574692004586,40.8,939.58,0.38,58.36276918148299,-250.089552238806,-238.0,-50.0,-496.0,143.0340651725945,3492.25,118.0,171.04237288135593,0.0357726799781994,0.284645493732349,1.0879027900955176,1.0613723009323364,8667.126610169491,0.0317243055608016,0.968163989137928,Travel Agencies,84.0,368.0,50783.0,0.0182331665262844,20183.0,0.0,20183.0,1089744.94,9.0,0.0004459198335232,156.81,4.0,4.0,6.0,60.0,0.0,110.0,28.0,212.0,20183.0,0.0105033690051525,68.0,0.0033690051525961,0.0054498612762584,0.0013872374157748,156.81,5.626707555059939,14.0,5.0,0.1300689284755169,0.0,0.0,0.0,0.0,0.0,21994322124.02
1063,64,66,1956,2,Male,690 Jefferson Lane,41.91,-89.06,$18590,$37898,$36994,716,5,6134.5938135593215,334.43169491525424,849.8569990921093,320.14922926741764,1575.0,141.51694915254237,30.04237288135593,44.203839154860766,38.99,2060.21,0.2,47.53310233223967,-122.55571428571427,-80.0,-9.94,-496.0,109.3821647100354,3773.2,118.0,141.51694915254237,0.2035451224624229,0.283609796993832,1.0344784040523876,0.9150599343680864,5800.162118644067,0.0545068179344236,0.94533019865592,Service Stations,78.0,309.0,64057.0,0.0185041020420384,16699.0,0.0,16699.0,763345.01,15.0,0.0008982573806814,229.80666666666667,2.0,0.0,1.0,43.0,0.0,286.0,32.0,364.0,16699.0,0.0217964071856287,45.0,0.0026946107784431,0.017125748502994,0.0019161676646706,229.80666666666667,4.7105782792665725,16.0,6.0,0.1121276790913426,0.0,0.0,0.0,0.0,0.0,12747098321.99
865,41,65,1979,2,Male,9684 Grant Drive,38.06,-78.9,$18531,$37786,$107692,693,5,6605.694576271186,246.29661016949152,716.7413429211284,274.16042185459185,2073.0,100.3135593220339,29.966101694915253,67.34099006479481,53.0,864.78,0.52,50.12499925786351,-110.92748091603052,-81.0,-50.0,-468.0,95.07076658747572,2398.0,118.0,100.3135593220339,0.2747317732533581,0.2914589845400017,1.1348906689250386,0.9883381973301096,6359.397966101694,0.0372798541428111,0.9625687842362668,Miscellaneous Food Stores,70.0,229.0,95855.0,0.0193461181042493,11837.0,0.0,11837.0,808534.96,5.0,0.0004224043254202,184.076,3.0,5.0,2.0,27.0,1.0,122.0,20.0,180.0,11837.0,0.015205271160669,35.0,0.0029565805034634,0.0103057948977867,0.0016894745734076,184.076,3.3475678733031677,11.0,5.0,0.0618290668868703,0.0,0.0,0.0,0.0,0.0,9570628321.52
1022,47,64,1972,12,Female,27 Summit Street,34.98,-80.54,$17595,$35876,$50190,635,3,5975.655593220339,402.4322033898305,906.4050718060878,334.9982900533871,1630.0,90.33898305084746,29.55084745762712,68.59215564202334,60.005,1708.22,0.83,65.13427669116184,-124.9657894736842,-82.0,-50.0,-497.0,114.58195849162354,3520.0,118.0,90.33898305084746,0.0800187617260788,0.2877110694183865,0.4110311343256116,0.9095824618847564,5573.2233898305085,0.0673340126619195,0.9324986696828462,Miscellaneous Food Stores,79.0,262.0,27092.0,0.024577861163227,10660.0,0.0,10660.0,752614.36,8.0,0.0007504690431519,256.13125,2.0,4.0,4.0,35.0,0.0,126.0,19.0,190.0,10660.0,0.0178219679204577,41.0,0.0038457930775724,0.0118187787261982,0.0017821967920457,256.13125,3.057069113851448,11.0,6.0,0.1133128369272237,0.0,0.0,0.0,0.0,0.0,8022869077.599999
719,53,66,1966,11,Female,1959 Forest Street,42.27,-89.06,$24589,$50139,$109623,767,3,4484.887372881356,525.7966101694915,1174.5222351705963,309.4570530472986,1487.0,95.3813559322034,29.220338983050848,49.65441077125164,35.47,4199.33,0.01,99.44801613080756,-103.92629815745394,-78.0,-50.0,-496.0,85.32557817248001,2464.6666666666665,118.0,95.3813559322034,0.0597067969791203,0.2845846290537538,1.0179848392264372,1.0833472064847482,3959.090762711865,0.117211282063857,0.8825657966015491,Miscellaneous Food Stores,81.0,307.0,14528.0,0.0272767658818302,11255.0,0.0,11255.0,591260.71,7.0,0.0006219458018658,61.67428571428571,5.0,4.0,4.0,25.0,0.0,54.0,32.0,124.0,11255.0,0.0110163468372423,34.0,0.0030206112295664,0.0047974413646055,0.0028429282160625,61.67428571428571,3.2642111368909514,13.0,7.0,0.0780401321621403,0.0,0.0,0.0,0.0,0.0,6654639291.049999
890,37,66,1983,1,Female,911 Ocean Boulevard,33.87,-117.89,$25592,$52181,$26792,727,2,3434.4500847457625,417.5,1010.4207809997088,349.4642725340857,1618.0,69.65254237288136,26.97457627118644,51.58669933808554,14.67,904.49,0.6,78.89645702688932,-135.71625344352617,-84.0,-50.0,-499.0,121.57122567405246,3606.0,118.0,69.65254237288136,0.0620513444457963,0.2840978221194792,0.3241024384266633,1.0104571205445925,3016.9500847457625,0.1215270167521286,0.8781819005730159,Service Stations,77.0,308.0,61195.0,0.0374741452731475,8219.0,0.0,8219.0,454530.11,9.0,0.001095023725514,200.35777777777776,2.0,3.0,1.0,7.0,0.0,160.0,17.0,190.0,8219.0,0.0231143552311435,12.0,0.0014598540145985,0.0194647201946472,0.0020681265206812,96.13555555555556,2.582155199497329,13.0,7.0,0.1420655218609182,0.0,0.0,0.0,0.0,0.0,3735782974.09
1976,33,69,1986,3,Female,2552 Forest Avenue,39.61,-76.85,$27906,$56897,$0,699,5,6948.748898305084,431.3050847457627,1451.169406139118,364.4639550131657,2015.0,99.1271186440678,29.41525423728813,72.39558273000176,48.685,1575.76,0.66,105.42425780129528,-137.18059299191376,-84.0,-50.0,-498.0,119.81522824602636,2312.2,118.0,99.1271186440678,0.1225100453107634,0.2803282893049499,1.0135828554180502,0.9362640045615948,6517.443813559322,0.0620605278056808,0.9377955821035212,Miscellaneous Food Stores,87.0,277.0,39021.0,0.0236812857997777,11697.0,0.0,11697.0,870846.37,7.0,0.0005984440454817,87.81142857142858,11.0,14.0,15.0,39.0,0.0,71.0,23.0,173.0,11697.0,0.0147888527953496,64.0,0.0054710206872969,0.00606941357497,0.0019661480594973,87.81142857142858,3.369922212618842,13.0,6.0,0.1271834168385892,0.0,0.0,0.0,0.0,0.0,10186289989.89
1528,78,73,1942,1,Female,324 Lafayette Drive,32.61,-93.28,$17311,$27992,$1058,695,6,10758.84220338983,492.457627118644,1014.3909190097584,301.0587483931748,1597.0,184.8135593220339,30.41525423728813,59.85024420139544,60.0,1206.26,0.29,49.436903276685655,-97.82828282828282,-77.0,-50.0,-494.0,81.02786651217687,4224.833333333333,118.0,184.8135593220339,0.0293470286133528,0.2834739545121056,0.976241215942514,0.9755298528734404,10266.384576271186,0.0457681086590189,0.9541389531750584,Service Stations,78.0,245.0,27092.0,0.0112344093910491,21808.0,0.0,21808.0,1327653.38,26.0,0.0011922230374174,83.89615384615384,1.0,2.0,3.0,63.0,2.0,227.0,53.0,351.0,21808.0,0.0160942730065569,66.0,0.0030262735567884,0.0104085469301664,0.0024301893713604,28.973076923076924,6.076344385622736,15.0,9.0,0.073566106244945,0.0,0.0,0.0,0.0,0.0,28953464911.04
1668,92,67,1927,6,Male,619 North Avenue,42.91,-71.12,$26541,$56099,$933,751,6,6260.43906779661,361.957627118644,833.4495210469026,235.67068846776075,1129.0,87.41525423728814,29.364406779661017,75.27326370491136,74.35499999999999,950.89,0.16,59.00104062005006,-85.25149700598803,-76.0,-50.0,-484.0,54.73810941889107,3372.5,118.0,87.41525423728814,0.0265632573921473,0.2963645176926806,1.7904191616766467,1.118970635633105,5898.481440677966,0.0578074182627183,0.9420328740424254,Miscellaneous Food Stores,72.0,220.0,26810.0,0.0213281628696073,10315.0,0.0,10315.0,781442.81,6.0,0.0005816771691711,104.77,2.0,2.0,1.0,34.0,1.0,188.0,23.0,251.0,10315.0,0.0243311360992632,38.0,0.0036835982939123,0.0182241178751454,0.002229546335789,104.77,2.976911976911977,12.0,7.0,0.0534744334144971,0.0,0.0,0.0,0.0,0.0,8060582585.150001
359,66,61,1953,7,Male,338 Littlewood Street,33.94,-83.99,$24252,$57383,$20725,799,4,3981.840254237288,303.09322033898303,1008.6096388089028,281.9223384389897,1655.0,88.73728813559322,28.983050847457623,46.28678455324599,27.12,3677.13,0.29,91.35618666707538,-111.765625,-80.5,-50.0,-495.0,90.4249705760715,2807.5,118.0,88.73728813559322,0.023397956260147,0.2885111259669564,1.210108676901846,0.951568469416992,3678.747033898305,0.0760997682537044,0.923649154641474,Service Stations,80.0,330.0,97814.0,0.0315156145544838,10471.0,0.0,10471.0,505622.15,39.0,0.0037245726291662,97.16102564102565,4.0,6.0,1.0,14.0,0.0,47.0,18.0,90.0,10471.0,0.0085943468296409,24.0,0.0022918258212375,0.0044881588999236,0.0017188693659281,94.28923076923076,3.0616959064327487,13.0,7.0,0.0838505843538556,0.0,0.0,0.0,0.0,0.0,5294369532.650001
554,59,67,1960,8,Male,6310 Sixth Street,29.66,-95.04,$26170,$53357,$114266,690,5,5996.299661016949,325.5508474576271,849.6416909124907,287.2928639909637,1592.0,110.72881355932203,30.21186440677966,55.51693683797568,31.86,1083.78,0.22,71.26762567136299,-119.67289719626169,-82.0,-50.0,-490.0,104.23166286878728,3998.8,118.0,110.72881355932203,0.2501148017756008,0.2926679932649625,1.3342643820164366,1.124325075012352,5670.748813559322,0.0542829049503296,0.945550353339814,Miscellaneous Food Stores,77.0,343.0,75781.0,0.0262513393540486,13066.0,0.0,13066.0,745978.36,3.0,0.0002296035512015,221.95666666666665,3.0,2.0,3.0,28.0,0.0,168.0,21.0,225.0,13066.0,0.0172189484962118,33.0,0.0025254457794444,0.0128568148771715,0.0016071018596464,221.95666666666668,3.66507713884993,12.0,6.0,0.1384319033735943,0.0,0.0,0.0,0.0,0.0,9746953251.76
1332,63,68,1956,6,Male,547 West Drive,41.0,-73.66,$35269,$71909,$44190,712,3,3371.0770338983048,429.0847457627119,1187.3612818766132,335.15608243679435,1547.0,66.0,26.508474576271187,53.74774895284421,21.09,1143.71,0.39,89.34135762397094,-130.83204134366926,-82.0,-50.0,-498.0,114.18000154613767,4108.333333333333,118.0,66.0,0.1608885464817668,0.2842835130970724,1.4105000068102262,0.8686942400381379,2941.992288135593,0.1272464245179673,0.8724570223517372,Service Stations,83.0,356.0,22204.0,0.0457113507960965,7788.0,0.0,7788.0,448419.09,26.0,0.0033384694401643,158.21346153846156,4.0,3.0,1.0,26.0,0.0,51.0,9.0,94.0,7788.0,0.0120683014507638,33.0,0.004236744126332,0.0065476954679676,0.0011554756708178,109.44423076923076,2.489769820971867,13.0,5.0,0.1090198092153338,0.0,0.0,0.0,0.0,0.0,3492287872.92
1362,58,67,1962,1,Male,3385 Hill Lane,38.78,-77.27,$35563,$72510,$44317,727,4,3904.041271186441,516.4831355932204,913.8952640345972,327.7672991065281,2000.0,64.55932203389831,26.17796610169492,65.58611474943052,26.305,1340.97,0.88,83.74919841940157,-102.60102693602694,-80.0,-0.01,-497.0,85.96266089560179,5044.75,118.0,64.55932203389831,0.0219217642425833,0.2806510895248096,1.4984199527333038,1.0032201803999403,3387.55813559322,0.1322606087172802,0.8674833120429487,Miscellaneous Food Stores,82.0,300.0,61195.0,0.0393804148070359,7618.0,0.0,7618.0,521621.88,10.0,0.0013126804935678,98.165,3.0,2.0,1.0,13.0,2.0,69.0,12.0,102.0,7618.0,0.0133875836723979,18.0,0.0023625147657172,0.0090563066019162,0.0015750098438115,98.165,2.466170281644545,10.0,7.0,0.0599711121367912,0.0,0.0,0.0,0.0,1.6407965016905946e-07,3973715481.84
1899,31,67,1988,8,Female,761 Main Avenue,47.94,-122.0,$28037,$57166,$111755,737,2,1828.4483898305084,55.95762711864407,298.2861854478164,65.08132901051039,242.0,62.47457627118644,27.44915254237288,29.61659711736445,19.76,466.6,1.32,21.08484481000688,-75.89655172413794,-76.0,-51.0,-163.0,16.598567101758988,3864.5,118.0,62.47457627118644,0.0055615843733043,0.282555615843733,1.3405741282801829,0.9390635227322772,1772.4907627118644,0.0305871580907665,0.9688662290583004,Miscellaneous Food Stores,37.0,199.0,17493.0,0.0269940314704286,7372.0,0.0,7372.0,222359.91,8.0,0.0010851871947911,146.66375000000002,1.0,0.0,1.0,34.0,0.0,29.0,10.0,75.0,7372.0,0.0101722501017225,35.0,0.0047470500474705,0.0039332700393327,0.001356300013563,105.91375,2.276011114541525,9.0,6.0,0.0,0.0,0.0,0.0,0.0,0.0,1639237256.52
1047,26,67,1994,2,Male,225 Ocean View Avenue,37.55,-77.46,$26269,$53554,$119852,689,2,6198.3225,505.6919318181818,1239.849173980031,374.28706245542674,1903.0,105.8181818181818,29.75,61.45942309859155,47.17,1695.66,0.52,78.47348458807515,-101.83270022883296,-79.0,-1.22,-492.0,90.54768582514065,1292.5,88.0,105.8181818181818,0.0965420962199312,0.2777061855670103,0.5883467582013492,0.7904781952605028,5692.6305681818185,0.0815721285379461,0.9182665635126772,Service Stations,78.0,284.0,24196.0,0.0304982817869415,9312.0,0.0,9312.0,589953.27,0.0,0.0,0.0,7.0,2.0,1.0,37.0,0.0,84.0,20.0,151.0,9312.0,0.0162138945559969,46.0,0.0049393321163964,0.0090196499516804,0.002147535702781,0.0,3.5569136745607333,13.0,9.0,0.0606940514211868,0.0,0.0,0.0,0.0,2.741456598809624e-05,5493644850.24
876,65,62,1954,5,Male,3216 Ninth Drive,37.68,-97.34,$22638,$49817,$26928,600,2,3490.1555932203387,513.771186440678,1014.700112563719,312.3360126589768,1542.0,67.33050847457628,26.6864406779661,56.13171050838217,35.5,1374.77,0.27,84.94991695447135,-99.87644151565074,-78.0,-50.0,-499.0,81.86848236334914,5158.5,118.0,67.33050847457628,0.0309628697293895,0.2899937067337948,1.027769325264,1.205829533663647,2976.384406779661,0.1471636461687349,0.852549915724083,Miscellaneous Food Stores,82.0,265.0,61195.0,0.0333543108873505,7945.0,1.0,7945.0,472463.36,10.0,0.001258653241032,135.54000000000002,2.0,0.0,0.0,32.0,0.0,59.0,10.0,103.0,7945.0,0.0129624968537629,34.0,0.0042788824565819,0.0074251195570098,0.0012584948401711,135.54000000000002,2.523023181962528,11.0,6.0,0.042011678157886,0.0,0.0,0.0,1.0,0.0,3753721395.2
57,28,66,1992,2,Female,9706 Mountain View Street,32.33,-111.05,$21494,$43826,$84935,823,1,4404.95476635514,321.70093457943926,761.3236762938338,249.01754939115975,1046.0,99.803738317757,29.82242990654205,45.429413012048194,38.44,1428.21,0.66,60.4098259745437,-113.23026315789474,-81.5,-50.0,-490.0,93.09439975603858,3256.0,107.0,99.803738317757,0.4641820395168087,0.2811124637138308,1.1269077025828125,1.0588850042600342,4083.2538317757007,0.073015033435209,0.9267580010027212,Service Stations,73.0,268.0,14528.0,0.0250959827699222,10679.0,0.0,10679.0,505752.16,0.0,0.0,0.0,2.0,4.0,1.0,40.0,0.0,180.0,16.0,243.0,10679.0,0.022752808988764,46.0,0.0043071161048689,0.0168539325842696,0.0014981273408239,0.0,3.346599811971169,12.0,6.0,0.0616448304912413,0.0,0.0,0.0,0.0,0.0,5400927316.639999
1517,37,71,1982,3,Male,7954 Wessex Boulevard,38.9,-77.26,$60593,$123540,$236393,764,4,4811.572542372882,434.2372881355933,1122.6449346198776,319.2432472354012,1240.0,84.36440677966101,28.56779661016949,59.15456970202126,28.09,1318.12,0.69,94.74515530992493,-143.52941176470588,-88.0,-50.0,-498.0,120.19227270933452,3628.75,118.0,84.36440677966101,0.0289301858362631,0.288598694123556,0.3198835002290726,0.9458550375141618,4377.335254237289,0.0902297647073988,0.9095624462169676,Service Stations,86.0,415.0,61195.0,0.041687594173782,9955.0,0.0,9955.0,619005.56,11.0,0.0011049723756906,119.57999999999998,4.0,5.0,3.0,22.0,8.0,52.0,22.0,116.0,9955.0,0.0116512655685014,31.0,0.0031137002812374,0.0052229811169144,0.002209722780233,119.58,2.953129635123109,10.0,6.0,0.1587791026716886,0.0,0.0,0.0,0.0,0.0,6162200349.8
973,55,68,1964,5,Male,1587 Rose Lane,34.51,-89.94,$12285,$25051,$19465,734,4,3061.327966101695,386.5169491525424,613.0236180396811,199.88983004323995,1119.0,145.5593220338983,30.21186440677966,21.718072506463056,12.31,1117.52,0.21,34.28634909352884,-83.99447513812154,-75.0,-50.0,-489.0,52.635468928715575,2099.5,118.0,145.5593220338983,0.1538775034932464,0.2867373078714485,0.6072219383409981,1.0249195922970071,2674.8110169491524,0.1262167061892373,0.8734567448548476,Miscellaneous Food Stores,59.0,208.0,26810.0,0.0121099208197484,17176.0,0.0,17176.0,406845.7,13.0,0.0007568700512342,49.52615384615384,2.0,1.0,2.0,18.0,4.0,110.0,35.0,172.0,17176.0,0.0100133899982534,21.0,0.0012225650579262,0.0064039122081853,0.0020376084298771,49.526153846153846,4.817952314165498,16.0,7.0,0.036987502740627,0.0,0.0,0.0,0.0,0.0,6987981743.2
1954,47,68,1973,1,Female,965 Wessex Street,33.94,-117.95,$23740,$48406,$80441,683,3,11322.698169014084,514.9154929577464,2169.7836069435325,336.0870527739108,1717.0,145.6338028169014,29.492957746478872,80.52805469297806,76.14,1258.56,0.2,72.72877581576108,-102.406162464986,-77.0,-50.0,-495.0,87.39362886624939,1541.3333333333333,71.0,145.6338028169014,0.2234042553191489,0.2853965183752417,1.5032363872795909,1.0685836963131956,10807.782676056337,0.0454723788352774,0.9544393107925212,Service Stations,73.0,239.0,27092.0,0.0231141199226305,10340.0,0.0,10340.0,840470.57,1.0,9.67117988394584e-05,160.32,1.0,4.0,1.0,8.0,1.0,122.0,17.0,154.0,10340.0,0.0148921767720723,13.0,0.0012571318054346,0.0117976984817715,0.0016439415917222,160.32,4.937917860553964,14.0,7.0,0.0410831509846827,0.0,0.0,0.0,0.0,0.0,8690465693.8
1484,92,72,1927,8,Female,290 Forest Street,32.28,-110.73,$30818,$57732,$2261,726,6,5460.471440677966,551.8474576271186,1133.6920175712382,333.180083415762,1642.0,134.0084745762712,30.203389830508478,42.418408821593154,20.0,2750.93,0.06,86.44032869524416,-106.40196078431372,-79.0,-50.0,-499.0,91.6384691628954,4387.5,118.0,134.0084745762712,0.2301271106051982,0.2848289382153924,0.753784030220138,1.029597545785064,4908.623983050848,0.1010437321921827,0.8987731669693598,Service Stations,86.0,389.0,27092.0,0.0246000126478214,15813.0,0.0,15813.0,709453.63,7.0,0.0004426737494466,87.20142857142855,2.0,2.0,4.0,46.0,0.0,89.0,41.0,184.0,15813.0,0.0116352598962944,50.0,0.0031617554066017,0.0056279246237511,0.0025926394334134,87.20142857142856,4.436868686868687,13.0,7.0,0.050722523380273,0.0,0.0,0.0,0.0,0.0,11218590251.19
300,40,64,1979,12,Male,69 Martin Luther King Street,41.36,-73.2,$37131,$75711,$121251,750,1,3767.733898305085,357.6186440677966,1106.8315368963945,357.2763042774398,1891.0,56.51694915254237,25.39830508474576,70.03664146187775,33.535,1483.98,0.03,109.21582179054144,-131.46105919003116,-85.0,-50.0,-494.0,113.1141260414658,4505.0,118.0,56.51694915254237,0.1139601139601139,0.2865497076023391,2.263254494639803,1.5809212257467806,3410.115254237288,0.0948909245698213,0.9048437343296968,Service Stations,83.0,299.0,50867.0,0.0448343079922027,6669.0,0.0,6669.0,486791.6,7.0,0.0010496326285799,119.10714285714286,3.0,5.0,1.0,22.0,2.0,62.0,14.0,109.0,6669.0,0.0163418290854572,30.0,0.0044977511244377,0.009295352323838,0.0020989505247376,119.10714285714286,2.225225225225225,10.0,6.0,0.1017772511848341,0.0,0.0,0.0,0.0,0.0,3246413180.4
704,51,67,1968,7,Female,6840 North Lane,41.2,-73.73,$55274,$112695,$35135,840,6,14257.060254237287,400.94118644067794,1558.896564634145,369.0545633510094,1492.0,175.83050847457628,30.406779661016948,82.38250379511288,32.31,1757.61,0.09,108.2425156028776,-144.68214067278288,-84.0,-13.06,-497.0,125.1668962549717,3581.0,118.0,175.83050847457628,0.2032967032967033,0.2851841141314825,1.1068792765790232,1.070645326237187,13856.119067796611,0.0281203178617178,0.9718095463707116,Service Stations,89.0,414.0,74146.0,0.0199537304800462,20748.0,0.0,20748.0,1729644.17,23.0,0.0011085405822247,85.25260869565219,16.0,15.0,21.0,30.0,3.0,118.0,39.0,242.0,20748.0,0.0116632126849486,61.0,0.0029399007181068,0.0056870210612559,0.0018796086558388,85.25260869565217,5.782608695652174,15.0,7.0,0.0887088831050687,0.0,0.0,0.0,0.0,0.0,35886657239.16
1417,54,68,1965,3,Female,336 Catherine Lane,42.63,-83.61,$25838,$52680,$87082,835,5,4324.737457627119,427.7490677966102,962.3192896341778,322.87373523710653,1391.0,64.11864406779661,27.14406779661017,70.78915522263837,27.5,1400.36,0.2,101.4804238173075,-141.38484593837535,-87.0,-1.39,-489.0,116.12332506401472,3505.4,118.0,64.11864406779661,0.063441712926249,0.2870737509912767,1.2269384229705231,0.9838555477624348,3896.988389830509,0.0988846576997883,0.900884167845036,Service Stations,92.0,368.0,22204.0,0.0486386465767909,7566.0,0.0,7566.0,560793.41,31.0,0.0040972772931535,175.69967741935483,0.0,3.0,1.0,15.0,0.0,86.0,15.0,120.0,7566.0,0.0158583322320602,18.0,0.002378749834809,0.0113651380996431,0.0019822915290075,150.28032258064516,2.362160474555105,11.0,7.0,0.1867840941892672,2.75381725629064e-05,0.0,0.0,0.0,0.0,4242962940.06
1289,33,64,1986,11,Male,27934 11th Street,26.14,-80.13,$20995,$42808,$117011,758,1,369.2248837209302,59.86046511627907,152.79554744624625,81.0575921313609,541.0,29.19767441860465,19.232558139534884,12.987051124744376,6.49,480.0,0.3,18.655788468658187,-78.0,-69.0,-50.0,-480.0,52.80180649590286,3286.0,86.0,29.19767441860465,0.003584229390681,0.2803663878932696,0.0,0.0,309.3644186046512,0.1616867686327669,0.8356121703527775,Miscellaneous Food Stores,30.0,137.0,84878.0,0.0545599362803663,2511.0,670.0,2511.0,36901.34,2.0,0.0007964954201513,78.46000000000001,0.0,2.0,1.0,10.0,0.0,4.0,4.0,21.0,2511.0,0.0083598726114649,12.0,0.0047770700636942,0.001592356687898,0.001592356687898,78.46000000000001,1.5181378476420797,7.0,6.0,0.0,0.0,0.0,0.0,670.0,0.0,92659264.74
1432,42,72,1977,8,Male,78 Lexington Street,40.96,-74.61,$34205,$69747,$80763,741,4,5196.333813559322,366.5847457627119,889.091623884401,306.9257914785284,1664.0,119.69491525423727,30.09322033898305,44.47109007832898,34.2,1036.58,0.51,60.9922825941909,-128.74107142857142,-85.0,-50.0,-491.0,109.2624455592812,5249.25,118.0,119.69491525423727,0.0740583404134806,0.2898612291135655,1.1057342568871176,1.0135807168469972,4829.749067796611,0.070533230866628,0.9292743627889132,Service Stations,86.0,414.0,39021.0,0.0293118096856414,14124.0,0.0,14124.0,656424.39,13.0,0.0009204191447182,196.2423076923077,14.0,20.0,29.0,18.0,0.0,52.0,25.0,158.0,14124.0,0.0111858407079646,52.0,0.0036814159292035,0.0036814159292035,0.0017699115044247,67.31923076923077,3.97747113489158,13.0,6.0,0.1244394100513199,0.0,0.0,0.0,0.0,0.0,9271338084.36
1094,34,62,1985,10,Male,74786 Jefferson Drive,44.75,-85.6,$20325,$41442,$78833,712,3,2254.808220338983,339.90533898305085,870.4278113728535,347.7243162314106,1642.0,44.95762711864407,23.33050847457627,52.40641520583021,19.03,1308.24,0.91,89.92780463091577,-175.91592105263155,-95.0,-1.83,-500.0,136.62964147645613,3154.333333333333,118.0,44.95762711864407,0.0388312912346842,0.2738925541941565,0.5010725395373812,0.7666378759005579,1914.9028813559323,0.1506800693065888,0.8488766305976921,Service Stations,74.0,177.0,83480.0,0.0333647502356267,5305.0,0.0,5305.0,306176.2,9.0,0.0016965127238454,91.14222222222224,1.0,4.0,0.0,13.0,1.0,187.0,16.0,222.0,5305.0,0.0418394270637014,18.0,0.0033923859781379,0.0352431209950998,0.0030154542027892,91.14222222222222,1.926988739556847,9.0,5.0,0.0814513549421675,0.0,0.0,0.0,0.0,0.0,1624264741.0
1181,61,66,1958,4,Male,747 Rose Drive,35.4,-80.59,$25299,$51581,$35134,810,5,4072.907881355932,211.78813559322035,858.5255506453244,243.8844777563988,1089.0,71.90677966101696,28.28813559322034,57.73704108601634,36.7,1337.57,0.3,86.15843067905894,-155.22360248447205,-92.0,-50.0,-499.0,126.56539688809498,4077.4,118.0,71.90677966101696,0.1076016499705362,0.2863877430760165,0.5796808453285892,1.116475287309876,3861.119745762712,0.0519864812266521,0.947768054214717,Miscellaneous Food Stores,89.0,279.0,50783.0,0.0328815556865055,8485.0,0.0,8485.0,505594.13,2.0,0.0002357100766057,275.0,3.0,1.0,2.0,19.0,1.0,76.0,18.0,120.0,8485.0,0.014140938015555,23.0,0.0027103464529813,0.0089559274098515,0.0021211407023332,0.0,2.541941282204913,10.0,7.0,0.1692141485275288,0.0,0.0,0.0,0.0,0.0,4289966193.05
898,90,66,1929,6,Female,145 River Drive,40.59,-75.47,$12427,$19893,$1712,566,3,2009.539237288136,359.3135593220339,436.75741026626,197.17954415984988,968.0,66.70338983050847,26.71186440677966,32.31915360501567,15.68,592.19,0.02,39.11434406131985,-79.39887640449439,-76.0,-50.0,-487.0,36.834909805084,3499.333333333333,118.0,66.70338983050847,0.0961758353449371,0.2811586837758861,1.076221797693033,0.9545825347096984,1650.2256779661018,0.1787150196614341,0.8207876013362299,Miscellaneous Food Stores,57.0,156.0,22204.0,0.0198195909033159,7871.0,0.0,7871.0,279524.63,4.0,0.0005081946385465,159.205,2.0,7.0,2.0,19.0,0.0,67.0,18.0,115.0,7871.0,0.0146087398373983,28.0,0.0035569105691056,0.0085111788617886,0.0022865853658536,159.20499999999998,2.4971446700507616,12.0,8.0,0.0103537735849056,0.0,0.0,0.0,0.0,0.0,2200138362.73
386,48,64,1971,11,Male,3034 Third Boulevard,42.26,-71.8,$24506,$49967,$62509,655,1,6345.248728813559,404.1529661016949,1150.0808439072018,393.14368136920217,1975.0,135.78813559322035,30.33050847457627,47.83971311737269,20.0,1473.97,0.78,76.90949941601806,-144.51530303030304,-82.0,-0.05,-500.0,129.93767473976592,6331.0,118.0,135.78813559322035,0.0337015540161018,0.2876490045559508,2.55846101836366,1.3537095645587622,5941.095762711864,0.0636837576609216,0.9361586689374152,Miscellaneous Food Stores,85.0,461.0,18563.0,0.0287711414841165,16023.0,0.0,16023.0,796429.4,9.0,0.000561692566935,187.4688888888889,17.0,30.0,10.0,52.0,0.0,88.0,36.0,233.0,16023.0,0.0145406889665501,99.0,0.0061782326510234,0.0054917623564653,0.0022466300549176,187.4688888888889,4.476948868398994,14.0,7.0,0.119770900410035,0.0,0.0,0.0,0.0,0.0,12761188276.2
826,67,60,1952,11,Female,563 Birch Drive,33.98,-83.88,$26767,$57705,$22475,684,3,2794.059915254237,359.39830508474574,1176.4256325564695,324.98594683174883,1505.0,34.95762711864407,19.516949152542374,84.69023118417672,40.45,1479.57,0.23,149.5270031979257,-182.79741379310343,-98.0,-50.0,-500.0,143.33092938356995,3549.6666666666665,118.0,34.95762711864407,0.0256969696969696,0.2836363636363636,0.5272923768882956,0.9184282351426593,2434.661610169492,0.1285833992764534,0.8710588266398704,Miscellaneous Food Stores,88.0,359.0,22204.0,0.087030303030303,4125.0,0.0,4125.0,372108.07,21.0,0.005090909090909,115.18380952380956,4.0,0.0,1.0,3.0,0.0,40.0,9.0,57.0,4125.0,0.0138148327678138,7.0,0.0016965584100824,0.0096946194861851,0.0021812893843916,115.18380952380951,1.7911419887103777,9.0,5.0,0.0937278943645366,0.0,0.0,0.0,0.0,0.0,1534945788.75
794,49,67,1970,11,Female,803 Plum Avenue,33.94,-118.2,$14528,$29621,$0,730,3,1821.5443902439024,402.3292682926829,467.7973711971951,258.4212302021857,1364.0,36.21951219512195,17.829268292682926,57.91649476541296,40.86,563.02,1.22,53.62720245815775,-84.37595907928389,-76.0,-50.0,-476.0,51.908394015516535,2606.333333333333,82.0,36.21951219512195,0.034006734006734,0.3057239057239057,0.8109635725121044,0.8087336942664223,1419.215121951219,0.2207514233652444,0.778699893153929,Service Stations,58.0,128.0,61195.0,0.0430976430976431,2970.0,0.0,2970.0,182357.64,11.0,0.0037037037037037,136.99909090909088,0.0,3.0,2.0,8.0,0.0,27.0,6.0,46.0,2970.0,0.015483002356109,11.0,0.0037024570851565,0.0090878492090205,0.002019522046449,136.9990909090909,2.031463748290013,8.0,6.0,0.0509517458777885,0.0,0.0,0.0,0.0,0.0,541602190.8000001
37,41,60,1978,7,Female,533 Sussex Drive,43.31,-76.57,$17013,$34690,$48954,683,4,5742.489830508475,2357.745762711864,940.529554297824,428.5279351701686,3363.0,129.44915254237287,28.8135593220339,57.11512137559002,40.945,2101.58,0.06,70.11957806337708,-81.56376429199648,-76.0,-50.0,-497.0,46.85063581871373,2661.5,118.0,129.44915254237287,0.0147954173486088,0.2898854337152209,1.0040372384551572,0.970743342191863,3384.744067796611,0.4105075193461484,0.5893183704822469,Miscellaneous Food Stores,85.0,255.0,59935.0,0.0166939443535188,15275.0,0.0,15275.0,955827.8,1.0,6.546644844517185e-05,48.14,2.0,4.0,1.0,44.0,0.0,122.0,36.0,209.0,15275.0,0.0136815920398009,50.0,0.003273108143493,0.007986383870123,0.002356637863315,48.14,4.492647058823529,14.0,9.0,0.0157324371439354,0.0,0.0,0.0,0.0,0.0,14600269645.0
616,45,72,1974,5,Female,4173 Wessex Avenue,32.19,-88.05,$17076,$34817,$63313,586,1,2699.7540476190475,466.5238095238095,849.6229815631699,292.5652095829309,1315.0,70.66666666666667,26.404761904761905,40.86114234234234,17.43,1281.69,0.32,67.57019071567079,-101.52331606217616,-79.0,-50.0,-480.0,83.01587903696371,1247.0,42.0,70.66666666666667,0.2122641509433962,0.2991913746630728,1.153440913880109,1.2461956466082007,2233.230238095238,0.1727383542885333,0.8268913787481045,Miscellaneous Food Stores,63.0,169.0,59935.0,0.0569407008086253,2968.0,0.0,2968.0,132983.67,13.0,0.0043800539083557,93.79692307692306,1.0,2.0,0.0,0.0,0.0,28.0,7.0,38.0,2968.0,0.0127989221960255,3.0,0.001010441226002,0.0094307847760188,0.0023576961940047,75.79692307692306,2.6762849413886385,11.0,5.0,0.0857871906098494,0.0,0.0,0.0,0.0,0.0,394695532.56000006
951,57,66,1962,9,Female,381 Catherine Avenue,33.91,-118.23,$13075,$26664,$12241,709,4,2709.9211016949157,422.78177966101697,546.8518094547225,258.30429023385574,1724.0,104.82203389830508,29.872881355932204,27.11529636224879,17.66,478.0,0.12,31.986944358258537,-86.61154513888889,-77.0,-1.25,-478.0,57.19072812851103,4854.75,118.0,104.82203389830508,0.0326623009135742,0.28450157652195,1.351580305830025,1.043947143613729,2287.139322033898,0.1559550292321995,0.8436760924557851,Service Stations,72.0,171.0,77668.0,0.0138248847926267,12369.0,0.0,12369.0,369658.94,8.0,0.0006467782359123,70.07124999999999,14.0,22.0,16.0,24.0,1.0,94.0,25.0,196.0,12369.0,0.0158447857720291,60.0,0.0048504446240905,0.0075990299110751,0.002021018593371,70.07124999999999,3.508936170212766,12.0,6.0,0.0436967883862756,0.0,0.0,0.0,0.0,0.0,4572311428.86
705,84,71,1935,9,Female,136 Hillside Avenue,37.91,-122.01,$42234,$79870,$4031,609,2,9110.24694915254,610.3644067796611,1335.194827476057,433.96958547282674,1649.0,168.89830508474577,30.35593220338983,55.165450813362746,39.29,1422.41,0.16,73.8071934514088,-162.58013544018058,-89.0,-50.0,-499.0,134.84784374239203,6056.0,118.0,168.89830508474577,0.0620170597089814,0.2856497742097341,0.5301177727183293,0.8974802218856276,8499.88254237288,0.0669902166175435,0.9329000289212306,Service Stations,93.0,574.0,15143.0,0.0288008028098344,19930.0,0.0,19930.0,1147032.14,16.0,0.0008028098344204,209.058125,29.0,28.0,14.0,15.0,0.0,79.0,44.0,209.0,19930.0,0.0104861773117254,72.0,0.0036124629973408,0.0039636746776378,0.0022076162761527,209.058125,5.56393076493579,16.0,6.0,0.1199738975896923,0.0,0.0,0.0,0.0,0.0,22860350550.2
839,45,63,1975,1,Female,96493 Valley Stream Avenue,41.63,-73.21,$26674,$54384,$69717,622,3,3274.385932203389,357.6101694915254,1032.4306448511477,296.803772233334,1508.0,39.38135593220339,20.508474576271187,89.50139911975909,63.92,1685.01,0.26,112.69718181997446,-128.2613981762918,-83.0,-50.0,-494.0,114.85557632911345,2515.0,118.0,39.38135593220339,0.1295459436195395,0.2797503765870454,1.2720369194706256,1.3151157113447276,2916.775762711864,0.1091810787777784,0.8905136136887892,Miscellaneous Food Stores,76.0,309.0,22204.0,0.0664945125887669,4647.0,1.0,4647.0,428575.54,10.0,0.0021519259737465,148.91,1.0,1.0,0.0,25.0,1.0,41.0,7.0,76.0,4647.0,0.0163511187607573,27.0,0.0058089500860585,0.0088209982788296,0.0015060240963855,148.91000000000005,1.9202479338842973,11.0,6.0,0.0613758619872508,0.0,0.0,0.0,1.0,0.0,1991590534.38
608,32,65,1987,10,Male,702 Grant Drive,37.78,-121.99,$0,$2365,$0,769,3,1465.423653846154,362.0192307692308,438.2229937382209,204.56774132701264,1266.0,61.10576923076923,25.71153846153846,25.87944642553914,13.96,2554.03,0.84,45.62863413012416,-80.79399141630901,-77.0,-50.0,-455.0,39.64884093482675,1470.6666666666667,104.0,61.10576923076923,0.0350904799370574,0.2862313139260425,1.064445901878268,1.1047245466905766,1103.4044230769232,0.246872198098907,0.7524458707297176,Miscellaneous Food Stores,60.0,109.0,61195.0,0.0171518489378442,6355.0,3.0,6355.0,190054.06,6.0,0.0009441384736428,150.015,1.0,1.0,2.0,34.0,0.0,9.0,8.0,55.0,6355.0,0.0086532410320956,36.0,0.0056639395846444,0.0014159848961611,0.001258653241032,150.015,2.3765893792071804,12.0,6.0,0.0168388621816153,0.0,0.0,0.0,3.0,0.0,1207793551.3
920,41,68,1978,11,Female,37 Sixth Lane,35.11,-106.62,$14078,$28704,$103891,700,2,1426.9522033898304,239.3728813559322,402.43785762075817,225.7967771192467,1048.0,53.813559322033896,24.889830508474574,27.77178954313046,9.0,493.0,0.06,42.4731589437814,-98.41811846689896,-76.0,-50.0,-493.0,78.686192393396,4032.5,118.0,53.813559322033896,0.0549606299212598,0.2866141732283465,0.627807243883792,1.0960331896662852,1187.5793220338985,0.1676336790458969,0.8316660174021873,Miscellaneous Food Stores,66.0,196.0,41260.0,0.0308661417322834,6350.0,0.0,6350.0,196626.36,2.0,0.0003149606299212,56.31,1.0,1.0,1.0,2.0,0.0,22.0,15.0,42.0,6350.0,0.0066131317902692,4.0,0.0006298220752637,0.0034640214139505,0.002361832782239,56.31,2.1620701395982294,10.0,6.0,0.0752646298721988,0.0,0.0,0.0,0.0,0.0,1248577386.0
1131,76,69,1943,4,Male,2609 Plum Drive,38.88,-94.81,$28490,$19682,$0,683,4,7493.500370370371,517.5277777777778,1063.420254671088,292.4587184970251,1408.0,83.48148148148148,28.666666666666668,95.58261958190624,83.81,1122.97,0.18,78.81544920923561,-101.80874316939892,-79.0,-50.0,-483.0,82.17986902108449,3484.75,108.0,83.48148148148148,0.077639751552795,0.2826086956521739,0.901414126611958,1.0268320743383272,6975.972592592592,0.069054340143051,0.9308122286806756,Service Stations,79.0,283.0,27092.0,0.0313886424134871,9016.0,0.0,9016.0,865191.04,14.0,0.0015527950310559,107.06214285714286,2.0,3.0,1.0,24.0,4.0,116.0,15.0,165.0,9016.0,0.0182987689919041,29.0,0.0032161472773649,0.0128645891094599,0.0016635244538094,107.06214285714286,2.9121447028423773,11.0,7.0,0.0332236018177264,0.0,0.0,0.0,0.0,0.0,7800562416.64
17,76,65,1943,7,Male,2012 Forest Avenue,35.73,-81.32,$17850,$21867,$21103,759,2,7188.246101694916,462.9406779661017,955.3249678387596,312.84621962647907,1289.0,150.16101694915255,30.35593220338983,50.16340646992726,39.07,1473.01,0.18,54.625918159783375,-100.41727941176472,-78.0,-50.0,-493.0,80.90487647780343,4793.0,118.0,150.16101694915255,0.1058750493820193,0.2832552627123427,0.9295363544512216,1.002140430295687,6725.305423728814,0.0643934943132577,0.9354674090435264,Miscellaneous Food Stores,75.0,360.0,26810.0,0.0203171736553981,17719.0,0.0,17719.0,902840.04,12.0,0.0006772391218466,91.98333333333332,2.0,2.0,4.0,45.0,1.0,361.0,42.0,457.0,17719.0,0.0257900677200902,49.0,0.002765237020316,0.0203724604966139,0.0023702031602708,91.98333333333332,4.946677833612507,14.0,6.0,0.0922237680310463,0.0,0.0,0.0,0.0,0.0,15997422668.76
631,83,65,1936,5,Female,273 Elm Drive,35.46,-97.51,$17070,$33811,$2206,682,7,3173.492627118644,540.7203389830509,810.2159546060341,307.7812211549149,1438.0,72.15254237288136,27.3135593220339,47.43756397263745,28.49,1203.79,0.05,67.90698074207849,-102.91129032258064,-79.0,-50.0,-498.0,85.90711557026088,4364.857142857143,118.0,72.15254237288136,0.0320648343904157,0.2848249941273197,0.6420697663320979,0.9532601701522986,2632.772288135593,0.1703328381877013,0.8293521508428425,Service Stations,78.0,322.0,59935.0,0.037820061075875,8514.0,0.0,8514.0,438277.13,13.0,0.001526896875734,68.20923076923076,3.0,1.0,3.0,16.0,3.0,65.0,15.0,106.0,8514.0,0.0124486200822078,20.0,0.002348796241926,0.0076335877862595,0.0017615971814445,68.20923076923077,2.641638225255973,11.0,6.0,0.059242077547566,0.0,0.0,0.0,0.0,0.0,3731491484.82
11,39,67,1980,10,Female,6339 Fourth Street,39.45,-76.81,$33175,$67643,$0,714,6,5281.986949152542,316.70338983050846,1107.1151279647436,315.8256391545581,1164.0,84.69491525423729,29.21186440677966,63.71646493559599,46.805,1540.17,1.06,92.43532887719516,-176.27830188679246,-93.5,-50.0,-500.0,140.6398475921815,4376.5,118.0,84.69491525423729,0.0645387232339403,0.2853712227336402,2.149068439636391,1.0187954864528157,4965.283559322034,0.0599477895513846,0.9398629235907024,Miscellaneous Food Stores,84.0,343.0,35451.0,0.0343205923554132,9994.0,0.0,9994.0,660645.46,8.0,0.0008004802881729,114.9875,2.0,3.0,0.0,27.0,0.0,75.0,16.0,123.0,9994.0,0.0123061530765382,32.0,0.0032016008004002,0.0075037518759379,0.0016008004002001,23.7375,2.899332753118654,11.0,6.0,0.0819865139676763,0.0,0.0,0.0,0.0,0.0,6602490727.24
1133,30,66,1989,10,Female,781 Federal Street,43.11,-77.8,$22855,$46599,$12700,684,4,2939.7793220338986,301.13194915254235,773.0628420025156,284.6150429148699,1397.0,80.46610169491525,28.73728813559322,37.76333115610712,21.37,1644.17,0.86,68.60315372534494,-114.9953721682848,-81.0,-3.57,-486.0,99.13840905656537,2860.0,118.0,80.46610169491525,0.0587677725118483,0.2838335966298052,0.8047508126985563,0.9304565077704434,2638.647372881356,0.1023986896589961,0.8972612644244308,Miscellaneous Food Stores,76.0,258.0,21003.0,0.027172195892575,9495.0,0.0,9495.0,382427.53,3.0,0.0003159557661927,78.73,4.0,0.0,0.0,51.0,0.0,117.0,15.0,187.0,9495.0,0.0196925021061499,55.0,0.0057919123841617,0.0123209772535804,0.0015796124684077,78.73,2.80005897965202,11.0,6.0,0.120249098272471,0.0,0.0,0.0,0.0,0.0,3631149397.35
604,60,65,1959,12,Male,53 Madison Street,39.84,-75.71,$34744,$70840,$52578,736,4,4698.615508474576,283.1271186440678,1025.9373741775637,295.7075983175576,1243.0,66.92372881355932,28.11864406779661,72.04218165280665,39.115,2890.23,0.28,94.06710955535962,-166.2139303482587,-90.0,-50.0,-500.0,136.83635849062605,3507.5,118.0,66.92372881355932,0.0221603140433075,0.2763074585285551,0.4535393778421666,0.871481121086847,4415.488389830508,0.0602447409013607,0.939542475734086,Service Stations,81.0,286.0,39021.0,0.0362162846650626,7897.0,0.0,7897.0,587845.63,19.0,0.0024059769532733,282.52473684210526,25.0,15.0,15.0,18.0,1.0,79.0,20.0,173.0,7897.0,0.0219042795644466,58.0,0.007343631299063,0.0100025322866548,0.0025322866548493,246.41947368421052,2.3800482218203736,11.0,6.0,0.1667165519305597,0.0,0.0,0.0,0.0,0.0,4642216940.11
327,44,67,1975,7,Male,7485 Seventh Street,44.41,-71.97,$18069,$36843,$52248,772,5,7669.052881355932,310.0990677966102,970.1320252243949,282.8371942379975,1488.0,169.40677966101694,30.35593220338983,45.99716580258209,47.425,791.54,0.74,41.19513505187864,-115.79648734177216,-82.0,-0.69,-500.0,100.77137897084448,4206.2,118.0,169.40677966101694,0.0298149074537268,0.2856928464232116,0.6585992416225113,1.033854081239551,7358.953813559322,0.0404298474330453,0.9594397753693696,Miscellaneous Food Stores,77.0,299.0,39021.0,0.0149574787393696,19990.0,0.0,19990.0,941539.93,5.0,0.0002501250625312,89.13,44.0,39.0,48.0,44.0,1.0,250.0,37.0,463.0,19990.0,0.0231604221899854,127.0,0.0063528587864539,0.0125056275323895,0.0018508328747936,89.13,5.580681183696259,14.0,6.0,0.0559674623538198,0.0,0.0,0.0,0.0,0.0,18821383200.7
375,50,66,1970,2,Female,4492 Grant Drive,35.7,-81.21,$18444,$37617,$57746,695,3,2458.6034188034187,207.75213675213675,730.5652379578083,267.14299109158827,1294.0,72.8974358974359,27.743589743589745,34.371681204444975,7.46,1276.13,0.17,65.75356043988563,-151.91875,-90.0,-50.0,-500.0,131.37817954790196,4138.666666666667,117.0,72.8974358974359,0.0719896822605229,0.2872552468050182,0.1652841655716163,0.8817755661184833,2250.851282051282,0.0844657049847519,0.9151277254063612,Miscellaneous Food Stores,78.0,227.0,86438.0,0.0266150779692812,8529.0,31.0,8529.0,311963.6,20.0,0.002344940790245,207.771,4.0,3.0,4.0,29.0,1.0,46.0,18.0,105.0,8529.0,0.0123094958968347,36.0,0.0042203985932004,0.0053927315357561,0.0021101992966002,207.771,2.6275415896487986,11.0,6.0,0.0680023037683067,0.0,0.0,0.0,31.0,0.0,2660737544.4
1993,59,72,1960,3,Female,963 11th Drive,37.35,-122.03,$45509,$92785,$122254,786,6,5181.091525423729,612.8936440677966,1363.2596357559385,344.98489459973746,1834.0,73.71186440677967,27.39830508474576,75.65509219156046,26.85,1681.32,0.24,125.67342046897112,-117.21466774716367,-81.0,-1.45,-489.0,99.80974897205714,4133.666666666667,118.0,73.71186440677967,0.0658772131524488,0.2800643826166935,1.0498715583925309,1.0181895506514256,4568.197881355933,0.1182714819027982,0.8815355458204495,Service Stations,84.0,355.0,61195.0,0.0408139802253391,8698.0,0.0,8698.0,683690.25,20.0,0.0022993791676247,124.244,3.0,5.0,1.0,21.0,1.0,72.0,14.0,117.0,8698.0,0.0134498218185998,29.0,0.0033337165191401,0.0082768134268306,0.0016093803885504,62.14399999999999,2.690380451592948,13.0,10.0,0.1231706060842795,0.0,0.0,0.0,0.0,0.0,5946737794.5
1070,61,65,1958,11,Male,841 Wessex Boulevard,42.03,-91.58,$25275,$51528,$58509,745,6,3734.615593220339,346.9491525423729,817.1273233457514,299.04902972382786,1239.0,72.87288135593221,28.57627118644068,53.29358326278873,39.09,1038.15,0.2,68.80613191835106,-124.06060606060606,-83.0,-50.0,-481.0,106.82862433989764,3915.6666666666665,118.0,72.87288135593221,0.4214443539946505,0.2836376322828235,0.6900741401968806,0.8279209418207456,3387.6664406779664,0.0928760317769421,0.9068562747264852,Miscellaneous Food Stores,81.0,266.0,26810.0,0.0309338295150598,8599.0,0.0,8599.0,481624.64,15.0,0.0017443888824281,129.75933333333333,1.0,5.0,2.0,16.0,0.0,68.0,13.0,105.0,8599.0,0.0122093023255813,22.0,0.0025581395348837,0.007906976744186,0.0015116279069767,129.75933333333333,2.55011862396204,11.0,6.0,0.0658020077672748,0.0,0.0,0.0,0.0,0.0,4141490279.36
1455,36,67,1983,12,Male,83 Sixth Drive,32.72,-117.09,$16838,$34330,$15223,713,4,2089.0054237288136,246.5254237288136,485.8524432616586,187.65223845180407,832.0,72.09322033898304,27.94915254237288,30.03565736566346,10.86,952.89,0.14,50.821072315072,-96.96666666666668,-78.0,-51.0,-492.0,75.68018580823374,2373.0,118.0,72.09322033898304,0.2015986834371693,0.2796520512519101,1.157477630016344,0.9906217155254636,1842.48,0.1179544420937355,0.8815670902484074,Miscellaneous Food Stores,67.0,233.0,76199.0,0.0273892088867991,8507.0,0.0,8507.0,275592.64,8.0,0.0009404020218643,148.73624999999998,0.0,1.0,5.0,18.0,0.0,82.0,11.0,117.0,8507.0,0.0137517630465444,19.0,0.0022331922896097,0.0096379877762106,0.0012929007992477,148.73625,2.579442086112796,11.0,6.0,0.0533842081743494,0.0,0.0,0.0,0.0,0.0,2344466588.48
629,72,70,1947,5,Male,4388 Hillside Street,39.27,-76.83,$39053,$57513,$11755,793,5,6582.381864406779,369.8922881355932,2064.3950267723244,317.1436415249042,1520.0,74.08474576271186,28.228813559322035,91.46503297220914,27.935,1846.66,0.91,155.4657631945797,-174.58916,-98.0,-0.29,-491.0,126.3739810214557,3480.8,118.0,74.08474576271186,0.041638069091741,0.2824296499656829,0.7101691426775114,0.817477655652276,6212.489576271186,0.0561857561590685,0.9436623462265143,Miscellaneous Food Stores,94.0,541.0,61195.0,0.0618851521390986,8742.0,0.0,8742.0,820368.35,22.0,0.0025165865934568,60.60818181818181,3.0,4.0,2.0,22.0,0.0,76.0,20.0,127.0,8742.0,0.0145259064394372,29.0,0.0033169392656982,0.0086926684204506,0.0022875443211712,60.60818181818181,2.624437105974182,12.0,6.0,0.1464203981415996,6.644017440316676e-06,0.0,0.0,0.0,0.0,7171660115.7
1060,76,68,1944,2,Male,359 Valley Street,39.77,-86.14,$17909,$21547,$16040,785,5,3138.45220338983,501.6016949152543,698.3800108176305,297.4038992907491,1790.0,61.23728813559322,25.033898305084747,55.91685942926166,40.6,706.73,0.61,54.31760303583425,-98.1575456053068,-79.0,-50.0,-497.0,77.91308336909084,3146.6,118.0,61.23728813559322,0.0487129809022972,0.276916689731525,0.6655001258034264,0.9699591880505872,2636.850508474576,0.1597736364241025,0.8399078366689038,Miscellaneous Food Stores,74.0,265.0,22204.0,0.0366731248270135,7226.0,0.0,7226.0,429526.36,34.0,0.0047052311098809,111.35676470588236,3.0,4.0,5.0,15.0,0.0,194.0,6.0,227.0,7226.0,0.0314099903140999,22.0,0.0030441400304414,0.0268437802684378,0.0008302200083022,85.1214705882353,2.4461746784021665,10.0,7.0,0.0367122824801486,0.0,0.0,0.0,0.0,0.0,3103757477.36
810,77,65,1942,5,Female,239 West Drive,37.68,-85.22,$16521,$22540,$16946,705,6,5690.799406779661,504.3220338983051,836.8875782420744,322.6667959672323,1558.0,123.4322033898305,30.220338983050848,47.975589769236265,20.17,860.84,0.09,60.96541412645064,-104.77112676056338,-78.0,-50.0,-500.0,92.88346082794932,4372.166666666667,118.0,123.4322033898305,0.0244421558530724,0.295228286989358,0.6998144226609285,0.9626648609429416,5186.477372881356,0.0886050259075527,0.9112192827286918,Service Stations,79.0,312.0,27092.0,0.0214212152420185,14565.0,0.0,14565.0,731024.33,20.0,0.0013731548232063,135.6895,2.0,5.0,1.0,52.0,1.0,62.0,27.0,150.0,14565.0,0.0102979541397775,59.0,0.0040505286283125,0.004256487711108,0.0018536317451599,81.3895,4.084408300616937,15.0,9.0,0.0626438809631832,0.0,0.0,0.0,0.0,0.0,10647369366.45
1276,82,66,1937,6,Female,7236 South Boulevard,41.83,-87.68,$25365,$41793,$1141,730,5,4215.29372881356,267.60169491525426,1221.501240110343,277.55123157887243,1112.0,46.78813559322034,23.35593220338983,93.72614659883172,65.99,1530.09,0.27,126.38334441005354,-147.55607476635515,-86.0,-50.0,-498.0,125.66377427405996,4577.0,118.0,46.78813559322034,0.0412968665096902,0.2869045462778482,0.4515850972129107,0.6882404185301737,3947.6920338983055,0.0634684659388177,0.9362943589343248,Miscellaneous Food Stores,81.0,293.0,14528.0,0.0530700959971019,5521.0,1.0,5521.0,528981.66,3.0,0.0005433798224959,75.59666666666668,3.0,4.0,1.0,20.0,0.0,86.0,12.0,126.0,5521.0,0.0228178196305686,27.0,0.0048895327779789,0.015574067366896,0.0021731256791017,75.59666666666668,2.003265602322206,9.0,6.0,0.1394325163088225,0.0,0.0,0.0,1.0,0.0,2920507744.86
1361,67,66,1952,12,Male,9385 Lincoln Drive,42.38,-83.1,$14848,$28714,$12978,638,2,2868.4409322033903,313.635593220339,825.7339447740507,287.5229211302746,1316.0,72.73728813559322,27.8135593220339,43.37212070732958,8.73,914.93,0.56,82.80420697546947,-124.6094276094276,-81.0,-50.0,-493.0,110.69114404630288,5950.0,118.0,72.73728813559322,0.1234999417453105,0.2882442036583945,1.267252894033838,1.1748921016075513,2554.805338983051,0.1093019862163547,0.8903495138411034,Miscellaneous Food Stores,76.0,307.0,26810.0,0.035768379354538,8583.0,0.0,8583.0,375485.03,1.0,0.000116509379005,1.85,4.0,3.0,1.0,33.0,0.0,58.0,13.0,112.0,8583.0,0.0130475302889096,40.0,0.0046598322460391,0.0067567567567567,0.0015144454799627,1.85,2.6151736745886653,12.0,6.0,0.0717914077276411,0.0,0.0,0.0,0.0,0.0,3222788012.49
1105,77,60,1942,6,Male,766 Mountain View Drive,26.21,-98.31,$14275,$22104,$20031,670,3,6697.443135593221,284.6864406779661,685.5284858067367,249.35351279757,1578.0,111.44067796610167,30.17796610169492,61.54012536988009,76.0,793.7,0.07,51.01742882927333,-109.0681818181818,-80.0,-50.0,-493.0,88.95666639272319,5447.666666666667,118.0,111.44067796610167,0.0499619771863117,0.2808365019011407,1.9265202264111752,0.9503448628099944,6412.756694915255,0.0425003892569066,0.9573503223219249,Service Stations,67.0,235.0,27092.0,0.01787072243346,13150.0,0.0,13150.0,823891.29,3.0,0.0002281368821292,52.54,1.0,3.0,3.0,43.0,2.0,69.0,15.0,136.0,13150.0,0.0103414189035054,47.0,0.0035738727092996,0.0052467492966314,0.0011405976731807,52.54,3.692782926144341,12.0,6.0,0.0822468297910341,0.0,0.0,0.0,0.0,0.0,10834170463.5
1039,68,64,1951,3,Male,29 Federal Boulevard,34.04,-118.21,$12349,$11566,$9102,536,4,5055.856186440678,274.41525423728814,657.7071215856474,253.72349598508225,1243.0,130.96610169491527,30.305084745762716,39.384145101663584,26.775,1187.76,0.32,45.346730681898215,-105.8202614379085,-80.0,-50.0,-482.0,88.79002887415011,5470.25,118.0,130.96610169491527,0.0291833829429273,0.2857512618092403,2.050508980094664,1.0658809261047404,4781.44093220339,0.0542659795176888,0.9455362691595264,Miscellaneous Food Stores,72.0,224.0,27092.0,0.0144946292222078,15454.0,0.0,15454.0,628972.03,11.0,0.0007117898278762,212.19818181818184,2.0,4.0,2.0,61.0,0.0,93.0,34.0,196.0,15454.0,0.0126819799417664,67.0,0.0043351666127466,0.0060174700744095,0.0021999352960207,212.19818181818184,4.3215883668903805,13.0,6.0,0.0855104687789512,0.0,0.0,0.0,0.0,0.0,9720133751.62
1635,54,58,1965,3,Male,90 Sussex Drive,40.68,-73.78,$20760,$42332,$75213,616,6,2905.192033898305,571.3135593220339,715.2845344343438,307.2388391122089,1525.0,90.135593220339,29.10169491525424,34.319016918610465,8.02,764.54,0.94,57.89259607195518,-104.19629057187016,-80.0,-50.0,-497.0,85.54939976680335,2859.833333333333,118.0,90.135593220339,0.1025761564497931,0.2861978187288454,0.926111288047682,0.8681379549077941,2333.878474576271,0.1965849306095874,0.8030709765058627,Service Stations,80.0,369.0,22204.0,0.0346934937946596,10636.0,0.0,10636.0,410227.66,22.0,0.0020684467845054,94.155,3.0,2.0,3.0,33.0,1.0,52.0,28.0,122.0,10636.0,0.0114693992667105,38.0,0.0035724358371721,0.0048885964087618,0.0026323211431794,94.155,3.097262667443215,14.0,7.0,0.0680402278390886,0.0,0.0,0.0,0.0,0.0,4363181391.759999
357,59,67,1960,9,Female,645 Catherine Lane,42.35,-71.06,$39312,$80156,$61817,735,4,4404.886186440678,417.3728813559322,955.5117209905328,358.18342234757074,2097.0,88.21186440677967,29.10169491525424,51.79120864886409,9.695,1457.85,1.19,92.75536790955988,-132.03753351206436,-83.0,-50.0,-500.0,115.57243544530978,5524.25,118.0,88.21186440677967,0.0767604957248535,0.2891728312037659,1.816140484879346,1.1429898283226672,3987.5133050847458,0.0947307451201115,0.9050422857849814,Service Stations,82.0,397.0,72351.0,0.0381400710923239,10409.0,0.0,10409.0,569026.57,6.0,0.0005764242482467,152.0716666666667,0.0,0.0,1.0,29.0,0.0,90.0,21.0,141.0,10409.0,0.0135446685878962,29.0,0.0027857829010566,0.0086455331412103,0.0020172910662824,152.0716666666667,3.0311589982527662,11.0,6.0,0.11616007796796,0.0,0.0,0.0,0.0,0.0,5922997567.129999
1347,64,64,1955,5,Female,893 Littlewood Lane,35.73,-77.92,$23756,$55418,$20950,590,3,3457.116336633663,316.0,1084.8709714069437,322.70587227380906,1288.0,59.92079207920792,26.73267326732673,59.402645457638656,24.855,1127.08,0.38,94.462505198296,-183.42528735632183,-99.0,-50.0,-498.0,142.52578163966643,2870.333333333333,101.0,59.92079207920792,0.1634170522141441,0.2898215465961665,0.5393619948773312,0.8173583410657457,3141.116336633663,0.0913792276599963,0.9083315975689278,Miscellaneous Food Stores,83.0,348.0,98374.0,0.0575016523463317,6052.0,0.0,6052.0,381084.75,5.0,0.0008261731658955,51.83200000000001,2.0,3.0,2.0,15.0,0.0,31.0,18.0,71.0,6052.0,0.0117297207996035,20.0,0.0033041467041136,0.0051214273913761,0.0029737320337022,51.83200000000001,2.2414814814814816,10.0,6.0,0.1610740357803051,0.0,0.0,0.0,0.0,0.0,2306324907.0
257,52,65,1967,9,Male,858 Martin Luther King Drive,34.2,-118.39,$15239,$31070,$86747,708,4,4104.9927966101695,293.20338983050846,586.7692333416825,235.25180396856064,970.0,70.00847457627118,28.466101694915253,61.0446313799622,60.0,1233.27,0.14,48.68275183707412,-106.45538461538462,-79.0,-50.0,-487.0,90.00580576398985,4154.0,118.0,70.00847457627118,0.0181576080377678,0.2870112577169834,0.8950207835853896,1.034751799553156,3811.789406779661,0.071408646910577,0.9283478066319558,Miscellaneous Food Stores,83.0,232.0,27092.0,0.0280837670984142,8261.0,0.0,8261.0,518987.15,18.0,0.0021789129645321,159.12,1.0,1.0,2.0,22.0,1.0,119.0,13.0,159.0,8261.0,0.0192447349310094,24.0,0.0029048656499636,0.0144032921810699,0.0015734688937303,159.12,2.4593629056266746,11.0,6.0,0.0499725425590334,0.0,0.0,0.0,0.0,0.0,4287352846.15
1461,41,72,1978,12,Female,691 Valley Drive,41.24,-81.82,$23559,$48038,$83238,704,6,2986.317457627119,435.2377966101695,632.386300252723,269.2664160813443,1918.0,107.3135593220339,29.889830508474574,29.144442974112977,11.93,2003.5,0.17,47.831263665599366,-89.78681818181818,-78.0,-0.06,-491.0,60.913668175491246,4189.666666666667,118.0,107.3135593220339,0.0509357972044539,0.289110005527916,0.7990219624770057,0.8724356631631578,2551.0796610169496,0.1456951940273153,0.8539700574853932,Service Stations,74.0,260.0,61195.0,0.0205322593382294,12663.0,0.0,12663.0,403743.52,11.0,0.0008686725104635,48.08363636363637,2.0,4.0,1.0,32.0,2.0,55.0,17.0,113.0,12663.0,0.0089229311433986,38.0,0.0030006317119393,0.0043430195830701,0.0013423878711307,48.08363636363636,3.5903033739722146,12.0,6.0,0.0497672659896812,0.0,0.0,0.0,0.0,0.0,5112604193.76
1541,48,65,1971,10,Female,7139 Lake Boulevard,36.09,-84.13,$18353,$37422,$127116,681,5,4491.69186440678,443.0692372881356,655.753038377859,295.5373745122625,1619.0,158.8135593220339,30.372881355932204,29.137968114348546,19.215,1178.52,0.1,43.73613661820514,-95.0584909090909,-78.0,-1.09,-497.0,72.14199129943295,4169.0,118.0,158.8135593220339,0.2862326574172892,0.2838847385272145,0.3670829337681681,0.9869228953273412,4048.622627118644,0.0986199923476476,0.9011574239474864,Service Stations,74.0,322.0,86438.0,0.0171824973319103,18740.0,0.0,18740.0,582301.81,16.0,0.0008537886872998,92.176875,12.0,11.0,8.0,45.0,0.0,130.0,44.0,250.0,18740.0,0.0133397364068086,68.0,0.0036284083026519,0.0069366629315404,0.0023477936075983,92.176875,5.228794642857143,14.0,7.0,0.058374425269164,0.0,0.0,0.0,0.0,0.0,10912335919.400002
733,36,68,1983,7,Male,895 Lexington Lane,31.49,-97.23,$26061,$53138,$153374,606,4,9241.91847457627,525.0932203389831,1289.5976277844948,390.96295728718,1782.0,126.42372881355932,30.228813559322035,75.13237202893558,67.02,1542.77,0.4,77.69828245520165,-154.1318407960199,-89.0,-50.0,-495.0,125.15946947433416,4671.5,118.0,126.42372881355932,0.0279528086874916,0.2923314117173884,0.2323533542942962,0.9437758900665836,8716.825254237287,0.0568103269311866,0.9430814821329362,Service Stations,89.0,420.0,27092.0,0.0281539080305671,14918.0,0.0,14918.0,1152507.38,24.0,0.0016087947446038,178.65041666666664,4.0,2.0,0.0,32.0,0.0,114.0,26.0,178.0,14918.0,0.0119310945773845,38.0,0.0025470876064079,0.0076412628192238,0.0017427441517527,81.81708333333333,4.182225960190636,13.0,6.0,0.1428617539782447,0.0,0.0,0.0,0.0,0.0,17193105094.84
807,52,71,1967,8,Female,869 Little Creek Lane,42.77,-86.1,$18877,$38487,$49725,691,3,2444.793898305085,278.9491525423729,699.7997280089678,275.17496679331697,1248.0,50.22033898305085,24.872881355932204,50.38171149144255,28.94,791.16,0.2,69.85145153871832,-164.58,-91.5,-50.0,-493.0,129.2349486779756,3611.3333333333335,118.0,50.22033898305085,0.0955113061086736,0.2897401282483969,0.9088514225500526,1.1633271901765376,2165.844745762712,0.1140525997450898,0.8855385350595668,Miscellaneous Food Stores,89.0,305.0,20688.0,0.0514681066486668,5926.0,0.0,5926.0,321401.68,3.0,0.0005062436719541,114.06,1.0,1.0,0.0,22.0,0.0,33.0,12.0,69.0,5926.0,0.0116416399527585,24.0,0.0040492660705247,0.0055677408469714,0.0020246330352623,114.06000000000002,2.0190800681431007,8.0,6.0,0.1285657866755779,0.0,0.0,0.0,0.0,0.0,1904626355.68
1214,40,64,1979,11,Male,83302 Valley Stream Lane,42.06,-71.24,$35544,$72470,$133421,711,2,5321.750932203389,502.2118644067797,1271.068830978656,275.2107770852092,1321.0,100.98305084745763,29.60169491525424,55.60671300805809,26.39,1224.71,0.27,100.2783710468214,-95.12199036918138,-76.0,-50.0,-493.0,73.70996355897115,3864.5,118.0,100.98305084745763,0.053877139979859,0.2869251426653239,1.2582407069178452,1.1515916580910726,4819.53906779661,0.0943519377110673,0.9054601895117284,Miscellaneous Food Stores,77.0,335.0,43293.0,0.028113460892917,11916.0,0.0,11916.0,687227.61,2.0,0.0001678415575696,120.02,4.0,6.0,1.0,34.0,0.0,51.0,25.0,121.0,11916.0,0.010153562138122,44.0,0.0036922044138625,0.0042796005706134,0.0020978434169673,120.02,3.4113942170054394,12.0,6.0,0.0339509297694981,0.0,0.0,0.0,0.0,0.0,8189004200.76
1226,42,67,1978,2,Male,376 Fourth Drive,21.34,-157.72,$18080,$36860,$65049,714,3,5359.566610169492,359.60169491525426,822.0193599049213,330.56160809936694,1403.0,81.52542372881356,29.1864406779661,68.09829439000754,60.26,1416.08,0.19,71.50776905115984,-127.42642642642645,-84.0,-50.0,-493.0,110.23531029978506,3997.0,118.0,81.52542372881356,0.0599792099792099,0.2874220374220374,1.8461721643304676,1.0637880347381854,4999.964915254237,0.0670827770767844,0.9327306754791256,Miscellaneous Food Stores,76.0,278.0,20561.0,0.0288981288981289,9620.0,0.0,9620.0,674861.86,26.0,0.0027027027027027,127.1423076923077,4.0,4.0,5.0,10.0,1.0,98.0,18.0,140.0,9620.0,0.014551501922877,18.0,0.0018709073900841,0.0101860513460139,0.0018709073900841,127.14230769230768,2.7932636469221834,11.0,7.0,0.0780034877692416,0.0,0.0,0.0,0.0,0.0,6492171093.2
1163,45,61,1975,1,Male,2270 Sixth Lane,29.99,-95.26,$32943,$67170,$114251,489,3,3249.833983050847,358.864406779661,1228.050338486436,362.13743236356527,1646.0,39.313559322033896,21.65254237288136,85.98215470852017,45.555,1762.3,0.05,152.7262074215464,-236.56983240223465,-228.0,-50.0,-499.0,144.91973518676113,4321.666666666667,118.0,39.313559322033896,0.0644535460228497,0.2910109937486527,1.8789271273398065,1.2135842660731673,2890.9695762711863,0.1103914898917334,0.8893008967372936,"Lodging - Hotels, Motels, Resorts",80.0,276.0,14528.0,0.059495580944169,4639.0,0.0,4639.0,425826.41,24.0,0.0051735287777538,87.40291666666667,3.0,3.0,3.0,3.0,2.0,18.0,8.0,40.0,4639.0,0.0086206896551724,9.0,0.0019396551724137,0.0038793103448275,0.0017241379310344,87.40291666666667,1.815655577299413,11.0,5.0,0.1342007698302122,0.0,0.0,0.0,0.0,0.0,1975408715.99
1510,32,59,1988,1,Male,835 Main Avenue,33.9,-118.0,$24845,$50658,$72806,764,2,3716.9281818181817,332.40909090909093,1451.397637387915,384.2675496094814,1671.0,41.93181818181818,22.227272727272727,92.50273755656109,43.465,1797.98,0.09,153.55464854704863,-192.44736842105263,-107.0,-50.0,-485.0,143.67216336617128,3468.5,44.0,41.93181818181818,0.1425474254742547,0.2829268292682926,0.0,0.0,3384.5190909090907,0.0894070769130706,0.9103239560840458,Travel Agencies,75.0,205.0,81833.0,0.1111111111111111,1845.0,2252.0,1845.0,178170.84,8.0,0.0043360433604336,107.81125,0.0,1.0,1.0,0.0,0.0,14.0,6.0,22.0,1845.0,0.0119176598049837,1.0,0.0005417118093174,0.0075839653304442,0.0032502708559046,107.81125,1.8865030674846623,7.0,4.0,0.2143980310384904,0.0,0.0,0.0,2252.0,0.0,328725199.8
1919,83,59,1936,11,Male,7994 Maple Lane,40.95,-72.19,$37846,$80493,$2027,610,5,5791.320677966101,726.7881355932203,1389.1975260557929,434.9952912937982,1857.0,110.03389830508476,29.78813559322034,55.649498371335504,24.05,1991.74,1.96,92.64451057832412,-121.81960227272728,-80.5,-50.0,-497.0,105.4129459517996,2756.2,118.0,110.03389830508476,0.055452865064695,0.2872766481823783,0.5873729013951289,0.8480682974892167,5064.532542372881,0.1254744300255873,0.8743529275991719,Service Stations,94.0,571.0,61195.0,0.0439772027110289,12984.0,0.0,12984.0,769136.84,9.0,0.0006931608133086,137.79555555555555,3.0,4.0,0.0,23.0,0.0,54.0,19.0,103.0,12984.0,0.0079322294955718,30.0,0.0023103581055063,0.0041586445899114,0.001463226800154,137.79555555555555,3.693883357041252,14.0,6.0,0.081644551199832,0.0,0.0,0.0,0.0,0.0,9986472730.56
1569,68,65,1951,3,Female,7276 Valley Drive,43.54,-96.73,$20153,$39082,$16870,722,4,3472.138474576272,302.6525423728813,729.9277651576767,269.5436909264756,1315.0,71.9322033898305,28.56779661016949,50.1790985915493,42.62,2208.45,0.49,54.641307792202845,-110.56656346749226,-81.0,-50.0,-499.0,94.27301634850504,6528.25,118.0,71.9322033898305,0.0475966069745523,0.2973609802073516,1.64241083556487,1.0297060666518367,3169.4859322033903,0.0871409373937517,0.9125711385838344,Service Stations,87.0,293.0,27092.0,0.0345193213949104,8488.0,0.0,8488.0,445425.34,37.0,0.0043590951932139,225.5805405405405,2.0,1.0,1.0,22.0,0.0,87.0,13.0,126.0,8488.0,0.0148427376605018,25.0,0.0029449876310519,0.0102485569560607,0.001531393568147,163.25621621621622,2.517947196677544,13.0,6.0,0.0664725317802542,0.0,0.0,0.0,0.0,0.0,3780770285.92
1567,43,68,1976,8,Female,7874 Wessex Street,42.1,-76.26,$19901,$40576,$54011,747,2,5173.386694915254,279.97457627118644,885.9386104294509,269.714995569933,1495.0,78.87288135593221,29.05084745762712,67.65594924082899,46.61,1253.78,0.51,72.29848790387031,-116.3274647887324,-79.0,-50.0,-495.0,102.98170522238952,4170.0,118.0,78.87288135593221,0.0550123562909637,0.2825830020414742,0.2197918878742832,0.9319928156884812,4893.412118644068,0.0541077798739531,0.9456989605072824,Service Stations,82.0,288.0,27092.0,0.0309444504136671,9307.0,0.0,9307.0,643496.63,11.0,0.0011819060921886,145.43545454545455,4.0,2.0,3.0,33.0,0.0,43.0,27.0,112.0,9307.0,0.0120326600773528,39.0,0.0041899441340782,0.0046196819939836,0.0029007305543618,113.25363636363636,2.714994165694282,12.0,6.0,0.0629880743386403,0.0,0.0,0.0,0.0,0.0,5989023135.41
1972,73,68,1946,3,Female,3802 Maple Street,41.47,-81.67,$9389,$13089,$10928,772,4,1725.3191525423729,273.8728813559322,622.2024438112933,291.6180485958311,1243.0,74.38135593220339,28.135593220338983,23.730931343979485,8.86,1454.68,0.09,47.4030933562465,-163.2171717171717,-92.5,-50.0,-480.0,130.60872052135022,3956.0,118.0,74.38135593220339,0.0573088754699783,0.2881394553947818,1.032952302544779,1.088200092881847,1451.4462711864408,0.1586455673347515,0.840775165501047,Miscellaneous Food Stores,80.0,382.0,75781.0,0.0435228437962857,8777.0,0.0,8777.0,235904.66,13.0,0.0014811438988264,125.00923076923075,6.0,3.0,4.0,18.0,0.0,79.0,17.0,127.0,8777.0,0.0144679881521986,27.0,0.0030758714969241,0.0089997721576668,0.0019366598313966,51.932307692307695,2.6436746987951807,12.0,6.0,0.1241413453802834,0.0,0.0,0.0,0.0,0.0,2070535200.82
73,48,73,1971,12,Male,2193 Sixth Avenue,41.71,-73.96,$26227,$53478,$73030,674,3,4705.070084745763,287.89830508474574,989.4331063670786,354.3646388426193,1624.0,56.36440677966102,26.06779661016949,85.31012138905962,45.285,1497.64,0.11,99.49601288103456,-237.5664335664336,-215.0,-50.0,-494.0,144.671875433397,3205.333333333333,118.0,56.36440677966102,0.0941211847842429,0.2865734476018644,2.3829926461423407,1.1225524545247485,4417.171779661017,0.061175949337843,0.9386115591390832,Computer Network Services,83.0,302.0,37346.0,0.0454067057585325,6651.0,0.0,6651.0,589170.27,5.0,0.0007517666516313,97.284,2.0,2.0,5.0,8.0,0.0,68.0,22.0,107.0,6651.0,0.0160853878532772,12.0,0.0018039687312086,0.010222489476849,0.0033072760072158,97.284,2.1622236671001303,8.0,6.0,0.1347540694080593,0.0,0.0,0.0,0.0,0.0,3918571465.77
1813,35,66,1984,4,Female,334 Birch Drive,35.82,-87.01,$27637,$56350,$120125,808,4,6240.263644067796,433.5254237288136,1123.3977131141924,376.1249272337198,2120.0,94.19491525423727,29.76271186440678,68.44047866902129,42.32,1376.68,0.74,92.12879596277546,-143.6966292134831,-88.0,-50.0,-487.0,122.4826430469261,4496.0,118.0,94.19491525423727,0.0268106162843004,0.288349077822762,2.6677792844476893,1.157719684491053,5806.738220338983,0.0694611617858622,0.9303786142503656,Miscellaneous Food Stores,87.0,448.0,22204.0,0.0403058929374718,11115.0,0.0,11115.0,787507.11,5.0,0.0004498425551057,119.818,3.0,7.0,1.0,19.0,1.0,211.0,25.0,267.0,11115.0,0.0240194314501619,29.0,0.0026088521050737,0.018981648074847,0.0022490104354084,119.818,3.1648633257403187,13.0,7.0,0.1119494888285083,0.0,0.0,0.0,0.0,0.0,8753141527.65
1571,58,66,1961,6,Female,385 Jefferson Avenue,36.29,-86.6,$25166,$51316,$0,759,6,3930.485677966102,533.8559322033898,989.6589088826177,328.5225479889588,1701.0,54.63559322033898,23.406779661016948,79.254495898838,59.57,1410.67,0.15,86.01100495304333,-105.87394957983192,-79.0,-50.0,-498.0,89.5550499981202,3839.5,118.0,54.63559322033898,0.1023731968357375,0.2833876221498371,1.5134320491492763,1.05379900233971,3396.629745762712,0.1357898707848206,0.8639557724447594,Service Stations,89.0,303.0,26810.0,0.0469986040018613,6447.0,0.0,6447.0,526792.31,39.0,0.0060493252675663,128.30205128205128,1.0,5.0,1.0,12.0,3.0,85.0,11.0,118.0,6447.0,0.0183002481389578,18.0,0.0027915632754342,0.013182382133995,0.0017059553349875,56.25076923076922,2.334178131788559,12.0,6.0,0.1065623214172328,0.0,0.0,0.0,0.0,0.0,3396230022.57
862,25,67,1995,1,Female,8482 Elm Lane,32.42,-96.67,$21032,$42883,$65917,807,3,4750.068703703703,530.074074074074,840.3288583263242,288.5565803614279,1355.0,140.35185185185185,30.22222222222222,35.15194052350281,21.14,989.87,0.68,50.83683923359471,-101.5035460992908,-79.0,-50.0,-487.0,85.92375367996421,496.3333333333333,54.0,140.35185185185185,0.0201873598100013,0.2831508114526982,1.1338814076333603,1.13095205382728,4219.994629629629,0.1115694398737812,0.8882200811661439,Service Stations,71.0,207.0,16798.0,0.0273123103311782,7579.0,0.0,7579.0,285127.71,5.0,0.0006597176408497,44.808,8.0,15.0,9.0,1.0,0.0,65.0,13.0,111.0,7579.0,0.0146437994722955,24.0,0.0031662269129287,0.008575197889182,0.0017150395778364,44.808,4.643995098039215,13.0,6.0,0.075004366812227,0.0,0.0,0.0,0.0,0.0,2160982914.09
1523,61,73,1958,10,Female,7561 Valley Avenue,36.07,-79.82,$19453,$39661,$74740,850,4,1955.849745762712,389.6694915254237,594.8016425860068,235.1626480270404,1220.0,72.57627118644068,28.220338983050848,28.748165171898357,17.045,916.19,0.11,48.07465835386311,-85.78544776119404,-76.0,-50.0,-497.0,53.58665488933827,3758.5,118.0,72.57627118644068,0.5360812704343765,0.2793087342363382,1.3703703703703705,1.3570501036252076,1566.180254237288,0.1991310228949357,0.8003579516662612,Miscellaneous Food Stores,80.0,193.0,96996.0,0.0225361980382998,8564.0,1.0,8564.0,276771.27,24.0,0.002802428771602,84.7025,6.0,5.0,9.0,19.0,0.0,66.0,22.0,127.0,8564.0,0.0148277875072971,30.0,0.0035026269702276,0.0077057793345008,0.0025685931115002,84.7025,2.571771771771772,12.0,8.0,0.0386238093166891,0.0,0.0,0.0,1.0,0.0,2370269156.28
585,52,62,1967,9,Male,5581 Federal Street,30.11,-97.3,$20346,$41483,$64715,584,1,4144.297372881356,335.6271186440678,787.7633527705214,275.40449805493694,1128.0,119.52542372881356,30.05084745762712,35.50363656163787,21.5,1013.34,0.2,47.5176989607495,-120.01212121212122,-81.0,-50.0,-483.0,105.45077578675183,4352.0,118.0,119.52542372881356,0.1140811117413499,0.2923284174702212,0.9170512060357644,1.149661037269844,3808.670254237288,0.0809657518999117,0.9187930108835396,Service Stations,84.0,289.0,18563.0,0.0204906409529211,14104.0,0.0,14104.0,528631.09,7.0,0.0004963131026659,195.87857142857143,24.0,33.0,32.0,24.0,0.0,58.0,26.0,197.0,14104.0,0.0139666784828075,81.0,0.0057426444523218,0.0041120170152428,0.0018433179723502,195.87857142857143,3.9774393683023126,17.0,6.0,0.0902663805075116,0.0,0.0,0.0,0.0,0.0,7455812893.36
1222,42,66,1977,12,Female,1957 Park Lane,42.39,-113.78,$14094,$28738,$48786,600,1,3909.492288135593,421.653813559322,557.3547471278968,259.4380132936241,1329.0,110.0,29.5,37.14332447665056,36.71,915.5,0.05,32.88135334031017,-88.84848214285715,-76.0,-6.15,-491.0,61.53078939286544,5385.0,118.0,110.0,0.0233436055469953,0.2842835130970724,1.1218628413118237,0.9977303623276124,3487.8384745762714,0.1078262741595519,0.8919180035614312,Service Stations,70.0,199.0,61195.0,0.0153312788906009,12980.0,0.0,12980.0,511075.24,8.0,0.0006163328197226,143.8575,4.0,1.0,6.0,44.0,0.0,75.0,24.0,154.0,12980.0,0.011863492797165,49.0,0.0037747477081888,0.0057776750635544,0.0018488560203374,143.8575,3.7288135593220337,12.0,9.0,0.0376636857956252,0.0,0.0,0.0,0.0,0.0,6633756615.2
1562,38,65,1982,2,Female,8 Hillside Lane,36.26,-94.69,$12517,$25524,$69401,759,3,2255.91,447.2881355932203,620.0989861166572,252.2332085233116,1154.0,59.0,24.39830508474576,41.74335580994198,24.42,910.26,0.04,56.79964890014456,-90.22222222222224,-76.0,-50.0,-500.0,69.10555147781739,4108.333333333333,118.0,59.0,0.1693478885377765,0.2809537489227233,1.246624633183028,1.1598625778817797,1808.6218644067797,0.1981860754718709,0.8013708408429133,Miscellaneous Food Stores,76.0,222.0,30928.0,0.0318873886814133,6962.0,0.0,6962.0,318977.38,19.0,0.0027291008330939,109.18263157894737,4.0,1.0,10.0,17.0,0.0,38.0,6.0,76.0,6962.0,0.0109148355593853,22.0,0.0031595576619273,0.0054574177796926,0.0008616975441619,109.18263157894737,2.41820076415422,10.0,7.0,0.0234554100907523,0.0,0.0,0.0,0.0,0.0,2220720519.56
1699,67,65,1953,1,Female,9205 Summit Street,37.42,-121.94,$51631,$52929,$37514,737,7,7364.797033898306,602.4067796610169,1321.7544923781784,355.0173761797313,1803.0,129.24576271186442,30.25423728813559,59.32054948805461,34.53,5694.44,0.29,87.19067672094836,-118.27620632279536,-81.0,-50.0,-499.0,107.10141727781838,3995.142857142857,118.0,129.24576271186442,0.2291653006360238,0.2857517539833453,0.943314769244053,1.035189891429967,6762.390254237289,0.081784330587534,0.9180799067793932,Miscellaneous Food Stores,92.0,458.0,57758.0,0.0300308176513015,15251.0,0.0,15251.0,940130.05,27.0,0.0017703757130679,146.8648148148148,10.0,8.0,14.0,31.0,6.0,98.0,28.0,195.0,15251.0,0.0127852084972462,49.0,0.0032126934172567,0.0064253868345135,0.001835824809861,112.56851851851852,4.271988795518207,16.0,13.0,0.101892101005838,0.0,0.0,0.0,0.0,0.0,14337923392.55
213,37,68,1982,5,Female,345 George Street,32.91,-96.62,$27057,$55172,$96779,629,3,5831.98406779661,625.9322033898305,1252.252291075153,419.4660571990446,1743.0,90.54237288135592,28.88135593220339,68.42057267846491,36.925,1222.76,0.06,87.35313908916126,-117.98722044728434,-82.0,-50.0,-491.0,102.85108378826992,2130.0,118.0,90.54237288135592,0.0393111194309247,0.2895919131411456,0.9794312279339727,0.9299580263128256,5206.05186440678,0.1073090884724933,0.8925194726913335,Miscellaneous Food Stores,88.0,413.0,61195.0,0.038655934107076,10684.0,0.0,10684.0,762034.12,13.0,0.0012167727442905,91.1453846153846,5.0,6.0,4.0,12.0,3.0,109.0,24.0,163.0,10684.0,0.0152550304164716,23.0,0.0021525503041647,0.0102012166588675,0.002246139447824,91.14538461538464,3.134976525821596,13.0,7.0,0.0570395743355762,0.0,0.0,0.0,0.0,0.0,8141572538.08
410,54,60,1966,2,Female,72990 Second Drive,40.62,-96.63,$23029,$46956,$94340,610,2,1918.554210526316,297.4561403508772,814.7098897634564,322.85888503976906,1998.0,39.80701754385965,21.350877192982452,51.43818908748824,13.76,803.07,0.32,78.9778038302438,-118.56643356643356,-81.0,-52.0,-493.0,112.14506195859906,7228.5,57.0,39.80701754385965,0.0471573380343763,0.2921992066989863,0.0,0.0,1621.0980701754386,0.1549610522691717,0.8445179934412769,Service Stations,61.0,153.0,22204.0,0.0674305861613045,2269.0,1857.0,2269.0,126312.59,15.0,0.00661084178052,116.36933333333332,1.0,5.0,1.0,5.0,1.0,19.0,7.0,39.0,2269.0,0.0171806167400881,11.0,0.0048458149779735,0.0083700440528634,0.0030837004405286,116.36933333333332,1.8644207066557108,10.0,6.0,0.1832979476291578,0.0,0.0,0.0,1857.0,0.0,286603266.71
1750,47,55,1973,2,Female,892 Elm Street,41.8,-87.87,$34681,$70711,$100226,741,2,6679.662033898305,491.8474576271187,1230.5699938622415,345.3758667777114,1641.0,90.97457627118644,29.33050847457627,77.47199921368194,75.15,1416.39,0.65,82.52629594770589,-103.45454545454544,-80.0,-50.0,-500.0,84.75354070679087,5706.5,118.0,90.97457627118644,0.0338146250582207,0.2819748486259897,0.6789053977587605,0.9371196004363228,6187.8145762711865,0.0736225624244182,0.9262277518116672,Miscellaneous Food Stores,79.0,391.0,61195.0,0.0364229156963204,10735.0,0.0,10735.0,846238.12,3.0,0.0002794597112249,120.04,4.0,4.0,2.0,35.0,3.0,107.0,18.0,173.0,10735.0,0.0161140089418777,43.0,0.00400521609538,0.0099664679582712,0.0016766020864381,120.04,3.1017047096214965,11.0,6.0,0.0730370957459639,0.0,0.0,0.0,0.0,0.0,9084366218.2
53,49,68,1970,12,Female,7406 Mill Avenue,38.62,-120.62,$19471,$39700,$59062,701,3,8530.571016949152,2402.830508474576,1183.2125140332014,415.94459084236365,3930.0,202.728813559322,30.35593220338983,49.55483581942598,25.25,1208.49,0.16,52.50152560597625,-78.56303685231366,-76.0,-50.0,-497.0,33.18932917765552,4138.666666666667,118.0,202.728813559322,0.0113284842404481,0.2848424044812306,1.096934026694904,1.1038265408384538,6127.740508474576,0.2816398648854963,0.7182429234077718,Miscellaneous Food Stores,84.0,193.0,15143.0,0.0080678873003929,23922.0,0.0,23922.0,1290141.38,9.0,0.0003762227238525,123.34000000000002,38.0,51.0,54.0,7.0,15.0,456.0,58.0,679.0,23922.0,0.0283827279187392,96.0,0.0040128746394682,0.0190611545374744,0.0024244450946787,123.34,6.678391959798995,20.0,10.0,0.0022395824148694,0.0,0.0,0.0,0.0,0.0,30862762092.36
1151,53,65,1966,12,Male,353 South Boulevard,40.35,-74.65,$0,$920,$1914,788,3,761.175593220339,169.1271186440678,261.9960884406332,132.18334499546808,840.0,55.34745762711864,26.872881355932204,14.304621755056536,5.68,586.79,0.15,25.06309139136383,-79.19444444444444,-76.0,-50.0,-466.0,35.42735523424399,3935.3333333333335,118.0,55.34745762711864,0.0229673863114377,0.2863267493492574,0.8551492309259449,0.7814322387158572,592.0484745762712,0.2219004651270359,0.776787501256439,Miscellaneous Food Stores,37.0,69.0,61195.0,0.0105649977032613,6531.0,1.0,6531.0,109775.72,9.0,0.0013780431786862,165.0622222222222,6.0,2.0,4.0,17.0,0.0,4.0,9.0,42.0,6531.0,0.0064298836497244,25.0,0.0038273116962645,0.0006123698714023,0.0013778322106552,165.0622222222222,2.0596026490066226,10.0,6.0,0.0,0.0,0.0,0.0,1.0,0.0,716945227.32
595,79,66,1941,2,Male,132 Lexington Drive,36.5,-78.55,$18100,$29041,$4427,699,4,2318.095423728814,217.1949152542373,613.3383380434664,280.27978263713743,1202.0,43.51694915254237,22.864406779661017,54.165398019801984,28.58,1168.61,0.65,83.27652651842563,-301.5176470588235,-290.0,-103.0,-497.0,107.67075162876183,4154.0,118.0,43.51694915254237,0.1127555988315482,0.285491723466407,0.0,1.0147821163202446,2100.9005084745763,0.0936550143784144,0.9059137830113918,Travel Agencies,79.0,393.0,49789.0,0.0765335929892891,5135.0,0.0,5135.0,299164.26,2.0,0.0003894839337877,74.805,4.0,2.0,1.0,12.0,0.0,64.0,6.0,89.0,5135.0,0.017328660436137,18.0,0.0035046728971962,0.0124610591900311,0.0011682242990654,74.805,1.903261675315048,7.0,4.0,0.1485368708544674,0.0,0.0,0.0,0.0,0.0,1536208475.1
543,43,65,1976,3,Female,742 Lake Street,43.37,-124.14,$15069,$30721,$49961,749,3,3603.083305084746,488.03389830508473,862.2983825691027,294.9667787234442,1581.0,78.57627118644068,27.91525423728813,49.11214392976782,18.19,1098.95,0.86,70.93678657690772,-93.6390243902439,-77.0,-50.0,-497.0,71.31592171177752,3448.6666666666665,118.0,78.57627118644068,0.2469801553062985,0.2966997411561691,1.240651948330769,0.9437819523667615,3115.049406779661,0.1354113812010261,0.8643111557340694,Miscellaneous Food Stores,74.0,300.0,28395.0,0.0323554788610871,9272.0,1.0,9272.0,482751.83,2.0,0.0002157031924072,286.015,3.0,2.0,2.0,21.0,1.0,191.0,21.0,241.0,9272.0,0.0259894316833818,26.0,0.0028038391027714,0.0205974334088213,0.0022646392753154,286.015,2.814814814814815,11.0,9.0,0.0765771241035614,0.0,0.0,0.0,1.0,0.0,4476074967.76
1439,28,65,1991,11,Female,5663 Martin Luther King Boulevard,36.19,-82.95,$14406,$29371,$32300,715,2,1452.2830508474576,73.66101694915254,410.0792874357046,177.09581260832064,754.0,80.11016949152543,28.847457627118644,18.182429708222813,1.33,520.25,0.17,35.12613152199236,-310.42857142857144,-295.5,-134.0,-499.0,114.64580836498725,2875.0,118.0,80.11016949152543,0.0763778694594308,0.2909129376917381,0.0,0.9287647385625112,1378.622033898305,0.050685939608391,0.9486259631902986,Ship Chandlers,61.0,134.0,14528.0,0.0141753940547974,9453.0,0.0,9453.0,180061.4,2.0,0.0002115730455939,111.38,3.0,1.0,2.0,30.0,0.0,56.0,18.0,110.0,9453.0,0.0116352866511529,34.0,0.0035963613285381,0.0059234186587687,0.0019039559974613,111.38,2.777027027027027,8.0,4.0,0.1229725066145174,0.0,0.0,0.0,0.0,0.0,1702120414.2
1148,54,70,1965,4,Male,377 Lake Lane,39.95,-75.16,$18007,$36711,$47490,687,4,3318.5469491525423,458.9237288135593,646.8148090311985,272.98245636562984,1502.0,73.44915254237289,28.559322033898304,48.49994302700024,45.915,1333.23,0.52,47.38880398643169,-91.3204047217538,-76.0,-50.0,-489.0,67.78928405189386,2829.5,118.0,73.44915254237289,0.478943117572401,0.2831429560401523,0.96084949912796,0.9133749670271558,2859.623220338983,0.1382489043966434,0.8614498496757292,Miscellaneous Food Stores,74.0,254.0,44578.0,0.0293065651321103,8667.0,1.0,8667.0,445741.54,2.0,0.0002307603553709,186.28,0.0,2.0,0.0,25.0,0.0,73.0,12.0,112.0,8667.0,0.012921089063221,27.0,0.0031149053991693,0.0084217812644208,0.0013844023996308,186.28,2.571810089020772,11.0,9.0,0.046423163570558,0.0,0.0,0.0,1.0,0.0,3863241927.18
1678,36,65,1983,3,Male,296 Pine Boulevard,41.7,-72.67,$28557,$58225,$101148,685,3,3807.109152542373,367.2796610169492,1039.4542540598102,316.1196864543344,1409.0,79.51694915254237,28.75423728813559,49.63417080985526,23.55,2808.44,0.67,99.22981250665146,-130.539156626506,-84.5,-50.0,-479.0,105.84921286405076,3955.6666666666665,118.0,79.51694915254237,0.0313332622828519,0.2833848449323244,0.5748388302345138,0.9256244866965168,3439.829491525424,0.0964467262635435,0.9032906762215368,Service Stations,89.0,363.0,75781.0,0.0386869871043376,9383.0,0.0,9383.0,492577.88,14.0,0.0014920601087072,150.38357142857143,2.0,4.0,2.0,15.0,0.0,49.0,34.0,106.0,9383.0,0.0112958226768968,21.0,0.002237851662404,0.0052216538789428,0.0036231884057971,81.38357142857141,2.765399351606248,10.0,6.0,0.1044531610521458,0.0,0.0,0.0,0.0,0.0,4621858248.04
997,57,67,1963,2,Female,339 Little Creek Lane,32.64,-116.98,$26957,$54963,$105623,675,4,8347.436440677966,357.47008474576273,1141.1278339518765,372.270072505028,1634.0,256.85593220338984,30.41525423728813,32.74375041553088,25.63,1512.29,0.09,55.02597079140422,-185.8214537444934,-98.0,-4.47,-497.0,139.8829299462774,3705.25,118.0,256.85593220338984,0.0316407667689465,0.2864495694348213,0.2343432651902287,0.9423239317436904,7989.966355932203,0.0428188065257322,0.9570614105655632,Miscellaneous Food Stores,85.0,489.0,14528.0,0.0161338216371374,30309.0,0.0,30309.0,1027178.97,10.0,0.0003299350028044,132.224,26.0,54.0,32.0,22.0,0.0,144.0,67.0,345.0,30309.0,0.011382382052128,102.0,0.0033652259980204,0.0047509072913229,0.002210491586935,33.824,8.444970743939816,17.0,7.0,0.1629112757029163,0.0,0.0,0.0,0.0,0.0,31132767401.73
162,37,69,1983,1,Male,9550 Jefferson Street,42.56,-83.38,$32423,$66111,$98102,771,5,4759.612372881356,335.0084745762712,1184.3830822878665,330.08795760619256,1569.0,64.63559322033899,27.14406779661017,75.9581092777928,46.19,3669.84,0.33,103.424945714886,-169.6609442060086,-97.0,-50.0,-499.0,129.26280058323763,3304.6,118.0,64.63559322033899,0.0361872295791267,0.2851711026615969,1.5052776903987974,1.0795401994055327,4424.603898305085,0.0703708784366973,0.929419064553474,Miscellaneous Food Stores,79.0,261.0,84241.0,0.0342205323193916,7627.0,0.0,7627.0,601165.26,6.0,0.000786678903894,85.64833333333333,5.0,3.0,1.0,15.0,0.0,78.0,15.0,117.0,7627.0,0.0153382275825904,23.0,0.0030152071316203,0.0102254850550603,0.0019664394336654,85.64833333333333,2.381205120199813,8.0,6.0,0.1000202367702114,0.0,0.0,0.0,0.0,0.0,4585087438.02
1662,41,67,1978,5,Male,469 Pine Street,38.53,-90.0,$24509,$49967,$58582,712,4,8697.572881355933,378.0508474576271,973.7996626222716,364.3558382675069,1423.0,131.61016949152545,30.28813559322034,67.51174845415076,35.495000000000005,1530.39,0.22,79.69049475420002,-136.42201834862385,-82.0,-50.0,-500.0,121.77417701857742,3058.0,118.0,131.61016949152545,0.1674179008370895,0.2873148744365744,0.3747478852463952,1.100208181222308,8319.522033898305,0.0434612496341694,0.9564237889792168,Miscellaneous Food Stores,83.0,391.0,75781.0,0.0251770766258853,15530.0,0.0,15530.0,1070923.6,0.0,0.0,0.0,3.0,3.0,6.0,47.0,0.0,112.0,26.0,197.0,15530.0,0.0126843088017513,53.0,0.0034125297791513,0.0072113836842444,0.0016740712124138,0.0,4.345271404588696,13.0,7.0,0.111295420412006,0.0,0.0,0.0,0.0,0.0,16631443508.000002
1384,74,67,1946,1,Female,528 Lake Drive,38.53,-90.0,$22545,$23011,$30510,721,3,4301.456525423729,442.0527966101696,753.9352284818265,367.44614890033176,1826.0,78.05084745762711,29.016949152542374,57.71797475551512,49.715,855.96,1.34,55.888224535189146,-125.38997596153848,-84.5,-1.23,-497.0,106.19159482882144,4382.666666666667,118.0,78.05084745762711,0.5528773072747014,0.2887079261672095,0.8568624187750553,1.0636466403936864,3859.403728813559,0.102744279691852,0.8970232949497299,Miscellaneous Food Stores,78.0,392.0,75936.0,0.0425624321389793,9210.0,0.0,9210.0,559734.1,2.0,0.0002171552660152,25.08,1.0,2.0,2.0,34.0,0.0,261.0,20.0,320.0,9210.0,0.0347410704592335,37.0,0.0040169362718488,0.0283356855933123,0.002171316903702,25.08,2.6898364485981308,12.0,7.0,0.0938783890491443,0.0,0.0,0.0,0.0,2.3579828166315614e-05,5155151061.0
432,55,64,1964,11,Female,4329 El Camino Boulevard,36.08,-81.92,$13018,$26546,$32087,686,5,4386.089915254237,408.2542372881356,551.7318539059738,243.7459510578702,1280.0,75.10169491525424,28.74576271186441,62.19161379476088,59.03,656.88,1.49,43.45141267891781,-89.21111111111111,-76.0,-50.0,-454.0,59.4893534905704,3773.6,118.0,75.10169491525424,0.0993003836605732,0.2857142857142857,1.63208613108218,1.0812198344753976,3977.835677966101,0.0930580966368173,0.9067139618303404,Miscellaneous Food Stores,69.0,243.0,22204.0,0.0274204468517264,8862.0,0.0,8862.0,565732.61,0.0,0.0,0.0,6.0,7.0,4.0,19.0,1.0,109.0,27.0,173.0,8862.0,0.0195193501071871,32.0,0.0036105156267629,0.0122983188536612,0.0030463725600812,0.0,2.612617924528302,10.0,7.0,0.0611935651271406,0.0,0.0,0.0,0.0,0.0,5013522389.82
534,27,74,1993,2,Female,31919 Summit Boulevard,41.72,-93.6,$29680,$60510,$23196,790,3,6113.722156862746,414.7900980392157,1185.3293102584098,299.87100022052414,1418.0,117.96078431372548,29.715686274509803,53.30822875705249,41.61,1227.97,0.46,68.26024625417044,-127.05282282282282,-85.0,-0.59,-488.0,106.36987297324848,1775.0,102.0,117.96078431372548,0.0373171542553191,0.2913065159574468,0.627225825085621,0.9220486224821122,5698.93205882353,0.0678346599237847,0.932001800347942,Miscellaneous Food Stores,82.0,338.0,27092.0,0.0280917553191489,12032.0,0.0,12032.0,665908.25,6.0,0.0004986702127659,140.23833333333332,0.0,4.0,0.0,45.0,0.0,70.0,27.0,146.0,12032.0,0.0121333000914152,49.0,0.0040721349621873,0.0058173356602675,0.0022438294689603,140.23833333333334,3.969646981194325,11.0,6.0,0.0768383716315851,0.0,0.0,0.0,0.0,0.0,8012208064.0
565,54,65,1965,10,Male,6721 Sussex Drive,32.98,-96.89,$21381,$43598,$15891,757,4,5607.492711864407,340.1525423728813,832.9412828882906,297.9871685162277,1272.0,108.53389830508476,30.09322033898305,53.0195625,36.260000000000005,1046.95,0.01,63.21064973933502,-123.12269938650309,-81.0,-50.0,-480.0,108.27649921914,2243.75,118.0,108.53389830508476,0.0207698914656047,0.2871086124775513,1.5228378320203193,1.099769698918046,5267.340169491526,0.0606495470081133,0.9391721519667494,Miscellaneous Food Stores,74.0,286.0,27092.0,0.0223315374404622,12807.0,0.0,12807.0,701822.14,11.0,0.0008589052861716,156.85727272727274,0.0,6.0,2.0,53.0,0.0,100.0,25.0,186.0,12807.0,0.014522173641474,59.0,0.0046064959400374,0.0078076202373516,0.0019519050593379,76.31181818181818,3.6065896930442127,12.0,6.0,0.0594683474924636,0.0,0.0,0.0,0.0,0.0,8988236146.98
1453,37,73,1982,11,Female,4830 Ocean Drive,33.73,-87.28,$17716,$36122,$51593,641,2,4713.884152542372,490.1525423728813,713.3021594390325,256.10293160109995,1206.0,163.5593220338983,30.35593220338983,29.813921316395987,7.65,2930.44,0.11,51.64732768037717,-94.04552845528455,-76.0,-50.0,-496.0,72.19001714399022,4122.5,118.0,163.5593220338983,0.1285492227979274,0.2816580310880829,1.4740683665728913,0.9382097967339644,4223.7316101694905,0.103958554762916,0.8958293509485188,Service Stations,73.0,281.0,86438.0,0.0145595854922279,19300.0,0.0,19300.0,614076.33,16.0,0.0008290155440414,245.34875,3.0,4.0,2.0,73.0,8.0,125.0,36.0,251.0,19300.0,0.0130045075384695,80.0,0.0041448629604683,0.0064763483757318,0.0018651883322107,245.34875,5.388051367950865,17.0,6.0,0.0519372741575753,0.0,0.0,0.0,0.0,0.0,11851673169.0
1980,54,63,1965,5,Male,990 West Street,29.37,-95.45,$22856,$46603,$57177,612,1,2555.996355932204,283.93220338983053,559.8608145660914,275.9098307066526,1466.0,43.898305084745765,22.610169491525426,61.906315681444994,43.365,795.4,0.41,64.03142242495944,-108.77922077922078,-78.5,-50.0,-499.0,93.82156095331482,5082.0,118.0,43.898305084745765,0.3357142857142857,0.2886100386100386,0.449908212705769,0.8184524686014217,2272.064152542373,0.1110413015376853,0.8885676146042246,Service Stations,82.0,213.0,27092.0,0.0411196911196911,5180.0,1.0,5180.0,335111.57,2.0,0.0003861003861003,97.11,2.0,1.0,2.0,21.0,0.0,31.0,8.0,65.0,5180.0,0.0125458405713182,24.0,0.0046323103647944,0.0059834008878594,0.0015441034549314,97.11,1.9415292353823088,10.0,6.0,0.0800179077749589,0.0,0.0,0.0,1.0,0.0,1735877932.6
1769,75,65,1944,7,Male,177 Mill Boulevard,39.69,-74.25,$21861,$46031,$8332,661,5,4313.069322033898,563.2033898305085,827.0086461197376,351.98406042295386,1921.0,139.67796610169492,30.17796610169492,32.09169430607226,19.67,845.63,0.08,47.608239051666125,-106.6741573033708,-83.0,-50.0,-493.0,88.51412638117968,3201.0,118.0,139.67796610169492,0.052906200703798,0.2874044412085912,0.589338824067719,1.016452351884947,3749.8659322033895,0.1305503801141939,0.8692178201799244,Service Stations,77.0,488.0,32175.0,0.0296080572746025,16482.0,0.0,16482.0,575400.18,15.0,0.0009100837277029,81.34266666666667,0.0,0.0,1.0,38.0,1.0,91.0,38.0,169.0,16482.0,0.010252987926955,38.0,0.0023054055693745,0.0055208396529757,0.0023054055693745,81.34266666666666,4.628475147430497,14.0,7.0,0.0750688394348395,0.0,0.0,0.0,0.0,0.0,9483745766.76
242,41,65,1978,6,Male,6389 El Camino Drive,42.19,-73.35,$21365,$43560,$58544,850,5,4007.531779661017,468.1688983050847,665.1054639841658,281.89128774943055,1235.0,74.05932203389831,28.559322033898304,57.98758430410791,59.9,1042.41,0.3,57.3924157731404,-94.5957705479452,-78.0,-13.93,-497.0,75.59327293680899,3115.6,118.0,74.05932203389831,0.0465728344204142,0.2891635198535301,0.9552650942407064,1.04848044201111,3539.362881355932,0.1167931113033799,0.8829574207979062,Miscellaneous Food Stores,76.0,197.0,27092.0,0.0225426250143036,8739.0,0.0,8739.0,528132.68,6.0,0.0006865774116031,186.63833333333332,3.0,3.0,1.0,30.0,0.0,73.0,17.0,127.0,8739.0,0.0145308924485125,36.0,0.0041189931350114,0.0083524027459954,0.0019450800915331,38.30500000000001,2.5931750741839763,11.0,7.0,0.0243642267263258,0.0,0.0,0.0,0.0,0.0,4615351490.52
1129,49,65,1970,4,Male,2379 Forest Lane,33.18,-117.29,$16894,$34449,$36540,686,3,6509.93779661017,503.3050847457627,806.6903271240119,301.23953351962444,1757.0,122.40677966101696,30.161016949152543,55.55598900701526,56.17,1129.61,0.33,44.78584743423854,-96.41233766233766,-77.0,-50.0,-498.0,74.48519541049386,4189.333333333333,118.0,122.40677966101696,0.269108280254777,0.2887704237053448,0.6152707817524687,1.0132325969894769,6006.632711864408,0.0773014733772762,0.9225449389167376,Miscellaneous Food Stores,77.0,290.0,27092.0,0.0200775408474106,14444.0,0.0,14444.0,827562.66,5.0,0.0003461644973691,102.372,5.0,2.0,3.0,37.0,5.0,173.0,26.0,251.0,14444.0,0.0173762547594323,44.0,0.0030460366908965,0.0119764624437521,0.0017999307718933,102.372,4.0584433829727455,12.0,6.0,0.0311831759020727,0.0,0.0,0.0,0.0,0.0,11953315061.04
952,29,66,1990,5,Male,7135 Ninth Lane,42.31,-71.16,$62177,$126775,$28869,685,2,8227.578952380953,604.552380952381,1850.715578814108,376.3150526679325,1876.0,85.58095238095238,28.419047619047618,102.13948805864273,84.02000000000001,2139.34,0.42,133.23474401993454,-120.22348484848484,-81.0,-50.0,-500.0,104.38886601905207,2449.5,105.0,85.58095238095238,0.0697752058758068,0.2894502559537057,1.433385785470758,1.2455346933222105,7623.0265714285715,0.0734698402301229,0.9264086321032184,Miscellaneous Food Stores,87.0,351.0,50867.0,0.0390607611840641,8986.0,0.0,8986.0,927373.79,8.0,0.0008902737591809,59.38625,0.0,3.0,1.0,33.0,0.0,43.0,25.0,105.0,8986.0,0.0116835428952932,36.0,0.004005786135529,0.0047846889952153,0.0027817959274507,59.38625,3.011394101876676,10.0,7.0,0.1184643740449597,0.0,0.0,0.0,0.0,0.0,8333380876.940001
1692,81,59,1938,8,Female,97339 Lake Avenue,41.03,-73.86,$74205,$162709,$5642,542,3,13356.56754237288,2564.5169491525426,2064.1063958187137,504.4749277235924,4138.0,182.35593220338984,30.322033898305083,88.25596203382237,68.75,2422.36,0.05,128.370452284425,-82.6811475409836,-76.0,-50.0,-496.0,49.39196541325951,6736.0,118.0,182.35593220338984,0.0494934473464076,0.2921739938656009,0.9546605636282384,1.005905394174842,10792.050593220338,0.1919898170843891,0.8079353189857204,Service Stations,83.0,344.0,22204.0,0.0159866158564922,21518.0,0.0,21518.0,1878687.97,11.0,0.0005111999256436,120.62636363636362,8.0,28.0,15.0,56.0,1.0,70.0,45.0,223.0,21518.0,0.0103629350806264,92.0,0.0042752916027696,0.0032529392629769,0.0020911752404851,120.62636363636362,6.013974287311347,20.0,9.0,0.0237530319152451,0.0,0.0,0.0,0.0,0.0,40425607738.46
249,42,69,1977,9,Female,6777 First Drive,34.1,-117.38,$14632,$29835,$46702,618,7,2596.851949152542,172.1864406779661,583.029855473192,229.01270629297667,1066.0,65.26271186440678,27.847457627118644,40.66195992569003,33.88,903.64,0.78,47.485057468155816,-126.19875776397517,-82.0,-50.0,-493.0,106.10271084400814,3169.0,118.0,65.26271186440678,0.0481755616153746,0.2821711466043371,2.4171479111388585,1.1747520575973265,2424.665508474576,0.066280313138759,0.9333347534548834,Miscellaneous Food Stores,67.0,188.0,22204.0,0.0244124139722114,7701.0,0.0,7701.0,326746.53,11.0,0.0014283859239059,50.344545454545454,2.0,4.0,2.0,22.0,0.0,44.0,19.0,93.0,7701.0,0.0120747857699298,28.0,0.0036354193715917,0.0057128018696442,0.0024668917164372,50.344545454545454,2.34357881923311,9.0,6.0,0.0587135193661105,0.0,0.0,0.0,0.0,0.0,2516275027.53
121,34,66,1985,11,Female,71858 Mountain View Street,44.21,-88.43,$22277,$45419,$124370,721,3,4780.1425423728815,445.3135593220339,715.9111021057485,283.00030802896293,1438.0,88.0677966101695,29.483050847457623,57.404520659474855,55.655,1200.24,0.05,55.05518328082965,-92.839222614841,-77.5,-50.0,-495.0,69.86794584853428,1896.0,118.0,88.0677966101695,0.4697844495765974,0.2888760585065435,1.0284808069778628,0.988913291439591,4334.828983050848,0.0931395697525103,0.9066512752199752,Miscellaneous Food Stores,76.0,268.0,61195.0,0.0257890685142417,10392.0,0.0,10392.0,616603.82,11.0,0.0010585065434949,120.77454545454545,4.0,4.0,0.0,28.0,0.0,90.0,24.0,150.0,10392.0,0.0144327913018377,36.0,0.003463869912441,0.0086596747811026,0.002309246608294,91.50181818181818,2.987065248634665,12.0,6.0,0.0558727258887112,0.0,0.0,0.0,0.0,0.0,6407746897.44
1719,81,64,1938,9,Female,678 Park Drive,25.77,-80.2,$19386,$23217,$2559,616,3,3145.43220338983,552.7796610169491,889.6786131737083,393.42509002748153,1756.0,88.08474576271186,28.694915254237287,37.93163004598876,8.37,614.42,0.02,59.72307536831469,-107.10673234811166,-80.0,-50.0,-499.0,90.9460878328526,5387.0,118.0,88.08474576271186,0.0266499903790648,0.2831441216086203,1.4338408454654663,1.1661286419931598,2592.6525423728817,0.1756845929880224,0.8239975867204987,Miscellaneous Food Stores,82.0,396.0,61195.0,0.0380989032133923,10394.0,0.0,10394.0,436389.0,8.0,0.0007696748123917,71.3825,3.0,3.0,4.0,33.0,0.0,101.0,14.0,158.0,10394.0,0.0151996151996151,39.0,0.0037518037518037,0.0097162097162097,0.0013468013468013,19.6325,3.0696987595983463,14.0,7.0,0.0864492786950589,0.0,0.0,0.0,0.0,0.0,4535827266.0
667,83,63,1936,3,Male,588 Lincoln Street,35.98,-78.91,$30325,$41763,$2279,714,5,5334.501101694916,436.1088983050847,1249.7952023737946,337.18866264305984,1216.0,124.38983050847456,30.084745762711865,43.96362131582623,19.87,1067.57,0.05,86.89850269587757,-142.94680555555556,-85.0,-5.85,-492.0,124.47139600291602,4813.8,118.0,124.38983050847456,0.0952445837307535,0.2851887178089658,0.3949734099773718,1.184858832524992,4898.392203389831,0.0817371958121322,0.9180753803675104,Service Stations,85.0,534.0,75781.0,0.036380978334923,14678.0,0.0,14678.0,680931.98,24.0,0.0016351001498841,98.66208333333334,2.0,1.0,2.0,43.0,0.0,93.0,29.0,170.0,14678.0,0.0115811703794536,46.0,0.0031337284556168,0.0063355814428775,0.0019756114176715,98.66208333333331,4.134647887323943,14.0,6.0,0.0494152464398384,0.0,0.0,0.0,0.0,0.0,9994719602.44
1516,38,67,1981,3,Male,909 Eighth Street,37.44,-121.87,$33758,$68827,$35669,755,2,5287.146949152542,582.0780508474577,1137.6588207881607,370.4440087714065,2043.0,129.82203389830508,30.203389830508478,42.481502110853874,21.87,1027.07,0.63,72.1890496009774,-108.50744075829384,-79.0,-0.21,-499.0,90.24024447654575,4945.0,118.0,129.82203389830508,0.0788563222142437,0.2874861283373588,0.9360701323993276,0.8300917135522498,4705.068898305084,0.1100722155500499,0.8897386822919322,Service Stations,85.0,495.0,49239.0,0.0323128141523598,15319.0,0.0,15319.0,692568.55,1.0,6.527841242900972e-05,104.45,2.0,5.0,8.0,63.0,0.0,90.0,32.0,200.0,15319.0,0.0130548302872062,70.0,0.0045691906005221,0.0058746736292428,0.002088772845953,104.45,4.298260381593715,18.0,7.0,0.0711787708187713,0.0,0.0,0.0,0.0,3.057382260573119e-06,10609457617.45
469,67,67,1952,3,Female,488 Bayview Boulevard,33.88,-117.85,$26675,$46945,$17835,682,4,4511.414152542373,625.3220338983051,1195.0577399642334,377.5378371563792,1881.0,89.61864406779661,28.60169491525424,53.691061018658594,23.25,1469.83,0.76,93.49479200835133,-111.8,-80.0,-50.0,-497.0,94.19074374041914,3423.75,118.0,89.61864406779661,0.2611820330969267,0.2875650118203309,1.2523347073755793,1.108602964320068,3886.092118644068,0.1385781563392153,0.8612002327965786,Service Stations,88.0,380.0,61195.0,0.0359338061465721,10575.0,1.0,10575.0,606134.87,9.0,0.0008510638297872,98.40777777777777,4.0,6.0,1.0,34.0,1.0,73.0,19.0,138.0,10575.0,0.0130484114977307,44.0,0.0041603630862329,0.0069024205748865,0.0017965204236006,98.40777777777777,3.1333333333333333,12.0,6.0,0.0958272913306861,0.0,0.0,0.0,1.0,0.0,6409876250.25
1613,39,65,1980,12,Male,4784 Park Boulevard,44.44,-69.83,$21647,$44134,$0,792,4,5144.203220338983,511.2009322033898,977.9562771236808,315.34172564315395,1512.0,88.21186440677967,29.389830508474574,61.845744268976055,53.93,1337.19,0.54,66.46687535652244,-101.55170033670034,-80.0,-0.71,-493.0,82.51764884944457,3841.25,118.0,88.21186440677967,0.0263233740032664,0.2927274474012873,0.8997351598312705,0.924291092673426,4633.002288135593,0.0993548573907854,0.9004507868263278,Service Stations,79.0,313.0,92741.0,0.03007013161687,10409.0,0.0,10409.0,667337.69,7.0,0.0006724949562878,136.7514285714286,3.0,3.0,3.0,21.0,1.0,250.0,21.0,302.0,10409.0,0.0290105667627281,27.0,0.0025936599423631,0.0240153698366954,0.0020172910662824,136.75142857142856,3.001441753171857,11.0,8.0,0.0580212659543976,0.0,0.0,0.0,0.0,1.1770028236463514e-05,6946318015.209999
1427,34,66,1985,10,Female,326 Elm Lane,35.19,-80.83,$49477,$100880,$210445,770,1,5671.075535714285,420.2321428571428,1620.9931355940264,339.0580216136938,1511.0,75.40178571428571,28.017857142857142,78.45361413043477,30.24,1500.5,1.08,137.02915745099486,-134.8595988538682,-86.0,-50.0,-497.0,118.03822827508633,3409.0,112.0,75.40178571428571,0.0323268206039076,0.2813499111900532,0.5710697240463631,0.8052066984343113,5250.843392857142,0.0740878960816277,0.9257358016117996,Miscellaneous Food Stores,89.0,417.0,46284.0,0.0493783303730017,8445.0,0.0,8445.0,682226.46,1.0,0.0001184132622853,34.34,2.0,0.0,4.0,25.0,0.0,62.0,14.0,107.0,8445.0,0.0126687189201989,27.0,0.0031967795406109,0.0073407530191806,0.0016575893914278,34.34,2.691204588910134,12.0,6.0,0.1134552871438587,0.0,0.0,0.0,0.0,0.0,5761402454.7
939,80,59,1939,10,Female,4259 East Lane,40.04,-76.3,$19945,$34819,$2971,696,2,2900.980254237288,412.6949152542373,676.875605380903,238.0558545561404,1230.0,49.1864406779661,22.322033898305083,65.42730695718654,58.5,1678.25,1.0,60.97064424456735,-85.13636363636364,-75.0,-50.0,-498.0,57.62961274867992,6026.5,118.0,49.1864406779661,0.186078566505858,0.2837698139214334,1.4922455871502354,0.8155745471461803,2488.2853389830507,0.1422114828836778,0.8574439248336765,Miscellaneous Food Stores,76.0,282.0,59935.0,0.0485871812543073,5804.0,0.0,5804.0,391013.67,3.0,0.0005168849069607,116.26,6.0,7.0,4.0,0.0,2.0,77.0,18.0,114.0,5804.0,0.0196382428940568,13.0,0.0022394487510766,0.0132644272179155,0.0031007751937984,116.26,2.2034927866362946,9.0,6.0,0.0548881907226021,0.0,0.0,0.0,0.0,0.0,2269443340.68
668,87,57,1932,10,Female,8569 Wessex Boulevard,33.52,-86.79,$13263,$16342,$1758,747,5,3192.662372881356,441.7118644067797,656.6242359474995,288.2723694760424,1662.0,121.864406779661,30.008474576271187,27.275858673617144,18.34,773.81,0.12,40.75826750475122,-91.76408450704226,-76.0,-50.0,-493.0,66.68788534447404,5319.8,118.0,121.864406779661,0.0187760778859527,0.2830319888734353,0.722240642858536,0.8168044904730695,2750.950508474576,0.1383088795351471,0.8613780003277678,Service Stations,72.0,213.0,86438.0,0.0148122392211404,14380.0,0.0,14380.0,428856.16,18.0,0.0012517385257301,79.60277777777777,2.0,2.0,3.0,39.0,1.0,282.0,37.0,366.0,14380.0,0.0254502468534872,43.0,0.0029900563243168,0.0196092065920311,0.0025728391627842,53.15833333333333,4.0609997175939,13.0,8.0,0.0216986742896609,0.0,0.0,0.0,0.0,0.0,6166951580.799999
821,73,60,1946,7,Male,833 Elm Lane,29.76,-95.38,$12434,$18015,$10463,645,2,1459.593983050847,129.6949152542373,560.3382509952752,204.30982457622747,1055.0,44.08474576271186,23.008474576271187,33.64565149443251,25.3,910.47,0.1,51.9626199130705,-184.3855421686747,-123.0,-51.0,-498.0,135.24420832694815,2525.5,118.0,44.08474576271186,0.1262975778546712,0.2860438292964244,1.578994755441511,1.3411276166514707,1329.89906779661,0.0887960081715071,0.9105193388642848,Gardening Supplies,68.0,236.0,46594.0,0.0453671664744329,5202.0,0.0,5202.0,187536.09,7.0,0.0013456362937331,79.89714285714285,0.0,0.0,0.0,22.0,0.0,50.0,8.0,80.0,5202.0,0.0153757447626369,22.0,0.0042283298097251,0.009609840476648,0.0015375744762636,79.89714285714285,1.916022099447514,9.0,4.0,0.0987912446912773,0.0,0.0,0.0,0.0,0.0,975562740.18
1586,43,65,1977,1,Male,2974 Grant Avenue,40.66,-73.7,$27778,$56640,$104134,672,4,5611.2262711864405,468.5593220338983,907.248689469955,272.20406317021434,1406.0,94.2542372881356,29.559322033898304,62.6952655998485,62.55,1141.46,0.06,73.13377119610088,-98.55614973262033,-77.0,-50.0,-498.0,79.05694693975153,2928.5,118.0,94.2542372881356,0.0328178385182521,0.2871785650062938,0.8934980822390091,0.9712882431329491,5142.666949152543,0.0834890290221394,0.9163327885683,Service Stations,82.0,366.0,75936.0,0.0329077504046034,11122.0,0.0,11122.0,717414.7,10.0,0.0008991188635137,231.28,2.0,3.0,1.0,8.0,0.0,95.0,22.0,131.0,11122.0,0.0117773981839431,13.0,0.0011687494381012,0.008540861278432,0.001977883664479,231.28000000000003,3.188646788990826,12.0,7.0,0.0618002929952433,0.0,0.0,0.0,0.0,0.0,7979086293.4
496,47,63,1972,8,Male,16893 Fifth Avenue,32.76,-96.59,$17810,$36319,$44737,730,4,2378.4368644067795,337.3135593220339,714.0909778815256,296.85055375990936,1766.0,47.76271186440678,23.703389830508478,52.784568365619705,27.19,1061.67,0.05,66.92732781159877,-124.7742946708464,-84.0,-50.0,-497.0,109.87848847813636,4199.5,118.0,47.76271186440678,0.0661816891412349,0.2849538679914833,0.8159784407034061,0.9824946946009766,2041.1233050847457,0.1417619287856708,0.8578178037069375,Service Stations,77.0,219.0,45344.0,0.0388573456352022,5636.0,2.0,5636.0,320458.55,28.0,0.0049680624556423,78.28392857142858,2.0,1.0,1.0,18.0,0.0,48.0,16.0,86.0,5636.0,0.0152563420259003,21.0,0.0037253858435337,0.0085151676423629,0.0028383892141209,78.28392857142856,2.015016088666428,9.0,6.0,0.0859210129635212,0.0,0.0,0.0,2.0,0.0,1806104387.8
1115,53,73,1966,9,Male,94 Jefferson Drive,32.32,-95.3,$14811,$30198,$40950,693,6,6187.353305084745,268.3641525423729,689.5590008920234,221.4767656442,962.0,106.15254237288136,30.008474576271187,59.71762555210207,62.605,598.93,0.05,39.92441444252256,-112.29421985815604,-80.0,-10.97,-485.0,97.8445395141415,3849.3333333333335,118.0,106.15254237288136,0.0170046303688328,0.2913939006865719,1.0355683362540151,0.960278150614008,5918.989152542373,0.0433660037350918,0.956472402388363,Service Stations,73.0,233.0,50783.0,0.0186013092767044,12526.0,0.0,12526.0,761774.66,3.0,0.0002395018361807,107.57666666666668,5.0,9.0,4.0,28.0,4.0,399.0,36.0,485.0,12526.0,0.0387163726351081,42.0,0.0033527580426279,0.0318512014049652,0.0028737926079667,107.57666666666668,3.537418808246258,11.0,8.0,0.0686813837451532,0.0,0.0,0.0,0.0,0.0,9541989391.16
476,68,71,1951,9,Male,26 El Camino Street,40.93,-76.25,$20340,$41473,$98151,724,3,7654.312711864407,2344.943220338983,895.1581887340026,332.872292823707,3570.0,154.77966101694915,30.09322033898305,61.40936225183574,59.845,697.09,0.68,42.60978584136591,-77.81307649043869,-75.0,-2.3,-494.0,31.6292394497508,3458.333333333333,118.0,154.77966101694915,0.0452803328953131,0.2751861585632939,1.0907852710272317,1.0213733483087102,5309.369491525424,0.3063157977471942,0.6935535740162282,Miscellaneous Food Stores,79.0,222.0,59935.0,0.0121550591327201,18264.0,0.0,18264.0,1179912.2,7.0,0.0003832676303109,181.0742857142857,3.0,5.0,2.0,56.0,12.0,629.0,37.0,744.0,18264.0,0.0407336435806186,64.0,0.0035039693402682,0.0344374486723241,0.0020257322748425,181.0742857142857,5.143339904252323,14.0,10.0,0.0017166339662954,0.0,0.0,0.0,0.0,0.0,21549916420.8
334,44,65,1975,11,Male,8349 Valley Avenue,41.16,-82.22,$19818,$40407,$25986,697,3,2187.818728813559,227.1921186440678,785.327576176654,258.57854389691545,1145.0,35.19491525423729,19.940677966101696,64.93023390342051,40.625,1258.91,1.48,76.9069671283174,-151.46141242937853,-87.0,-0.67,-500.0,131.11621808157997,3611.3333333333335,118.0,35.19491525423729,0.0929448591379725,0.2728148326510956,1.880470961312445,1.326330758533112,1960.6266101694916,0.1037966806722347,0.8957464518919945,Miscellaneous Food Stores,74.0,257.0,27092.0,0.0618829761618107,4153.0,0.0,4153.0,284971.28,2.0,0.0004815795810257,119.05,3.0,4.0,4.0,8.0,0.0,25.0,10.0,54.0,4153.0,0.0129995185363505,15.0,0.0036109773712084,0.0060182956186807,0.0024073182474723,119.05,1.764980875478113,8.0,6.0,0.0772109466472358,2.4990982731230932e-05,0.0,0.0,0.0,0.0,1183485725.8400002
1300,58,66,1961,3,Male,4988 Ocean View Lane,31.13,-93.27,$11324,$23092,$20545,752,4,2837.8883050847458,430.4491525423729,563.7381901070185,270.56321748788275,1246.0,115.26271186440678,29.991525423728813,25.686187006213085,16.81,939.1,0.27,37.52056707013505,-90.05851063829788,-77.0,-50.0,-484.0,63.46354695767697,4572.0,118.0,115.26271186440678,0.1955738548636129,0.2838026615690023,1.4131600744090052,1.019967969704776,2407.439152542373,0.1516259557557771,0.8480217936825474,Service Stations,72.0,218.0,49789.0,0.0160282332181457,13601.0,0.0,13601.0,385663.82,20.0,0.0014704801117564,171.2,2.0,5.0,6.0,29.0,2.0,99.0,20.0,163.0,13601.0,0.0119835318335538,36.0,0.0026466696074106,0.0072783414203793,0.001470372004117,98.9,3.843176038428935,14.0,6.0,0.0404772217191006,0.0,0.0,0.0,0.0,0.0,5245413615.82
349,40,61,1979,12,Female,1943 Birch Street,40.84,-81.63,$21201,$43229,$96831,685,2,2377.64406779661,483.5,727.667850755156,287.27424432585565,1488.0,97.7542372881356,29.38135593220339,25.626781147241505,5.76,1006.71,0.21,49.76254524031079,-97.19420783645656,-78.0,-50.0,-500.0,77.9462475623792,4352.0,118.0,97.7542372881356,0.0173385348938014,0.2902470741222366,0.3430048887241665,0.7613161247791801,1894.1440677966104,0.2032670656975915,0.7963125267208209,Service Stations,68.0,200.0,86438.0,0.0173385348938014,11535.0,0.0,11535.0,337615.0,29.0,0.0025140875596012,127.09241379310345,1.0,1.0,4.0,21.0,0.0,47.0,21.0,95.0,11535.0,0.0082350901525658,23.0,0.0019937586685159,0.0040742024965325,0.0018203883495145,95.64413793103448,3.3270839342370926,11.0,6.0,0.0275878991832299,0.0,0.0,0.0,0.0,0.0,3894389025.0
1379,76,72,1943,6,Male,93374 11th Street,42.58,-82.91,$19780,$34408,$9107,701,4,6062.732711864406,218.34745762711864,780.8488356796895,246.5208986171752,1081.0,160.61864406779662,30.347457627118644,38.120235519795386,16.16,1370.59,0.04,47.39803741419252,-138.5215053763441,-86.0,-50.0,-493.0,118.69320921348984,3263.5,118.0,160.61864406779662,0.0298633461721099,0.2881865667704321,2.3735177054696157,1.1038328491401923,5844.385254237288,0.0360087536839966,0.9638263313951916,Miscellaneous Food Stores,72.0,375.0,98372.0,0.0197857858914156,18953.0,0.0,18953.0,741167.46,4.0,0.0002110483828417,52.3425,3.0,1.0,0.0,47.0,7.0,234.0,39.0,331.0,18953.0,0.017463332278147,51.0,0.0026907249129471,0.0123456790123456,0.0020576131687242,52.3425,5.292655682770176,14.0,7.0,0.0725762632927113,0.0,0.0,0.0,0.0,0.0,14047346869.38
1195,75,68,1944,7,Male,1222 First Drive,44.01,-92.47,$23553,$40696,$15691,801,6,5641.8665254237285,460.96610169491527,780.6246232162964,318.5951247931115,1579.0,109.72881355932203,29.771186440677965,53.70172219085263,46.94,951.04,0.25,49.08980998812449,-98.71869328493648,-79.0,-50.0,-500.0,81.05037039295286,4701.666666666667,118.0,109.72881355932203,0.01220265678097,0.2802749459375965,0.8078263150007493,0.975836166105646,5180.900423728814,0.0816900594082899,0.9181327256964976,Miscellaneous Food Stores,81.0,376.0,61195.0,0.0290392338585109,12948.0,0.0,12948.0,720134.25,16.0,0.0012357120790855,118.370625,3.0,6.0,1.0,25.0,3.0,275.0,30.0,343.0,12948.0,0.0264885319329677,34.0,0.0026256853811105,0.0212371611707467,0.0023167812186269,118.370625,3.685738684884714,13.0,7.0,0.0506664215460979,0.0,0.0,0.0,0.0,0.0,9324298269.0
491,40,69,1979,6,Male,2336 George Drive,34.83,-82.37,$13249,$27013,$58806,651,3,1623.433813559322,432.0847457627119,581.0321197616654,272.6693804727086,1422.0,34.02542372881356,17.135593220338983,55.333677065280185,40.8,725.42,0.72,61.00667838189388,-92.19891500904158,-76.0,-50.0,-498.0,71.38122443415504,5925.0,118.0,34.02542372881356,0.2396014943960149,0.2998754669987546,0.4684982700789689,0.7312662426012513,1191.34906779661,0.2659909823078382,0.7333934185882445,Miscellaneous Food Stores,61.0,156.0,26810.0,0.0388542963885429,4015.0,1.0,4015.0,242551.19,9.0,0.0022415940224159,112.21,3.0,2.0,0.0,8.0,0.0,37.0,9.0,59.0,4015.0,0.0146912350597609,13.0,0.0032370517928286,0.0092131474103585,0.0022410358565737,112.21,1.9856577645895157,8.0,6.0,0.0391276207660776,0.0,0.0,0.0,1.0,0.0,973843027.85
68,42,70,1977,10,Male,58 Birch Lane,41.55,-90.6,$20599,$41997,$0,704,3,5975.910593220338,125.28813559322032,695.6684102398413,224.1894841764388,1019.0,100.864406779661,30.10169491525424,59.51700286968264,60.0,814.78,0.32,44.3668142583408,-278.9433962264151,-281.0,-114.0,-471.0,106.32378254368906,5355.666666666667,118.0,100.864406779661,0.0312552512182826,0.288354898336414,1.8530115395440476,1.0735099329511135,5850.622457627118,0.0209620227104176,0.978870666772819,Industrial Equipment and Supplies,76.0,239.0,27092.0,0.0200806587128213,11902.0,0.0,11902.0,719941.45,9.0,0.0007561754327003,136.71555555555557,3.0,3.0,1.0,24.0,0.0,187.0,23.0,241.0,11902.0,0.0202469965554902,30.0,0.0025203730152062,0.0157103251281189,0.0019322859783247,136.71555555555557,3.3507882882882885,10.0,5.0,0.0863036861684139,0.0,0.0,0.0,0.0,0.0,8568743137.9
1087,40,65,1979,12,Female,613 George Boulevard,37.53,-84.66,$15202,$30997,$81716,722,2,2123.279322033898,322.728813559322,838.2152053683157,312.08785912344547,2049.0,59.559322033898304,26.14406779661017,37.42299626587005,11.37,1174.48,0.51,65.93133906189992,-114.36036036036036,-82.0,-50.0,-500.0,95.06996087151146,5690.5,118.0,59.559322033898304,0.0233352305065452,0.2949630051223676,1.0655024575754315,1.3194435044615709,1800.550508474576,0.1519239067159606,0.8476053453980963,Service Stations,73.0,271.0,22204.0,0.038560045532157,7028.0,0.0,7028.0,288628.96,6.0,0.0008537279453614,60.70166666666666,3.0,1.0,2.0,14.0,0.0,61.0,11.0,92.0,7028.0,0.0130886328069426,18.0,0.0025608194622279,0.0086783326219945,0.001564945226917,60.70166666666666,2.2781199351701784,10.0,6.0,0.0573221647454244,0.0,0.0,0.0,0.0,0.0,2028484330.88
1717,67,67,1952,7,Female,728 Sixth Avenue,43.06,-78.27,$17665,$43070,$14135,726,4,9190.59747826087,436.295652173913,865.7351835480981,277.8379236588048,1386.0,173.51304347826087,30.408695652173915,54.4354506592501,45.32,1257.7,0.94,42.15667448701466,-93.26022304832712,-76.0,-50.0,-468.0,69.91702409587494,1558.5,115.0,173.51304347826087,0.0095720156359627,0.2844542447629548,0.7281377557916363,1.0155546246325518,8754.301826086958,0.0474667927099505,0.9524244122734744,Service Stations,71.0,244.0,39021.0,0.0122281246867795,19954.0,0.0,19954.0,1107092.71,3.0,0.0001503457953292,12.8,30.0,31.0,18.0,38.0,0.0,354.0,42.0,513.0,19954.0,0.0257078426459533,99.0,0.0049611626158857,0.0177399148083187,0.0021047356552242,12.8,5.706033743208464,17.0,7.0,0.0654309915296462,0.0,0.0,0.0,0.0,0.0,22090927935.34
1168,51,68,1968,10,Male,207 Ocean View Street,40.67,-74.42,$53790,$109673,$242379,505,1,17936.98940677966,4455.440677966101,3240.9440245430046,514.2526490443282,5512.0,258.64406779661016,30.279661016949152,88.80442854745321,66.0,2063.95,0.35,106.72599241133976,-78.63326353574634,-75.0,-50.0,-498.0,35.13362623150314,6361.0,118.0,258.64406779661016,0.3365989515072083,0.286697247706422,0.942043810221519,0.8650775937906724,13481.54872881356,0.2483801599460287,0.7515640924460693,Miscellaneous Food Stores,84.0,572.0,43293.0,0.0187418086500655,30520.0,0.0,30520.0,2642306.75,7.0,0.0002293577981651,78.14857142857143,23.0,25.0,20.0,113.0,1.0,126.0,50.0,358.0,30520.0,0.0117296287801841,161.0,0.0052750565184626,0.0041283051014055,0.0016382163100815,78.14857142857143,8.541841589700532,23.0,11.0,0.0106344734975073,0.0,0.0,0.0,0.0,0.0,80643202010.0
5,65,65,1955,2,Male,1032 Second Lane,42.95,-77.13,$19095,$20614,$14042,711,2,2815.581355932203,333.35593220338984,1062.7104599322563,286.0665311840123,1823.0,40.483050847457626,21.1864406779661,74.64358571107616,40.0,1577.19,1.05,108.52755648239136,-121.03384615384616,-81.0,-50.0,-494.0,108.0532937165774,4777.0,118.0,40.483050847457626,0.1052962110110948,0.2756960435419719,1.0758586542971804,0.8864640249216036,2482.225423728813,0.1183548032444669,0.8812901564163311,Service Stations,86.0,235.0,28395.0,0.0491940548461377,4777.0,0.0,4777.0,371574.6,20.0,0.0041867280720117,123.11999999999998,0.0,2.0,1.0,16.0,4.0,33.0,9.0,65.0,4777.0,0.013604018417748,18.0,0.0037672666387609,0.0069066555043951,0.0018836333193804,91.02,1.9108,9.0,6.0,0.043724737524468,0.0,0.0,0.0,0.0,0.0,1775011864.1999998
1295,70,70,1950,2,Female,888 Lincoln Street,46.78,-92.11,$17474,$27772,$14408,788,4,6586.228983050848,479.6186440677966,889.4143971073681,280.10306160324865,1307.0,175.9322033898305,30.389830508474574,38.52168624535316,25.78,1038.21,0.17,50.03998547292314,-96.74358974358974,-77.0,-50.0,-499.0,73.68137088283491,3728.0,118.0,175.9322033898305,0.0411368015414258,0.2877649325626204,1.1717065251629473,0.9899683568062008,6106.610338983051,0.0728103797973124,0.927037811300557,Service Stations,85.0,428.0,72351.0,0.0206165703275529,20760.0,0.0,20760.0,833770.02,9.0,0.0004335260115606,197.0888888888889,14.0,12.0,8.0,50.0,0.0,318.0,44.0,446.0,20760.0,0.0214825875439526,76.0,0.0036607099850681,0.0153171812533114,0.0021193584124078,114.42222222222222,5.789180145008366,17.0,7.0,0.0452152095554456,0.0,0.0,0.0,0.0,0.0,17309065615.2
1540,55,61,1964,9,Female,1513 Valley Boulevard,39.33,-84.54,$21992,$44839,$63194,625,3,7305.836355932203,379.1694915254237,892.7877487457692,321.8954893592402,1663.0,187.3135593220339,30.41525423728813,39.64172943394491,40.28,1728.3,0.12,39.50130058714246,-125.67977528089888,-82.0,-50.0,-493.0,108.75445264489272,3986.6666666666665,118.0,187.3135593220339,0.1620142062163507,0.281364520653305,1.1658588503740457,1.0595929950584304,6926.66686440678,0.0518924296446829,0.9479707122198274,Service Stations,78.0,356.0,39021.0,0.0161064108944487,22103.0,0.0,22103.0,906830.69,18.0,0.0008143690901687,83.52833333333334,31.0,56.0,29.0,36.0,0.0,123.0,51.0,326.0,22103.0,0.0147484618168657,123.0,0.0055646036916395,0.0055646036916395,0.0023072747014115,41.30611111111111,6.158539983282251,18.0,6.0,0.0842589902331091,0.0,0.0,0.0,0.0,0.0,20043678741.07
1097,39,68,1980,10,Male,952 Mountain View Boulevard,43.95,-86.44,$15863,$32343,$59006,732,3,2882.4386440677968,468.0677966101695,636.8659914292577,286.86641010176885,1591.0,67.01694915254237,26.45762711864407,46.44650553052028,33.5,980.34,0.33,51.20381397186971,-94.41367521367522,-76.0,-50.0,-497.0,74.39732617127731,3611.0,118.0,67.01694915254237,0.1140617096611026,0.2854071825998988,1.194836730384668,1.0519444070920343,2414.3708474576274,0.1623297230801641,0.837323468777392,Service Stations,74.0,248.0,22204.0,0.0313606474456246,7908.0,0.0,7908.0,395359.76,14.0,0.0017703591299949,130.03142857142856,4.0,0.0,1.0,27.0,7.0,84.0,14.0,137.0,7908.0,0.0173220381843469,31.0,0.0039195852825894,0.0106208117334682,0.0017701352889113,130.03142857142856,2.532991672005125,10.0,6.0,0.0741404595079028,0.0,0.0,0.0,0.0,0.0,3126504982.08
1471,31,76,1988,11,Male,7948 Martin Luther King Avenue,35.1,-90.0,$10730,$21876,$20169,786,2,3315.365980392157,204.9607843137255,429.9934546894429,162.80291928006525,726.0,73.77450980392157,29.11764705882353,46.387836762688615,46.05,497.97,0.01,37.643510900027366,-94.17117117117115,-76.0,-50.0,-454.0,73.31045666574926,1506.0,102.0,73.77450980392157,0.0704318936877076,0.2882392026578073,1.0856117230527145,1.002932020173322,3110.405196078432,0.061802824394396,0.9378956407310116,Service Stations,59.0,153.0,98374.0,0.0203322259136212,7525.0,0.0,7525.0,359073.33,3.0,0.0003986710963455,30.376666666666665,5.0,3.0,1.0,0.0,2.0,80.0,14.0,105.0,7525.0,0.0139516343343077,8.0,0.0010629816635663,0.010629816635663,0.001860217911241,30.376666666666665,2.5336700336700337,10.0,7.0,0.0252546993829817,0.0,0.0,0.0,0.0,0.0,2702026808.25
774,46,61,1973,7,Male,671 Essex Street,42.41,-114.59,$16378,$33395,$57774,588,2,2753.1282203389837,360.33898305084745,837.2581518200427,300.18578920392395,1501.0,59.45762711864407,26.135593220338983,48.76450465325728,19.36,1120.13,0.73,73.9006869128059,-120.11299435028248,-82.0,-50.0,-497.0,103.54202223692634,4214.5,118.0,59.45762711864407,0.0883694412770809,0.2933295324971494,0.9745137652925424,0.9284735127599908,2392.789237288136,0.1308359503344024,0.8688009583641052,Miscellaneous Food Stores,78.0,253.0,22204.0,0.0360604332953249,7016.0,0.0,7016.0,367389.13,5.0,0.0007126567844925,71.286,0.0,4.0,1.0,22.0,0.0,45.0,19.0,91.0,7016.0,0.012968505059142,26.0,0.0037052871597548,0.006412997007268,0.0027077098475131,71.286,2.274967574578469,10.0,7.0,0.1430116883422309,0.0,0.0,0.0,0.0,0.0,2577602136.08
1594,39,64,1980,11,Male,532 12th Drive,27.98,-80.66,$17645,$35978,$49366,643,3,2116.017731958763,224.22680412371133,616.2151742534573,242.48365516886895,890.0,66.5360824742268,27.36082474226804,32.52832329635499,16.15,1061.71,0.61,63.134754255526914,-151.04166666666666,-88.0,-50.0,-494.0,123.90521275657352,3256.0,97.0,66.5360824742268,0.1234893089556864,0.2883483111248838,1.167988350190734,0.970494207909568,1891.7909278350517,0.1059163561734772,0.8936112812265766,Miscellaneous Food Stores,77.0,332.0,32175.0,0.0514409668422683,6454.0,0.0,6454.0,227003.72,4.0,0.0006197706848466,140.89999999999998,1.0,1.0,6.0,24.0,0.0,37.0,13.0,82.0,6454.0,0.0127033307513555,26.0,0.0040278853601859,0.0057319907048799,0.0020139426800929,140.89999999999998,2.431801055011304,10.0,6.0,0.094800239069468,0.0,0.0,0.0,0.0,0.0,1465082008.88
133,31,65,1988,10,Female,5295 Pine Street,33.95,-84.54,$30747,$62692,$50290,698,2,4363.027457627119,546.1271186440678,973.6778841418684,307.45780188841223,1620.0,75.09322033898304,28.203389830508478,62.29125710828796,34.74,1367.49,0.66,82.58851839714566,-108.1258389261745,-80.0,-50.0,-499.0,93.0875576092098,4169.0,118.0,75.09322033898304,0.2755896625663018,0.2831508859045255,0.7371329333754342,1.1161871315087213,3816.900338983051,0.1251429153337676,0.8746279385369494,Miscellaneous Food Stores,85.0,293.0,39021.0,0.0330662453447692,8861.0,0.0,8861.0,579280.24,3.0,0.0003385622390249,91.23666666666668,6.0,25.0,12.0,16.0,0.0,71.0,16.0,146.0,8861.0,0.0164748363800496,47.0,0.0053035432182351,0.0080117354998871,0.0018054615211013,91.23666666666666,2.6625600961538463,10.0,7.0,0.1096766184594376,0.0,0.0,0.0,0.0,0.0,5133002206.64
720,36,65,1983,5,Female,980 Federal Drive,42.38,-83.1,$9710,$19800,$40038,682,3,1314.6755084745762,222.364406779661,428.7626455230133,201.75768936529076,1123.0,31.220338983050848,17.847457627118644,45.51986795774648,33.33,631.89,0.3,44.74715156569733,-95.06884057971014,-78.0,-50.0,-467.0,70.73802351645467,3479.0,118.0,31.220338983050848,0.1370792616720955,0.2684581976112921,0.4294886552579746,0.8241919424075046,1092.3111016949151,0.1690115878477325,0.8302283463202604,Service Stations,63.0,121.0,22204.0,0.0328447339847991,3684.0,1.0,3684.0,181370.71,6.0,0.001628664495114,53.21333333333334,0.0,0.0,0.0,18.0,0.0,54.0,5.0,77.0,3684.0,0.0208955223880597,18.0,0.0048846675712347,0.0146540027137042,0.0013568521031207,53.21333333333333,1.7492877492877492,8.0,6.0,0.0320121951219512,0.0,0.0,0.0,1.0,0.0,668169695.64
1344,61,65,1958,11,Male,186 Forest Avenue,42.58,-83.03,$22974,$46843,$66529,736,2,4566.18406779661,455.3559322033898,821.4442142086191,281.22839595425626,1336.0,109.19491525423727,29.694915254237287,43.73810536569527,34.69,1429.38,0.74,62.13129333210628,-94.93286219081271,-77.0,-50.0,-492.0,74.25594876516361,5933.5,118.0,109.19491525423727,0.0156771439658517,0.2916569654637175,0.7705010166837167,1.0278186845445685,4110.82813559322,0.0997016817023255,0.9000793650027874,Miscellaneous Food Stores,85.0,231.0,61195.0,0.0179278230500582,12885.0,0.0,12885.0,592541.72,11.0,0.0008537058595265,118.6681818181818,1.0,1.0,1.0,41.0,0.0,81.0,24.0,149.0,12885.0,0.0115629365202545,43.0,0.0033369548347043,0.0062858916653732,0.0018624864193698,118.6681818181818,3.67722602739726,14.0,7.0,0.0330895352948839,0.0,0.0,0.0,0.0,0.0,7634900062.2
1446,28,61,1991,4,Male,54 Burns Avenue,34.02,-94.73,$13811,$28163,$50872,689,4,2262.891584158416,256.81188118811883,640.7684777183294,254.862029846397,1170.0,57.64356435643565,25.96039603960396,41.02531861425238,26.88,1038.12,0.38,53.38371146709165,-103.33864541832668,-80.0,-50.0,-492.0,88.51011727795736,1468.25,101.0,57.64356435643565,0.0374441772586739,0.2895912057712126,2.920986931112878,1.3720200376393112,2006.079702970297,0.1134382419128019,0.8861200408216728,Service Stations,65.0,182.0,88646.0,0.0312607351425626,5822.0,0.0,5822.0,254490.05,4.0,0.0006870491240123,222.595,1.0,5.0,0.0,17.0,0.0,55.0,14.0,92.0,5822.0,0.0157994161085351,23.0,0.0039498540271337,0.0094453031083633,0.0024042589730379,222.595,2.220442410373761,10.0,6.0,0.0449130652685145,0.0,0.0,0.0,0.0,0.0,1481641071.1
299,40,61,1979,7,Male,196 Plum Lane,40.84,-73.87,$13845,$28229,$55675,622,5,1803.180593220339,215.7627118644068,506.20657053398855,215.43363854051475,1053.0,31.41525423728813,18.338983050847457,61.79939297124601,35.53,603.16,0.4,63.05209453895994,-96.43939393939394,-77.0,-50.0,-491.0,80.89168062012094,1745.8,118.0,31.41525423728813,0.062584299973024,0.2921499865120043,0.6663882037817912,1.2414730098640938,1587.4178813559322,0.1195904183179828,0.8798553134431514,Service Stations,68.0,160.0,26810.0,0.0431615861882924,3707.0,1.0,3707.0,238235.31,1.0,0.0002697599136768,149.7,0.0,2.0,1.0,8.0,2.0,47.0,13.0,73.0,3707.0,0.0196871628910463,10.0,0.0026968716289104,0.0126752966558791,0.0035059331175836,149.7,1.7130314232902033,8.0,6.0,0.1021169631986174,0.0,0.0,0.0,1.0,0.0,883138294.17
1487,59,69,1961,2,Female,4793 North Street,40.69,-80.01,$39464,$80464,$76261,727,3,10002.965423728812,332.22610169491526,1914.428903421094,303.1660856199839,1358.0,110.01694915254237,30.271186440677965,92.62731852781918,81.62,5813.78,1.21,143.29250352982336,-164.027949790795,-94.0,-4.68,-487.0,127.22759127608064,4930.0,118.0,110.01694915254237,0.2924818980126328,0.2832383299953782,1.5848409694213934,1.035716592696213,9670.739322033896,0.0332094412188685,0.9666905984196504,Miscellaneous Food Stores,96.0,436.0,75936.0,0.0335849637960252,12982.0,0.0,12982.0,1219552.6,25.0,0.001925743336928,145.33360000000002,5.0,10.0,5.0,30.0,2.0,92.0,26.0,170.0,12982.0,0.0130940460602326,45.0,0.0034660710159439,0.0070861896325964,0.002002618809212,84.7736,3.6343784994400896,14.0,6.0,0.1388645147598388,0.0,0.0,0.0,0.0,0.0,15832231853.2
726,58,67,1961,8,Male,845 Littlewood Boulevard,33.79,-118.29,$22032,$44924,$27297,717,3,2285.9519491525425,481.728813559322,660.3328742465409,321.14332772215687,1523.0,83.37288135593221,28.43220338983051,29.136134154244974,8.22,669.28,0.54,45.06539556952171,-98.00689655172414,-78.0,-50.0,-498.0,79.29364298378779,4270.666666666667,118.0,83.37288135593221,0.0325269363691807,0.2885749136003253,1.2179452344292483,1.0409393641696016,1804.2231355932204,0.2106422978138357,0.7889204389544769,Service Stations,77.0,268.0,61195.0,0.0272413092091888,9838.0,0.0,9838.0,326586.33,3.0,0.000304940028461,226.71,1.0,1.0,1.0,39.0,2.0,31.0,18.0,93.0,9838.0,0.0094521800996036,41.0,0.0041670901514381,0.0031507266998678,0.0018294542128265,226.71,2.932339791356185,11.0,6.0,0.0465652212155862,0.0,0.0,0.0,0.0,0.0,3212956314.54
799,34,68,1985,7,Female,90 El Camino Avenue,42.88,-78.85,$15461,$31525,$57818,686,2,2819.745,349.59615384615387,991.9819572525314,303.3886455955885,1383.0,52.51923076923077,24.134615384615383,56.88719301648885,24.67,1142.5,0.46,96.48778471375722,-118.81699346405227,-83.0,-50.0,-487.0,106.14162749517529,1552.0,104.0,52.51923076923077,0.1763090443061149,0.2885389967045038,1.322444248073506,1.0065796402054168,2470.148846153846,0.1239375249610134,0.875707958767576,Miscellaneous Food Stores,78.0,215.0,22204.0,0.0393628707433174,5462.0,0.0,5462.0,329611.48,5.0,0.0009154155986818,210.692,2.0,0.0,1.0,2.0,0.0,56.0,13.0,74.0,5462.0,0.0135456708768076,4.0,0.0007321984257733,0.0102507779608273,0.0023796448837635,210.692,2.1760956175298807,9.0,6.0,0.0643031986578288,0.0,0.0,0.0,0.0,0.0,1800337903.76
1787,52,66,1967,9,Female,417 Hill Lane,38.04,-84.45,$28583,$58278,$51539,689,6,6410.176949152542,348.6864406779661,1229.1531615407644,322.2505979028766,1506.0,119.27118644067797,30.21186440677966,55.03899294186131,49.06,1201.25,0.58,66.97356271283161,-124.30513595166164,-81.0,-50.0,-478.0,104.83216284843814,5077.333333333333,118.0,119.27118644067797,0.2167827199090521,0.2845672871962484,0.6039717708846217,0.99664545231867,6061.490508474576,0.0543872745119064,0.9454567478871116,Service Stations,84.0,349.0,39021.0,0.0247974989342049,14074.0,0.0,14074.0,797545.88,11.0,0.0007815830609634,108.3718181818182,17.0,21.0,19.0,33.0,2.0,109.0,28.0,229.0,14074.0,0.0162699822380106,71.0,0.005044404973357,0.0077442273534635,0.0019893428063943,108.3718181818182,3.9478260869565216,13.0,6.0,0.10326641714869,0.0,0.0,0.0,0.0,0.0,11224660715.12
840,68,64,1952,1,Female,651 Fourth Avenue,37.74,-122.44,$51692,$88432,$63075,694,6,17199.269915254237,620.1102542372881,2075.084018744061,361.1689486242722,1846.0,127.92372881355932,30.203389830508478,140.30513999308675,136.3,2505.91,0.06,133.68751923789387,-116.14763492063491,-80.0,-10.01,-500.0,101.20847809878178,4661.333333333333,118.0,127.92372881355932,0.0667108314011262,0.2824776416031798,1.1064314110093671,0.974144801178096,16579.15966101695,0.0360523559974682,0.9638895053800028,Miscellaneous Food Stores,85.0,399.0,27092.0,0.0264325935740311,15095.0,0.0,15095.0,2102686.86,16.0,0.0010599536270288,104.886875,3.0,3.0,6.0,52.0,0.0,175.0,31.0,270.0,15095.0,0.0178855325914149,58.0,0.0038420773714891,0.0115924748277689,0.0020535241123476,104.886875,4.235409652076319,13.0,6.0,0.093981455984167,0.0,0.0,0.0,0.0,0.0,31740058151.7
87,58,71,1961,5,Male,663 Second Boulevard,26.13,-97.63,$11844,$24155,$2870,802,3,3477.915338983051,451.6186440677966,591.6099117187788,301.91952625358385,1319.0,103.6864406779661,30.059322033898304,35.66162756343413,20.0,703.8,0.22,41.642428230803965,-95.84712230215828,-78.5,-50.0,-494.0,76.50978863825007,4179.0,118.0,103.6864406779661,0.0639967306906416,0.2862280343277482,1.27335280878588,1.0983909996123444,3026.296694915254,0.129815934008849,0.8698966200769619,Service Stations,61.0,178.0,27092.0,0.0145484266448712,12235.0,0.0,12235.0,463685.01,0.0,0.0,0.0,0.0,0.0,3.0,16.0,0.0,75.0,31.0,125.0,12235.0,0.0102157567832625,16.0,0.0013076168682576,0.0061294540699575,0.0025335076822491,0.0,3.449393853961094,11.0,8.0,0.0572130901448622,0.0,0.0,0.0,0.0,0.0,5673186097.35
363,52,66,1967,9,Female,7508 Grant Street,27.9,-82.78,$23878,$48686,$113137,701,3,4390.721101694916,285.94186440677964,4166.299865674492,396.5612070625688,1822.0,83.32203389830508,27.35593220338983,54.4399590206998,20.24,1631.58,0.12,81.70453237245893,-107.11473015873015,-78.0,-0.14,-496.0,92.0137402030429,4757.0,118.0,83.32203389830508,0.0200366151342554,0.2816314076484947,0.0,0.1448138949325102,4104.779237288136,0.0651092949177544,0.9346630039197984,Service Stations,81.0,360.0,27092.0,0.0366151342554922,9832.0,0.0,9832.0,551846.23,19.0,0.0019324654190398,124.67315789473686,1.0,5.0,2.0,37.0,0.0,484.0,18.0,547.0,9832.0,0.0556290043730295,43.0,0.0043730295942235,0.0492220075256788,0.0018305705278145,112.67315789473685,3.045848822800496,16.0,8.0,0.1004678422886041,0.0,0.0,0.0,0.0,0.0,5425752133.36
51,29,67,1991,2,Female,3260 Hillside Lane,36.29,-86.6,$25166,$51303,$106248,688,3,3985.05,280.0373831775701,859.0048723289674,244.4025030456407,1101.0,77.89719626168224,28.36448598130841,52.83771375464684,40.155,2172.44,0.19,69.32145789572307,-113.07169811320756,-80.0,-50.0,-492.0,96.65052708269651,1023.3333333333334,107.0,77.89719626168224,0.0681463707258548,0.286742651469706,0.4484570812558954,0.925506396126543,3705.0126168224297,0.0702543578674552,0.9294947672062392,Miscellaneous Food Stores,80.0,250.0,75781.0,0.02999400119976,8335.0,0.0,8335.0,456364.35,2.0,0.000239952009598,77.685,0.0,1.0,0.0,0.0,1.0,77.0,21.0,100.0,8335.0,0.0119961612284069,1.0,0.000119961612284,0.0092370441458733,0.0025191938579654,77.685,2.746293245469522,10.0,6.0,0.0652427832471216,0.0,0.0,0.0,0.0,0.0,3803796857.25
1602,41,66,1979,2,Female,2079 Maple Drive,40.38,-77.88,$14650,$29864,$44902,717,2,2067.20141509434,195.3679245283019,477.1866917603806,192.26094992516704,1072.0,36.14150943396226,20.08490566037736,60.64858843066704,38.33,489.0,0.96,49.43126984941902,-94.9954128440367,-77.0,-50.0,-489.0,77.22678898793073,2327.5,106.0,36.14150943396226,0.0569042025580788,0.2845210127903941,0.7243319268635725,0.7007182671970854,1871.8334905660377,0.094462716784956,0.9050537713130108,Service Stations,53.0,114.0,22204.0,0.0297572435395458,3831.0,2.0,3831.0,239832.35,2.0,0.0005220569042025,101.82,5.0,1.0,3.0,0.0,0.0,36.0,7.0,52.0,3831.0,0.0135699373695198,6.0,0.0015657620041753,0.0093945720250521,0.0018267223382045,101.82,1.7994363550962893,7.0,6.0,0.0546112988894254,0.0,0.0,0.0,2.0,0.0,918797732.85
1765,40,68,1979,3,Male,9594 Burns Lane,33.46,-82.5,$15755,$32126,$56283,770,3,4606.39593220339,404.7457627118644,802.7430358296826,318.1858078469643,1393.0,76.26271186440678,28.889830508474574,62.9697312326228,58.55,1312.94,1.18,65.6598057332834,-130.13623978201636,-85.0,-50.0,-488.0,110.62743545540415,3642.0,118.0,76.26271186440678,0.0430047783087009,0.2876986331814646,0.5416101790656951,1.0193610392411558,4201.650169491525,0.087846967933208,0.9119359897255832,Service Stations,74.0,349.0,50867.0,0.0387820868985442,8999.0,0.0,8999.0,591314.72,7.0,0.0007778642071341,69.92142857142856,1.0,5.0,2.0,9.0,1.0,227.0,21.0,266.0,8999.0,0.0295555555555555,15.0,0.0016666666666666,0.0252222222222222,0.0023333333333333,69.92142857142856,2.6397770607216198,10.0,6.0,0.0552333493854818,0.0,0.0,0.0,0.0,0.0,5321241165.28
773,67,65,1952,9,Male,486 West Boulevard,34.49,-85.84,$15562,$11029,$3225,786,3,3203.2093220338984,342.4237288135593,746.4525603965824,300.4660029342927,1219.0,90.6864406779661,29.43220338983051,36.40010593220339,19.075,1324.31,0.79,55.32057473672811,-127.46372239747636,-80.0,-50.0,-500.0,116.50336596440734,3144.6666666666665,118.0,90.6864406779661,0.05420054200542,0.2874497710494346,0.5303826394448893,0.7436480704264649,2860.7855932203397,0.1068668412075535,0.8928210693190394,Miscellaneous Food Stores,78.0,321.0,70979.0,0.0299971965236893,10701.0,0.0,10701.0,418384.7,14.0,0.0013082889449584,218.26571428571424,10.0,11.0,11.0,29.0,0.0,154.0,13.0,228.0,10701.0,0.0213044290786768,50.0,0.0046720239207624,0.0143898336759484,0.0012147262193982,218.2657142857143,3.0811978116901813,11.0,6.0,0.0629098918504219,0.0,0.0,0.0,0.0,0.0,4477134674.7
744,58,67,1961,10,Female,927 Ocean View Drive,25.77,-80.2,$21923,$44699,$21685,842,5,2917.5288135593223,227.16101694915253,687.0228414771964,215.75753922468223,1112.0,72.0677966101695,27.83050847457627,41.881800486618005,16.585,881.46,0.03,52.84516482173403,-94.3838028169014,-78.0,-50.0,-480.0,75.92196955497043,4388.0,118.0,72.0677966101695,0.0610301034807149,0.2891580432737535,0.808425630910838,0.838727441498614,2690.367796610169,0.0778340840404847,0.9218232775742596,Miscellaneous Food Stores,63.0,148.0,61195.0,0.0174035747883349,8504.0,1.0,8504.0,371073.4,11.0,0.0012935089369708,147.12363636363636,4.0,6.0,3.0,18.0,0.0,105.0,14.0,150.0,8504.0,0.0176366843033509,28.0,0.0032921810699588,0.0123456790123456,0.0016460905349794,99.30545454545454,2.58952496954933,9.0,6.0,0.0500634186376184,0.0,0.0,0.0,1.0,0.0,3155608193.6000004
675,40,67,1980,1,Male,42 Martin Luther King Drive,39.92,-77.8,$17405,$35489,$91995,724,5,3021.026391752577,501.64948453608247,857.9127175874614,285.6905756684549,1457.0,82.25773195876289,28.587628865979383,39.22885676037483,13.9,976.45,0.84,61.252807525488464,-95.5992141453831,-79.0,-50.0,-499.0,74.68432568697546,2324.8,97.0,82.25773195876289,0.0481263316205038,0.2961524000501316,1.0370966830536248,0.9451525364974188,2519.3769072164946,0.1659977179236871,0.8336713782818492,Service Stations,75.0,226.0,39021.0,0.028324351422484,7979.0,0.0,7979.0,341699.56,3.0,0.0003759869657851,135.70000000000002,8.0,20.0,16.0,13.0,0.0,70.0,9.0,136.0,7979.0,0.0170426065162907,41.0,0.0051378446115288,0.0087719298245614,0.0011278195488721,-0.9666666666666686,2.877389109267941,11.0,8.0,0.0245782043114609,0.0,0.0,0.0,0.0,0.0,2726420789.24
1891,47,66,1973,2,Female,96 Jefferson Street,29.19,-81.05,$16733,$34112,$39842,725,4,3047.374661016949,235.985,657.5214180849796,263.4869043657051,1084.0,75.89830508474576,28.42372881355932,41.04442529391622,28.07,1117.28,0.64,60.27583365931556,-142.8011794871795,-84.0,-4.23,-500.0,123.51249789904432,4434.75,118.0,75.89830508474576,0.109870477891916,0.2790308173291648,0.5154602432334442,1.0002583215982284,2811.389661016949,0.0774133845874688,0.9222585717462496,Service Stations,78.0,284.0,22204.0,0.0317105850826261,8956.0,0.0,8956.0,387436.44,3.0,0.0003349709691826,140.35,5.0,5.0,4.0,17.0,1.0,89.0,17.0,138.0,8956.0,0.0154069442893826,27.0,0.0030144021435748,0.0099363626214134,0.0018979569052137,140.35,2.6702444841979727,9.0,6.0,0.1791919699014947,0.0,0.0,0.0,0.0,0.0,3469880756.64
592,68,65,1952,2,Male,69 Spruce Avenue,35.32,-82.46,$13634,$23993,$2573,714,5,4763.549237288136,364.1525423728813,564.3462530669404,201.0080845046192,1251.0,176.20338983050848,30.406779661016948,27.7223717695798,13.725,892.95,0.03,36.47836611620085,-83.2751937984496,-76.0,-50.0,-493.0,50.0813110207251,5307.8,118.0,176.20338983050848,0.0379472874182377,0.282560600230858,1.5062958317252026,1.1154028066519188,4399.396694915255,0.0764295895030246,0.9233605270536112,Miscellaneous Food Stores,61.0,158.0,14528.0,0.0075990765679107,20792.0,0.0,20792.0,605068.81,18.0,0.000865717583686,93.485,17.0,12.0,13.0,44.0,1.0,108.0,43.0,238.0,20792.0,0.0114461597653056,73.0,0.0035107969028038,0.0051940556918193,0.0020680036550762,93.485,5.794871794871795,19.0,11.0,0.0138930906890693,0.0,0.0,0.0,0.0,0.0,12580590697.52
1812,31,62,1988,5,Female,551 Essex Drive,34.78,-92.25,$25002,$50978,$76898,574,2,8670.84813559322,653.3813559322034,1368.730618859435,363.12294354400177,1583.0,100.7542372881356,29.78813559322034,91.08520252826492,77.37,1806.65,0.21,83.85298177522701,-117.52896341463416,-81.0,-50.0,-491.0,103.5037444445289,2267.0,118.0,100.7542372881356,0.0634199680376818,0.2893430902514929,1.4049997314859566,1.1605577773574327,8017.466779661016,0.0753451104903957,0.9245395738370552,Miscellaneous Food Stores,82.0,431.0,92883.0,0.0362519976448818,11889.0,0.0,11889.0,1100259.08,2.0,0.0001682227268904,154.865,1.0,2.0,1.0,42.0,0.0,124.0,26.0,196.0,11889.0,0.016484440706476,45.0,0.0037846930193439,0.0104289318755256,0.0021867115222876,154.865,3.382361308677098,13.0,7.0,0.0870428015564202,0.0,0.0,0.0,0.0,0.0,13080980202.12
346,90,74,1929,11,Female,495 Ocean View Lane,34.43,-119.68,$25249,$48580,$1785,687,7,4256.291101694915,255.0254237288136,911.0034897920566,295.1424822322178,1591.0,70.77118644067797,28.322033898305083,61.5040840068577,36.685,1269.92,0.69,84.34837338561016,-162.66486486486485,-94.0,-51.0,-500.0,131.54593390220944,4134.428571428572,118.0,70.77118644067797,0.049694647347623,0.2888276853071488,2.057797621123862,1.2324723704656209,4001.265677966101,0.0599032148934524,0.9398618939571962,Miscellaneous Food Stores,80.0,289.0,50783.0,0.0346066339360555,8351.0,0.0,8351.0,532335.35,14.0,0.0016764459346186,93.23928571428571,2.0,1.0,3.0,16.0,1.0,70.0,14.0,107.0,8351.0,0.0128113026819923,19.0,0.0022749042145593,0.0083812260536398,0.0016762452107279,93.23928571428571,2.4988031119090364,9.0,5.0,0.1354755100684521,0.0,0.0,0.0,0.0,0.0,4445532507.849999
164,76,67,1943,8,Male,772 Lexington Street,40.84,-84.33,$18287,$37829,$20185,658,4,2899.29686440678,444.29661016949154,845.2787846578476,280.8000568985391,1876.0,70.12711864406779,27.161016949152543,44.37315564202335,19.64,1856.39,0.14,82.77272680087684,-92.79115044247789,-77.0,-50.0,-491.0,69.70779126239206,4603.25,118.0,70.12711864406779,0.0984894259818731,0.2896676737160121,1.0693977097842815,0.8592999438530167,2455.0002542372886,0.1531900460335693,0.8464651616755888,Miscellaneous Food Stores,73.0,248.0,61195.0,0.0299697885196374,8275.0,0.0,8275.0,394544.03,21.0,0.0025377643504531,86.12857142857145,1.0,0.0,0.0,17.0,0.0,69.0,12.0,99.0,8275.0,0.0119623006283228,18.0,0.0021749637506041,0.0083373610439826,0.0014499758337361,59.93809523809525,2.581903276131045,13.0,6.0,0.0344090943770504,0.0,0.0,0.0,0.0,0.0,3264851848.25
764,77,68,1943,1,Female,6864 Norfolk Boulevard,32.61,-83.63,$20835,$31066,$20902,712,4,4005.601694915254,283.2171186440678,629.9910183938591,250.8913685621274,1224.0,70.30508474576271,28.64406779661017,59.34969864389754,54.63,683.29,0.07,45.158634268111264,-100.6615060240964,-77.0,-3.62,-486.0,84.6394490036083,2251.0,118.0,70.30508474576271,0.0688283510125361,0.2920684667309546,1.887844061431432,0.9356986289564284,3722.384576271186,0.0706876151436506,0.929062796782429,Miscellaneous Food Stores,72.0,251.0,61195.0,0.0302555448408871,8296.0,0.0,8296.0,506080.62,11.0,0.0013259402121504,47.128181818181815,0.0,1.0,2.0,23.0,3.0,191.0,15.0,235.0,8296.0,0.0283234904182234,24.0,0.002892611787393,0.0230203688080028,0.0018078823671206,47.128181818181815,2.454437869822485,11.0,6.0,0.0254034784513273,0.0,0.0,0.0,0.0,0.0,4198444823.52
1515,77,67,1942,12,Female,7239 Hill Lane,40.34,-76.42,$20983,$30457,$19314,520,5,3791.6664406779664,197.67415254237287,745.4345999362351,239.65762212642588,1176.0,71.40677966101696,26.491525423728813,54.21917595734367,48.425,816.51,0.1,53.49902689697589,-134.82976878612718,-86.0,-2.55,-497.0,119.96237271489792,3517.8,118.0,71.40677966101696,0.0377403275575599,0.2968193686209352,0.2833581522412584,0.9519264701850216,3593.9922881355938,0.0521200995748619,0.947616233684168,Miscellaneous Food Stores,81.0,297.0,32606.0,0.0352480417754569,8426.0,1.0,8426.0,470742.19,23.0,0.0027296463327794,55.81695652173913,1.0,3.0,2.0,24.0,0.0,56.0,18.0,104.0,8426.0,0.0123412839681974,28.0,0.0033226533760531,0.0066453067521063,0.0021359914560341,55.81695652173913,2.6954574536148432,12.0,6.0,0.0790086832386272,0.0,0.0,0.0,1.0,0.0,3966473692.94
157,47,65,1972,10,Male,6232 Second Avenue,33.83,-117.2,$16109,$32847,$3230,785,3,4358.786525423729,521.5847457627119,721.9589164251471,345.3408900834219,1932.0,97.04237288135592,29.44915254237288,47.39121072514512,46.0,1016.8,0.56,54.64819891947884,-102.92140468227424,-78.0,-50.0,-498.0,89.72557553204234,5071.0,118.0,97.04237288135592,0.0390358920618286,0.2804121910750153,0.8827465684485295,1.101623860590922,3837.2017796610166,0.1196353864394814,0.8801352445319736,Miscellaneous Food Stores,80.0,326.0,78454.0,0.0284691293336826,11451.0,0.0,11451.0,575883.81,4.0,0.0003493144703519,124.1325,1.0,4.0,6.0,47.0,0.0,183.0,21.0,262.0,11451.0,0.0228780998952148,52.0,0.0045406915822563,0.0159797415298637,0.0018337408312958,124.1325,3.295251798561151,15.0,7.0,0.0676382660687593,0.0,0.0,0.0,0.0,0.0,6594445508.31
1923,42,67,1977,8,Male,9387 Lincoln Boulevard,37.02,-93.47,$17222,$35119,$57463,850,3,3216.947457627118,460.0084745762712,721.6589018332625,250.92292873885395,1337.0,75.83898305084746,27.533898305084747,45.466498981914,27.98,790.54,0.53,68.33175727750013,-90.61936560934892,-77.0,-50.0,-500.0,67.08973194690262,3551.0,118.0,75.83898305084746,0.2296345960442507,0.2938875852050508,0.4592697325990971,0.8588154494166794,2756.938983050848,0.1429508966922277,0.8567383462139515,Miscellaneous Food Stores,79.0,251.0,59056.0,0.0280478265728014,8949.0,0.0,8949.0,433880.8,13.0,0.0014526762766789,71.91538461538461,5.0,3.0,3.0,9.0,2.0,63.0,8.0,93.0,8949.0,0.0103910614525139,17.0,0.0018994413407821,0.0070391061452513,0.0008938547486033,71.91538461538461,2.754385964912281,11.0,6.0,0.0124534836594082,0.0,0.0,0.0,0.0,0.0,3882799279.2
1243,31,72,1989,1,Female,9316 Hillside Lane,40.27,-76.88,$17110,$34884,$26799,705,5,5775.532542372881,327.6949152542373,797.4347726948471,290.51482473830447,1098.0,74.65254237288136,29.084745762711865,80.45246606067761,79.59,1357.14,0.24,65.01914191777843,-114.40236686390531,-78.0,-50.0,-498.0,107.2639950004728,2866.8,118.0,74.65254237288136,0.093540697014417,0.2845953002610966,1.187153313130239,0.9878838873380976,5447.837627118644,0.0567286538854374,0.9430982318816444,Service Stations,79.0,305.0,56431.0,0.0346236803269383,8809.0,0.0,8809.0,720180.84,7.0,0.000794641843569,50.56857142857143,4.0,4.0,1.0,15.0,2.0,126.0,23.0,175.0,8809.0,0.0198637911464245,23.0,0.00261066969353,0.0143019296254256,0.00261066969353,50.56857142857143,2.566724941724942,11.0,7.0,0.0324290775556647,0.0,0.0,0.0,0.0,0.0,6344073019.559999
254,30,66,1989,5,Male,323 Eighth Drive,40.02,-105.25,$33151,$67589,$0,734,3,9052.44372881356,463.6186440677966,1667.387934172364,332.04293614576346,1464.0,152.635593220339,30.14406779661017,60.65461132246892,52.53,1481.4,0.07,82.55524497615478,-137.45477386934672,-85.0,-50.0,-498.0,114.24418902186494,1134.6666666666667,118.0,152.635593220339,0.1324190772305813,0.2863805452223641,0.9288805853962324,1.1609607541536862,8588.825084745764,0.0512090932417551,0.9486804515513696,Service Stations,86.0,541.0,27092.0,0.030037199489201,18011.0,0.0,18011.0,1122895.36,1.0,5.552162567319971e-05,61.71,2.0,2.0,0.0,73.0,0.0,116.0,37.0,230.0,18011.0,0.0127692649344881,77.0,0.0042749278258938,0.0064401510104374,0.0020541860981567,61.71,5.0635366882204105,14.0,7.0,0.088487972508591,0.0,0.0,0.0,0.0,0.0,20224468328.960003
1639,58,67,1961,5,Male,1034 Pine Boulevard,42.12,-80.08,$24324,$49595,$68057,676,1,9013.92186440678,656.7372881355932,1661.0878681914764,427.2409682164124,2329.0,103.3728813559322,29.56779661016949,92.1940521799428,76.0,1253.26,0.23,100.54300372431416,-117.2390317700454,-83.0,-50.0,-500.0,98.77812781592228,3559.0,118.0,103.3728813559322,0.0337760288571897,0.2844728644040006,0.9775810429880198,0.8734737272013514,8357.184576271187,0.0728500255480372,0.9270390472564706,Service Stations,87.0,443.0,27092.0,0.0363174290867355,12198.0,0.0,12198.0,1141137.78,12.0,0.0009837678307919,90.59583333333336,2.0,3.0,2.0,44.0,0.0,158.0,36.0,245.0,12198.0,0.0200836134109353,49.0,0.004016722682187,0.012951881301746,0.0029510615624231,33.2625,3.4961306964746344,13.0,7.0,0.060299886445752,0.0,0.0,0.0,0.0,0.0,13919598640.44
1077,57,54,1962,12,Female,886 Plum Boulevard,39.12,-123.28,$17899,$12044,$10323,576,3,4780.594576271186,230.13762711864408,628.546575292724,232.9107510837353,1124.0,185.1271186440678,30.41525423728813,26.03905834564254,19.78,714.17,0.12,37.61709841216715,-150.03447513812156,-89.0,-1.0,-488.0,132.75684377577798,5072.0,118.0,185.1271186440678,0.1119249256122682,0.2866102082856488,0.5677271020043234,0.9951109510234842,4550.456949152543,0.0481298912836963,0.951660973461516,Miscellaneous Food Stores,79.0,292.0,47033.0,0.013366903181506,21845.0,0.0,21845.0,591266.4,12.0,0.000549324788281,113.84083333333332,25.0,26.0,25.0,70.0,0.0,179.0,46.0,371.0,21845.0,0.0169825139613659,121.0,0.0055387713997985,0.0081937196740822,0.0021056486313283,113.84083333333332,6.086653663973252,14.0,6.0,0.080641479031006,0.0,0.0,0.0,0.0,0.0,12916214508.0
427,44,66,1975,11,Female,33 Pine Lane,36.15,-85.5,$15955,$32527,$74331,705,3,2789.9454629629627,356.8703703703704,867.6867245571301,284.1070646087654,1176.0,63.601851851851855,26.416666666666668,46.05136940241479,19.44,1256.85,0.6,70.99262532901004,-118.22699386503068,-83.0,-50.0,-495.0,98.468225292051,3164.333333333333,108.0,63.601851851851855,0.014703741447081,0.2856310962294366,0.8212176584306559,1.163177113331002,2433.075092592592,0.1278671959399395,0.8717745025406397,Miscellaneous Food Stores,74.0,258.0,28395.0,0.0375600524093754,6869.0,0.0,6869.0,339856.11,2.0,0.0002911631969719,255.855,2.0,1.0,4.0,26.0,4.0,209.0,19.0,265.0,6869.0,0.0385735080058224,29.0,0.004221251819505,0.0304221251819505,0.0027656477438136,255.855,2.4076410795653698,11.0,6.0,0.0731909815011805,0.0,0.0,0.0,0.0,0.0,2334471619.59
114,47,65,1972,12,Female,112 Elm Avenue,34.18,-118.39,$16892,$34441,$907,725,4,12483.685423728815,4498.889830508475,1179.0401826349123,448.72251307668006,5674.0,341.40677966101697,30.41525423728813,44.07632566350498,39.44,1093.52,0.36,44.71143230094391,-77.32978878368536,-75.0,-50.0,-491.0,28.36820669785109,2449.5,118.0,341.40677966101697,0.2651045028049446,0.2841930199076602,0.9496257182632504,0.9102845049108578,7984.79559322034,0.3603526783268189,0.6395672235396631,Miscellaneous Food Stores,86.0,317.0,61195.0,0.0078687385195849,40286.0,0.0,40286.0,2003943.88,11.0,0.0002730477088814,104.05636363636364,19.0,16.0,15.0,121.0,5.0,537.0,86.0,799.0,40286.0,0.0198327003748107,156.0,0.0038722168441432,0.0133293618288778,0.0021346836448482,104.05636363636364,11.22485371969908,29.0,9.0,0.0054853353928457,0.0,0.0,0.0,0.0,0.0,80730883149.68
696,74,67,1945,7,Female,5064 North Lane,40.63,-73.72,$45685,$110570,$5700,766,8,7489.866525423728,399.1016949152543,2245.267176362363,360.9399502540698,1502.0,99.03389830508476,29.5,77.26912484700122,44.67,1799.9,0.15,133.56862359391607,-189.8951612903226,-100.0,-50.0,-500.0,142.06395426707715,4081.5,118.0,99.03389830508476,0.0749614923840492,0.2825603285983227,0.8796316359696642,1.0401582663030975,7090.764830508474,0.0532784416276431,0.9465880624681638,Travel Agencies,94.0,574.0,4543.0,0.0491186034571281,11686.0,0.0,11686.0,930898.25,25.0,0.0021393119972616,141.4172,7.0,8.0,8.0,38.0,0.0,62.0,20.0,143.0,11686.0,0.0122358175750834,53.0,0.0045349533669889,0.0053050397877984,0.0017113031573543,100.0572,3.357081298477449,17.0,7.0,0.2493682981208196,0.0,0.0,0.0,0.0,0.0,10878476949.5
1805,38,68,1981,5,Male,679 Bayview Lane,45.99,-84.36,$13053,$26613,$17008,718,2,2000.5219491525424,250.7542372881356,645.7889731600739,212.3387447058577,945.0,73.45762711864407,28.02542372881356,28.23027864147333,10.68,3303.68,0.37,59.96314774435959,-96.69607843137256,-78.0,-50.0,-485.0,77.35565585506727,2251.5,118.0,73.45762711864407,0.0432625749884633,0.2934933087217351,0.8872967759713419,0.9840371982116592,1749.767711864407,0.1252817823927969,0.8742185978051702,Miscellaneous Food Stores,65.0,141.0,56431.0,0.0162667281956622,8668.0,0.0,8668.0,265650.59,7.0,0.0008075680664513,529.8242857142857,5.0,0.0,0.0,0.0,0.0,46.0,12.0,63.0,8668.0,0.0072672741954089,5.0,0.0005767677932864,0.005306263698235,0.0013842427038874,529.8242857142857,2.621106743271848,10.0,6.0,0.0395741804663737,0.0,0.0,0.0,0.0,0.0,2302659314.1200004
1317,41,68,1978,7,Female,26 Valley Stream Drive,39.39,-74.51,$15157,$30910,$42507,749,4,1824.2281355932205,334.89830508474574,508.0620261917168,268.9570673911858,1404.0,64.14406779661017,26.74576271186441,29.719580284412537,8.49,741.36,0.05,49.068585871810754,-121.22085889570552,-79.0,-50.0,-496.0,107.18306551316068,2122.0,118.0,64.14406779661017,0.0299907517505615,0.2865636147443519,2.0297113000354234,1.1994835323668862,1489.3298305084747,0.1834829841563339,0.8159691391259565,Service Stations,75.0,255.0,68671.0,0.0336900515259611,7569.0,0.0,7569.0,254776.92,6.0,0.0007927070947284,56.96,3.0,4.0,2.0,24.0,2.0,60.0,19.0,114.0,7569.0,0.0150594451783355,31.0,0.0040951122853368,0.0079260237780713,0.0025099075297225,56.96,2.3982889733840302,11.0,6.0,0.0679926111490675,0.0,0.0,0.0,0.0,0.0,1928406507.48
366,50,68,1969,12,Female,773 12th Street,44.01,-88.55,$19573,$39911,$93823,625,7,4492.609237288136,517.542372881356,974.7289455795878,330.4089836547902,1495.0,129.32203389830508,30.23728813559322,36.06312176870748,24.63,1013.22,0.12,56.416376455352136,-109.24865831842575,-79.0,-50.0,-486.0,92.60064210602192,4521.0,118.0,129.32203389830508,0.041218872870249,0.2897771952817824,1.553490244096006,1.050142050446233,3975.06686440678,0.1151729813502184,0.8846044803855058,Miscellaneous Food Stores,89.0,374.0,99381.0,0.0245085190039318,15260.0,0.0,15260.0,591197.89,31.0,0.0020314547837483,104.47225806451614,9.0,21.0,12.0,34.0,1.0,78.0,27.0,182.0,15260.0,0.0119258239958063,64.0,0.0041936963501736,0.0051110674267741,0.0017692156477295,104.47225806451613,4.276905829596412,14.0,7.0,0.0852450426552701,0.0,0.0,0.0,0.0,0.0,9021679801.4
872,61,66,1959,1,Female,96 Lake Lane,41.88,-87.84,$15451,$31505,$59730,655,4,5161.454745762712,299.1694915254237,766.7622010150801,299.44134037609933,2179.0,129.77966101694915,30.28813559322034,40.63595276220977,14.86,1040.05,0.18,51.60425812794573,-108.62153846153846,-80.0,-50.0,-486.0,91.12527751030191,4001.75,118.0,129.77966101694915,0.0508031866266161,0.285490400940316,0.9164980244772092,0.9484463833293756,4862.285254237288,0.0579510148289394,0.9418552788725558,Service Stations,82.0,295.0,27092.0,0.0192634190936398,15314.0,0.0,15314.0,644353.66,13.0,0.0008488964346349,146.57307692307694,6.0,9.0,5.0,50.0,0.0,139.0,31.0,240.0,15314.0,0.0156709108716944,65.0,0.0042442050277505,0.0090760692131896,0.0020241593209271,83.49615384615385,4.284834918858422,15.0,7.0,0.066198340084412,0.0,0.0,0.0,0.0,0.0,9867631949.24
256,75,65,1945,2,Male,863 Park Drive,35.82,-78.31,$19485,$22850,$17453,714,6,4075.464661016949,371.16101694915255,936.6238437009814,282.2896303274528,1343.0,101.64406779661016,30.11864406779661,41.63678181818182,23.37,1542.09,1.12,69.08126771048232,-128.43695014662757,-81.0,-50.0,-499.0,114.778788448606,3671.8333333333335,118.0,101.64406779661016,0.037101884275471,0.2795564448891112,1.3744731710385607,0.9271850283625056,3704.303644067797,0.0910497325043803,0.908704956893626,Miscellaneous Food Stores,78.0,345.0,72036.0,0.0287643821910955,11994.0,0.0,11994.0,524701.83,7.0,0.0005836251459062,94.4914285714286,15.0,12.0,16.0,18.0,0.0,96.0,24.0,181.0,11994.0,0.0150896206752813,45.0,0.003751563151313,0.0080033347228011,0.0020008336807002,94.4914285714286,3.374788970174451,12.0,6.0,0.1049819626466962,0.0,0.0,0.0,0.0,0.0,6293273749.02
789,43,60,1976,11,Female,429 Grant Boulevard,39.59,-75.17,$24417,$49788,$83932,690,3,3572.158559322034,409.1694915254237,989.3815419609972,328.87737836684454,1769.0,68.00847457627118,27.271186440677965,55.02803002610966,21.77,1599.13,0.56,96.52634550011152,-132.27945205479452,-83.0,-50.0,-496.0,115.64134940412372,4930.666666666667,118.0,68.00847457627118,0.1651090342679127,0.2807476635514018,0.7568127546003651,0.8908813920887234,3162.98906779661,0.1145119884081099,0.8852081471572734,Service Stations,80.0,343.0,72351.0,0.0427414330218068,8025.0,0.0,8025.0,469796.71,1.0,0.0001246105919003,77.09,2.0,5.0,3.0,27.0,2.0,66.0,11.0,116.0,8025.0,0.0144530276601046,34.0,0.004236232245203,0.0082232743583354,0.0013705457263892,77.09,2.493784959602237,12.0,6.0,0.0468073649110453,0.0,0.0,0.0,0.0,0.0,3770118597.75
152,37,68,1982,3,Female,49 Tenth Street,33.72,-84.32,$24196,$49335,$51520,773,3,7293.980423728813,345.8898305084746,1456.839488895085,274.83595056825686,1124.0,76.34745762711864,27.838983050847457,99.3065293642552,86.61,1543.05,0.18,96.67251296722132,-119.34210526315788,-81.5,-50.0,-495.0,100.69825099146271,3388.0,118.0,76.34745762711864,0.1488511488511488,0.2863802863802864,1.5148744518379302,1.1170568259585054,6948.090593220338,0.0474147715850447,0.9524481478551846,Service Stations,79.0,362.0,31707.0,0.0401820401820401,9009.0,0.0,9009.0,901504.69,4.0,0.0004440004440004,194.0725,0.0,6.0,2.0,7.0,0.0,156.0,23.0,194.0,9009.0,0.0215316315205327,13.0,0.0014428412874583,0.0173140954495005,0.0025527192008879,194.0725,2.742465753424657,13.0,6.0,0.1163024304194433,0.0,0.0,0.0,0.0,0.0,8121655752.209999
338,68,72,1951,8,Female,222 Lafayette Lane,42.83,-78.63,$24651,$50258,$0,686,3,6488.888690476191,576.047619047619,1205.1786268061317,379.7569579384906,2174.0,108.5,29.84523809523809,62.853626614391146,51.27,1265.07,0.33,67.48774244693537,-109.47511312217196,-80.0,-50.0,-498.0,92.64508418765044,2250.333333333333,84.0,108.5,0.0396093921439543,0.282312925170068,0.7718051016510334,1.0394035417729013,5912.841071428572,0.0887607856653935,0.9110851284869604,Service Stations,75.0,276.0,39021.0,0.0302830809743252,9114.0,0.0,9114.0,593454.65,19.0,0.0020847048496818,174.05,5.0,22.0,12.0,26.0,0.0,83.0,15.0,163.0,9114.0,0.0178826110806363,53.0,0.0058145913329676,0.0091058694459681,0.0016456390565002,68.57631578947368,3.6354208216992414,12.0,6.0,0.0851019859885511,0.0,0.0,0.0,0.0,0.0,5408745680.1
1254,61,65,1959,2,Female,576 Jefferson Boulevard,40.12,-88.64,$16978,$34619,$13326,747,5,2072.134152542373,265.89830508474574,600.9695594724608,308.3821136695362,1330.0,63.85593220338984,27.47457627118644,33.321317797765055,3.575,834.85,0.1,65.0389367056049,-159.26903553299493,-88.0,-51.0,-499.0,137.16065251206138,3359.0,118.0,63.85593220338984,0.3818181818181818,0.2781685467816854,0.4557479943874982,0.8179545100770215,1806.2358474576276,0.1282590925235896,0.8712585460244158,Miscellaneous Food Stores,74.0,181.0,14528.0,0.0240212342402123,7535.0,0.0,7535.0,275887.83,4.0,0.0005308560053085,121.51,2.0,3.0,2.0,16.0,0.0,63.0,18.0,104.0,7535.0,0.0138004246284501,21.0,0.0027866242038216,0.0083598726114649,0.0023885350318471,121.51,2.324182603331277,9.0,6.0,0.1191637186474169,0.0,0.0,0.0,0.0,0.0,2078814799.05
1345,83,66,1936,9,Female,7978 Main Lane,30.21,-90.92,$24703,$16620,$1140,804,8,4549.39872881356,277.4237288135593,1000.5294962327214,304.23004697664726,1321.0,94.864406779661,29.584745762711865,48.81595435118669,19.55,989.23,0.14,73.20572636990683,-166.17258883248732,-92.0,-50.0,-497.0,137.34687451366307,4119.875,118.0,94.864406779661,0.0268000714668572,0.2922994461318564,0.3711273666092943,1.019259950634705,4271.975,0.0609669053959789,0.9388133336424886,Miscellaneous Food Stores,83.0,399.0,61195.0,0.0356440950509201,11194.0,0.0,11194.0,569565.05,27.0,0.0024120064320171,78.08444444444446,1.0,3.0,4.0,26.0,1.0,58.0,26.0,119.0,11194.0,0.0106297454220634,30.0,0.0026797677534613,0.0051808843233586,0.0023224653863331,78.08444444444446,3.206531079919794,13.0,6.0,0.168158352933989,0.0,0.0,0.0,0.0,0.0,6375711169.700001
636,47,69,1973,2,Female,1342 Hill Lane,41.83,-87.68,$11951,$24372,$63295,793,4,1756.9000847457626,358.10169491525426,436.6009032266005,238.2391382742343,1490.0,43.02542372881356,20.57627118644068,45.32448841276781,32.075,813.29,0.03,49.06882545043499,-84.0079522862823,-77.0,-50.0,-461.0,52.2073319977607,3347.25,118.0,43.02542372881356,0.0868623202678747,0.2950561355130983,1.00073458778324,0.8881139971779859,1398.7983898305083,0.2037099252811316,0.7957212141740185,Service Stations,74.0,135.0,22204.0,0.0265905062044514,5077.0,1.0,5077.0,249570.21,12.0,0.0023636005515067,52.126666666666665,2.0,2.0,1.0,18.0,0.0,46.0,11.0,80.0,5077.0,0.0157542339503741,22.0,0.0043324143363528,0.0090586845214651,0.0021662071681764,52.126666666666665,2.091021416803954,11.0,7.0,0.0168729441276001,0.0,0.0,0.0,1.0,0.0,1267067956.17
291,64,66,1956,1,Female,682 Federal Lane,34.76,-84.97,$19818,$40407,$62695,793,3,5400.099576271186,284.3050847457627,798.7665092598735,309.840171328374,1699.0,137.59322033898306,30.203389830508478,39.74872122762148,40.47,794.52,0.04,45.08053383159745,-163.64878048780488,-92.0,-50.0,-500.0,130.43379193823912,5579.333333333333,118.0,137.59322033898306,0.0442843064794284,0.284429662478443,1.0674483221886355,1.0230406044806266,5115.794491525424,0.0526383712669932,0.9471764812485216,Service Stations,74.0,303.0,39021.0,0.0186622320768662,16236.0,0.0,16236.0,670759.75,9.0,0.0005543237250554,120.05666666666669,35.0,26.0,35.0,23.0,0.0,184.0,28.0,331.0,16236.0,0.0203855392005912,84.0,0.0051733694648026,0.0113321426371866,0.0017244564882675,120.05666666666669,4.555555555555555,14.0,5.0,0.0811350561864735,0.0,0.0,0.0,0.0,0.0,10890455301.0
46,62,66,1957,6,Male,20 Littlewood Boulevard,40.66,-73.84,$26481,$53996,$98211,632,4,4263.213983050848,542.4322033898305,1085.9827439037183,296.6414417052747,1517.0,79.94067796610169,27.91525423728813,56.772288680735805,18.53,2318.02,1.14,103.57214754850229,-111.90034965034964,-79.0,-50.0,-497.0,95.19429223873531,4199.75,118.0,79.94067796610169,0.0722993745362026,0.2933319198558253,2.4587738077457115,1.2190054079114754,3720.781779661017,0.1272056715600715,0.8725598186324998,Miscellaneous Food Stores,85.0,367.0,50867.0,0.0389059684087777,9433.0,0.0,9433.0,567066.25,28.0,0.0029683027668822,208.56714285714284,1.0,1.0,1.0,33.0,0.0,55.0,22.0,113.0,9433.0,0.0119779520881916,35.0,0.0037099851600593,0.0058299766800932,0.0023319906720373,184.99571428571429,2.863691560412872,11.0,6.0,0.0662417197850268,0.0,0.0,0.0,0.0,0.0,5349135936.25
743,44,66,1975,4,Female,5810 Sixth Drive,35.64,-78.0,$15938,$32491,$24515,682,3,2615.387118644068,283.7542372881356,642.3320535376411,249.84579642339185,1231.0,49.27966101694916,23.661016949152543,55.90863768115942,37.67,1306.62,0.51,70.9623772245923,-113.50169491525423,-81.0,-50.0,-500.0,94.50324381922336,3082.6666666666665,118.0,49.27966101694916,0.1018056749785038,0.2797936371453138,0.4782425265188042,0.9699825148870436,2331.632881355932,0.10845269618786,0.8911650973745397,Service Stations,74.0,285.0,27092.0,0.0490111779879621,5815.0,1.0,5815.0,342098.68,10.0,0.0017196904557179,113.544,5.0,4.0,2.0,18.0,0.0,64.0,11.0,104.0,5815.0,0.0178817056396148,27.0,0.0046423658872077,0.0110041265474552,0.0018913342503438,113.544,2.082736389684814,12.0,9.0,0.0761856409031179,0.0,0.0,0.0,1.0,0.0,1989303824.2
1809,42,71,1977,9,Female,338 Bayview Lane,38.81,-77.72,$35905,$73208,$115827,664,6,6163.451016949152,498.4915254237288,1098.0265206863544,341.10571200901126,2245.0,149.79661016949152,30.305084745762716,42.54136757136172,21.245,1405.33,0.33,67.19350864448052,-101.41724137931034,-79.0,-50.0,-494.0,82.61799044220618,3154.5,118.0,149.79661016949152,0.0506902014030323,0.2869427472278796,1.1061552964178478,1.0229035653002174,5664.959491525424,0.0808655181220723,0.9189722614308432,Miscellaneous Food Stores,84.0,349.0,59062.0,0.019744286037565,17676.0,0.0,17676.0,786109.22,29.0,0.0016406426793392,86.04965517241381,15.0,14.0,8.0,34.0,4.0,73.0,27.0,175.0,17676.0,0.0098998698874243,63.0,0.0035639531594727,0.0041296600101827,0.0015274084969168,86.0496551724138,4.942953020134228,14.0,6.0,0.0626115635040715,0.0,0.0,0.0,0.0,0.0,13895266572.72
1224,42,66,1977,9,Male,763 Lexington Avenue,38.99,-76.93,$26224,$53464,$20683,751,4,7166.63779661017,538.1779661016949,980.4228057489836,336.0896459408537,1846.0,160.6271186440678,30.372881355932204,47.04140067864493,32.54,1243.15,0.7,56.2640848366735,-101.93418940609952,-80.0,-50.0,-500.0,86.79697178773193,3712.5,118.0,160.6271186440678,0.0144032921810699,0.2871161760050649,1.4592273510967524,1.0315995210133393,6628.459830508475,0.0750844254931824,0.9247760585284188,Miscellaneous Food Stores,79.0,409.0,98374.0,0.0215785586155956,18954.0,0.0,18954.0,909168.26,3.0,0.0001582779360557,119.81333333333332,2.0,3.0,0.0,46.0,0.0,202.0,36.0,289.0,18954.0,0.0152466367713004,51.0,0.0026905829596412,0.0106568187813241,0.001899235030335,119.81333333333332,5.288504464285714,13.0,7.0,0.0841337826347116,0.0,0.0,0.0,0.0,0.0,17232375200.04
1897,38,67,1981,3,Male,683 Washington Street,40.87,-73.4,$51032,$104049,$247623,741,2,6266.468305084746,375.214406779661,1765.674658590949,374.00905726850505,1511.0,121.2457627118644,30.059322033898304,52.59572231310904,23.49,3084.16,0.28,129.60328290167516,-178.52943548387097,-99.0,-0.3,-497.0,136.28677158771316,6285.0,118.0,121.2457627118644,0.0471797022436569,0.2800726916893828,1.229937945096872,1.0092861112543972,5891.253898305085,0.059866981134193,0.9399734648080404,Travel Agencies,85.0,422.0,39021.0,0.0294960508841825,14307.0,0.0,14307.0,783718.56,6.0,0.0004193751310547,114.7016666666667,13.0,15.0,19.0,35.0,0.0,70.0,28.0,180.0,14307.0,0.0125803746155996,63.0,0.0044031311154598,0.0048923679060665,0.0019569471624266,114.70166666666668,4.033549478432478,13.0,7.0,0.2064987363442744,0.0,0.0,0.0,0.0,0.0,11212661437.92
490,86,68,1933,9,Male,90 Lexington Drive,29.45,-98.5,$29557,$33426,$1852,699,4,15019.786779661015,515.6961864406779,3460.13405896136,325.4413246941232,1596.0,185.0084745762712,30.41525423728813,83.3961434217956,57.0,775.65,0.29,103.88233255269184,-105.09870466321244,-78.0,-0.15,-499.0,87.91315588933777,4214.75,118.0,185.0084745762712,0.0239109523155146,0.2851907837478814,1.0019779238896234,0.8190273900927294,14504.09059322034,0.0343321687475758,0.9656012568435952,Miscellaneous Food Stores,87.0,657.0,68177.0,0.0300948192936649,21831.0,0.0,21831.0,1833186.99,9.0,0.0004122577985433,143.16444444444446,4.0,4.0,3.0,76.0,6.0,389.0,48.0,530.0,21831.0,0.0242762916819347,84.0,0.003847563209967,0.0178178820080615,0.0021986075485525,143.16444444444446,6.0827528559487325,16.0,7.0,0.0716971923392626,0.0,0.0,0.0,0.0,0.0,40020305178.69
1449,66,63,1953,6,Male,5807 Lincoln Street,32.61,-83.63,$15334,$28104,$12054,751,3,2987.921186440678,528.8644067796611,701.2704916824629,306.4502278365903,1440.0,84.0677966101695,28.44915254237288,37.85833780736605,20.4,1189.65,0.04,65.45907416743663,-102.81054365733114,-79.0,-50.0,-492.0,85.78460643104346,4665.0,118.0,84.0677966101695,0.0289314516129032,0.2770161290322581,0.7043148241656215,0.9674652692710204,2459.0567796610167,0.1769415698141753,0.8227238613104269,Miscellaneous Food Stores,73.0,384.0,61195.0,0.0387096774193548,9920.0,0.0,9920.0,414980.7,3.0,0.0003024193548387,61.0,0.0,1.0,1.0,30.0,5.0,63.0,18.0,118.0,9920.0,0.0118939623021872,31.0,0.0031246850115915,0.0063501663138796,0.001814333232537,61.0,2.955019362526065,11.0,8.0,0.0436970211674972,0.0,0.0,0.0,0.0,0.0,4116608544.0
4,54,72,1965,3,Female,6016 Little Creek Boulevard,47.61,-122.3,$37485,$76431,$115362,716,5,5621.079322033898,572.5847457627119,997.3829034230343,326.4383641321669,1559.0,127.48305084745763,30.161016949152543,46.10644793549284,30.97,1624.15,0.13,68.89956495168212,-102.8386605783866,-79.0,-50.0,-494.0,82.66700482059385,4400.2,118.0,127.48305084745763,0.0613574419996011,0.2869108555474307,1.2305248443258354,1.0219919918174063,5048.494576271187,0.1018457252139174,0.897976404652504,Service Stations,92.0,449.0,92156.0,0.0298477697267832,15043.0,0.0,15043.0,730852.36,17.0,0.0011300937313035,109.78764705882354,1.0,2.0,2.0,44.0,0.0,57.0,36.0,142.0,15043.0,0.0094389789949481,47.0,0.0031241691039617,0.0037888859345918,0.0023929805902685,109.78764705882354,4.226749086822141,13.0,7.0,0.07604416422461,0.0,0.0,0.0,0.0,0.0,10994212051.48
106,52,60,1967,10,Male,146 Plum Avenue,39.77,-86.14,$14691,$29957,$60321,624,5,2773.634406779661,393.4915254237288,558.4030789985985,246.95031320596652,1722.0,113.16101694915254,29.73728813559322,25.54349957074846,8.07,826.89,0.04,39.715566646104485,-85.98518518518519,-78.0,-50.0,-472.0,52.75964826572808,4023.2,118.0,113.16101694915254,0.0179734891035722,0.287351157043361,1.0022559761322134,1.045554888597946,2380.142881355932,0.141817431681181,0.8578221604764176,Miscellaneous Food Stores,68.0,157.0,30928.0,0.0117576574552535,13353.0,0.0,13353.0,373720.86,9.0,0.0006740058413839,71.74,0.0,2.0,0.0,40.0,0.0,73.0,25.0,140.0,13353.0,0.0104837501872098,42.0,0.0031451250561629,0.0054665268833308,0.001872098247716,71.74,3.805357651752636,13.0,7.0,0.0149247302564986,0.0,0.0,0.0,0.0,0.0,4990294643.58
122,65,66,1954,3,Female,6303 South Boulevard,29.69,-91.3,$19237,$39221,$45409,786,4,3796.1453389830513,469.042372881356,763.3470942155475,303.3543918885666,2006.0,90.49152542372882,28.95762711864407,44.46547051816557,29.29,1001.17,0.3,54.23041230714789,-91.6341059602649,-77.0,-50.0,-482.0,65.2527442020579,5593.0,118.0,90.49152542372882,0.01976025472935,0.2813260910282824,1.33091422423711,1.0985832480747917,3327.1029661016955,0.1235249986525336,0.8762116456129009,Service Stations,71.0,212.0,22204.0,0.0198539052256976,10678.0,0.0,10678.0,503292.15,10.0,0.0009365049634763,51.040000000000006,6.0,3.0,1.0,17.0,2.0,354.0,24.0,407.0,10678.0,0.0381121827886506,26.0,0.0024346848955894,0.0331491712707182,0.0022474014420825,51.040000000000006,3.124963418203102,13.0,6.0,0.0366770253667702,0.0,0.0,0.0,0.0,0.0,5374153577.7
1861,57,65,1962,5,Female,992 Forest Street,33.1,-96.66,$32580,$66427,$103290,779,5,4253.688474576271,528.2203389830509,916.8718250992888,359.3643518221692,1688.0,70.12711864406779,26.76271186440678,65.2881425598335,35.695,1401.7,0.06,91.3107199565712,-106.1839863713799,-80.0,-50.0,-492.0,88.62967139156011,2927.6,118.0,70.12711864406779,0.0252567975830815,0.2916012084592145,0.7798202614379085,0.7547321411887811,3725.46813559322,0.124150179769779,0.8756147853960667,Service Stations,82.0,334.0,61195.0,0.0403625377643504,8275.0,0.0,8275.0,564265.24,20.0,0.002416918429003,130.54149999999998,2.0,8.0,1.0,28.0,0.0,67.0,14.0,120.0,8275.0,0.014499758337361,38.0,0.0045915901401643,0.0080956984050265,0.0016916384726921,88.44149999999999,2.6203293223559214,11.0,6.0,0.0723556496767258,0.0,0.0,0.0,0.0,0.0,4669294861.0
1285,68,53,1951,12,Female,6723 Maple Street,38.83,-77.21,$30622,$65298,$18684,524,2,6766.5402542372885,480.1694915254237,1663.7711258399002,314.6929667704412,1703.0,89.15254237288136,28.94915254237288,80.29482602574417,58.26,1105.27,0.01,99.35577020933954,-98.36805555555556,-78.0,-50.0,-492.0,81.68444024278902,5386.5,118.0,89.15254237288136,0.0519961977186311,0.2811787072243346,1.4541438147471053,1.1625834650424047,6286.370762711865,0.0709518486018284,0.9289003872235332,Miscellaneous Food Stores,82.0,365.0,21461.0,0.0346958174904942,10520.0,0.0,10520.0,855111.75,10.0,0.0009505703422053,30.334,4.0,3.0,1.0,39.0,0.0,47.0,24.0,118.0,10520.0,0.0112156639102746,46.0,0.0043722079650223,0.0044672559642619,0.0022811519817507,30.334,3.079625292740047,14.0,9.0,0.0645417482924763,0.0,0.0,0.0,0.0,0.0,8995775610.0
884,75,64,1945,2,Male,3095 Eighth Drive,42.97,-85.77,$21663,$42812,$22171,631,4,4681.518305084746,203.0,549.4995050747948,179.84295143120616,986.0,119.42372881355932,30.29661016949153,39.98112180647029,39.26,768.16,0.3,38.48075106509965,-87.10545454545455,-75.0,-50.0,-479.0,61.23551346094421,3324.0,118.0,119.42372881355932,0.0593244393982401,0.2838489923360772,0.9733168605063974,0.9848915970043084,4478.518305084746,0.0433527402935216,0.956433699409466,Service Stations,67.0,154.0,61195.0,0.0109281862049389,14092.0,0.0,14092.0,576373.16,13.0,0.0009225092250922,79.4223076923077,1.0,0.0,1.0,36.0,0.0,68.0,39.0,145.0,14092.0,0.0102887958560987,37.0,0.0026254168736252,0.0048250904704463,0.0027673312992265,79.4223076923077,3.941818181818182,12.0,7.0,0.0504278856188687,0.0,0.0,0.0,0.0,0.0,8122250570.72
1823,67,70,1952,5,Male,172 Third Lane,33.27,-111.94,$32056,$65362,$27745,743,6,6198.622033898305,428.7881355932203,1402.2705168359207,379.752682714649,1746.0,75.6864406779661,28.60169491525424,85.31872156771259,71.82,1390.9,0.3,104.87803360187708,-141.33240223463687,-81.0,-50.0,-499.0,122.20700906577066,2403.833333333333,118.0,75.6864406779661,0.4288433546075467,0.2859702161012205,0.9655790509306056,0.9047070074556476,5769.833898305084,0.0691635930785282,0.9306751067656668,Miscellaneous Food Stores,89.0,290.0,61195.0,0.0324711678423468,8931.0,0.0,8931.0,782034.4,18.0,0.0020154517971111,163.11499999999998,2.0,5.0,3.0,30.0,0.0,85.0,12.0,137.0,8931.0,0.0153381101656963,37.0,0.0041424093148231,0.0095163457232422,0.0013434841021047,137.89277777777778,2.6462222222222223,12.0,7.0,0.0968220087750504,0.0,0.0,0.0,0.0,0.0,6984349226.400001
1626,58,63,1961,7,Male,9212 Plum Avenue,35.15,-89.75,$29571,$60292,$114223,531,1,6696.5051694915255,235.0593220338983,1296.79912764246,281.9288657440159,1068.0,107.45762711864408,30.161016949152543,62.95312380497132,42.045,1906.77,0.41,106.8928998921073,-216.6953125,-178.0,-50.0,-499.0,146.13625173906206,5173.0,118.0,107.45762711864408,0.0665615141955836,0.2807570977917981,0.7636345881548753,1.0721994150755334,6461.445847457628,0.0350965495487245,0.9647541411226982,Travel Agencies,79.0,360.0,39021.0,0.028391167192429,12680.0,0.0,12680.0,817924.61,1.0,7.886435331230284e-05,431.0,16.0,16.0,21.0,5.0,0.0,55.0,30.0,143.0,12680.0,0.0112767131929658,37.0,0.0029177509660121,0.0043371973819099,0.0023657440264963,431.0,3.562798538915425,13.0,4.0,0.1747061792486841,0.0,0.0,0.0,0.0,0.0,10371284054.8
846,48,66,1971,11,Female,58 Catherine Drive,41.26,-96.01,$33232,$67761,$0,745,4,7194.961101694916,485.53389830508473,884.6428029424766,272.01434986667755,1169.0,167.38983050847455,30.406779661016948,45.51575671473758,21.84,1194.46,1.19,56.92911092845792,-99.98778359511344,-78.0,-50.0,-497.0,81.02912057999318,2845.25,118.0,167.38983050847455,0.2115735115431348,0.2867557715674362,1.0038491559861529,1.0281428444955554,6709.427203389831,0.0674731132427499,0.9323879199137848,Service Stations,86.0,477.0,83271.0,0.024149453219927,19752.0,0.0,19752.0,906298.41,0.0,0.0,0.0,1.0,0.0,1.0,2.0,0.0,121.0,40.0,165.0,19752.0,0.0083531615450817,3.0,0.000151875664456,0.0061256517997266,0.0020250088594137,0.0,5.505016722408027,15.0,7.0,0.0893636331902118,0.0,0.0,0.0,0.0,0.0,17901206194.32
1219,28,72,1991,6,Female,9977 Oak Avenue,38.68,-76.17,$28497,$58105,$70254,688,3,6373.693539823009,362.2300884955752,1226.1780796565456,340.5500018051041,1926.0,87.98230088495575,29.23008849557522,74.12797138740223,68.745,1241.52,0.23,83.00213311914307,-181.1150442477876,-98.0,-50.0,-495.0,136.78412852779792,1927.0,113.0,87.98230088495575,0.0644739489036411,0.2861597264131965,1.077836301312599,0.8008754068531666,6011.463451327434,0.0568231376508857,0.9430199920629188,Service Stations,79.0,441.0,25380.0,0.044357272178636,9942.0,0.0,9942.0,761159.37,6.0,0.0006035003017501,98.435,3.0,3.0,0.0,18.0,0.0,100.0,32.0,156.0,9942.0,0.0156894297495725,24.0,0.0024137584230111,0.0100573267625465,0.0032183445640148,98.435,3.0099909173478654,11.0,4.0,0.1001392519483057,0.0,0.0,0.0,0.0,0.0,7567446456.54
1301,26,66,1993,5,Female,9530 Washington Street,38.1,-122.63,$30335,$61850,$81158,728,9,4493.009102564103,436.3419230769231,1297.4989272474472,404.9664763327905,1709.0,108.6153846153846,29.67948717948718,42.52575051571412,7.96,1964.84,0.19,98.43485985973004,-147.33623376623376,-85.0,-0.08,-500.0,130.4489341903796,790.6666666666666,78.0,108.6153846153846,0.0605524079320113,0.2963881019830028,1.9176336117137585,1.2316956074905925,4056.66717948718,0.0970941342392839,0.9026833472973178,Service Stations,79.0,301.0,86438.0,0.0355288007554296,8472.0,0.0,8472.0,384489.38,0.0,0.0,0.0,1.0,0.0,2.0,33.0,0.0,37.0,15.0,88.0,8472.0,0.0103859317833116,34.0,0.0040127463708249,0.0043668122270742,0.0017703292812463,0.0,3.659611231101512,12.0,6.0,0.1468165603909075,0.0,0.0,0.0,0.0,0.0,3257394027.36
1494,26,71,1993,3,Male,7703 Fourth Avenue,26.14,-80.13,$14191,$28931,$34511,711,4,1710.2947692307694,206.58461538461535,461.9473518267115,174.2277507592157,658.0,58.323076923076925,26.21538461538461,30.474002192982457,10.59,716.11,0.14,48.48297529877649,-93.9020979020979,-80.0,-50.0,-449.0,66.33613875880151,882.0,65.0,58.323076923076925,0.0192561329464521,0.2912160379847006,1.480881262578117,1.1911990066052838,1503.710153846154,0.1207183117128766,0.8786973354228593,Service Stations,62.0,151.0,61195.0,0.0398311791084146,3791.0,0.0,3791.0,124597.16,7.0,0.0018464785017145,11.451428571428574,0.0,0.0,0.0,9.0,0.0,19.0,14.0,42.0,3791.0,0.0110759493670886,9.0,0.0023734177215189,0.0050105485232067,0.0036919831223628,11.45142857142857,2.2247652582159625,10.0,6.0,0.0729763943703924,0.0,0.0,0.0,0.0,0.0,472347833.56
517,33,71,1986,11,Male,87 Ocean Avenue,42.31,-83.21,$11773,$24009,$19085,811,4,1535.424406779661,221.228813559322,534.7904363785431,201.47326649310287,989.0,51.567796610169495,24.661016949152543,31.130597938144327,14.68,826.21,0.04,45.76532239659337,-98.50943396226415,-77.0,-50.0,-488.0,80.80326431710293,1969.5,118.0,51.567796610169495,0.0843056696795398,0.285456039441249,1.78241202687421,1.2798847133726012,1314.195593220339,0.1439893902902888,0.8553597478803968,Service Stations,67.0,166.0,61195.0,0.0272801972062448,6085.0,0.0,6085.0,207285.08,17.0,0.0027937551355792,142.57176470588234,1.0,2.0,0.0,17.0,0.0,57.0,7.0,84.0,6085.0,0.0138021689122576,20.0,0.0032862306933946,0.0093657574761748,0.0011501807426881,142.57176470588234,2.09106529209622,9.0,6.0,0.0459664444955182,0.0,0.0,0.0,0.0,0.0,1261329711.8
1326,52,73,1968,2,Female,292 Maple Drive,40.49,-74.48,$32610,$66489,$83828,731,2,4628.105338983051,360.0084745762712,1256.962733231495,318.5865550991769,1766.0,73.05084745762711,27.79661016949153,66.04382996734793,23.0,1663.33,0.77,113.3564401397933,-121.02849002849004,-82.0,-50.0,-497.0,102.47580502035883,4381.5,118.0,73.05084745762711,0.0612529002320185,0.2821345707656612,0.9735361851343654,0.7661548378613939,4268.09686440678,0.0777706377827556,0.9220133377531694,Service Stations,78.0,286.0,48238.0,0.0331786542923433,8620.0,0.0,8620.0,588597.43,1.0,0.0001160092807424,83.25,2.0,4.0,2.0,39.0,2.0,76.0,12.0,137.0,8620.0,0.0158914279085952,45.0,0.0052198120867648,0.0088156826354251,0.0013919498898039,83.25,2.6280487804878048,12.0,7.0,0.0772562497057577,0.0,0.0,0.0,0.0,0.0,5073709846.6
647,31,72,1988,7,Female,27 Birch Avenue,36.52,-119.39,$13194,$26900,$74083,758,2,4016.1179032258074,2234.403225806452,743.0370224854586,437.23387070804745,3340.0,128.06451612903226,28.40322580645161,40.494277118230606,17.33,684.68,0.56,44.76024410741732,-77.34952540480178,-75.0,-50.0,-493.0,30.8745270888315,1521.0,62.0,128.06451612903226,0.0586901763224181,0.2904282115869017,1.152638909045542,1.098517019719324,1781.7146774193548,0.5562204743884147,0.4435305909215686,Miscellaneous Food Stores,63.0,148.0,22204.0,0.0186397984886649,7940.0,0.0,7940.0,387532.31,1.0,0.0001259445843828,199.08,1.0,2.0,1.0,41.0,0.0,38.0,19.0,102.0,7940.0,0.0128447298828862,44.0,0.0055408638710489,0.0047852915249968,0.0023926457624984,199.08,4.508801817149347,13.0,8.0,0.0107193901858027,0.0,0.0,0.0,0.0,0.0,3077006541.4
1840,46,71,1974,2,Female,576 Martin Luther King Street,45.49,-122.8,$21702,$44249,$103229,706,5,3322.0195762711865,521.3305084745763,941.2514355875082,335.0723625145869,2150.0,122.84745762711864,30.02542372881356,28.22771728955138,9.4,2692.02,0.09,60.8254710127763,-101.17927631578948,-77.0,-50.0,-488.0,87.11719708422383,4948.4,118.0,122.84745762711864,0.0433912803532008,0.2820778145695364,0.7916149154039359,0.8010163173195212,2800.6890677966103,0.1568845733552883,0.8428144955255751,Miscellaneous Food Stores,75.0,281.0,86438.0,0.0193846578366445,14496.0,0.0,14496.0,453515.31,23.0,0.0015866445916114,188.22565217391295,2.0,4.0,2.0,50.0,0.0,88.0,34.0,180.0,14496.0,0.0124163620059322,56.0,0.0038628681796233,0.0060702214251224,0.0023453128233427,188.22565217391303,4.091447925486875,12.0,6.0,0.0616079846548977,0.0,0.0,0.0,0.0,0.0,6574157933.76
1629,42,63,1977,6,Female,53789 Bayview Street,26.14,-80.13,$14430,$29422,$58679,598,1,3965.9288983050847,244.20338983050848,498.0846379656859,214.61974161918172,994.0,127.44067796610167,30.228813559322035,31.7317337944128,24.705,549.92,1.26,32.14801585731016,-99.70934256055364,-79.0,-50.0,-497.0,74.79684487123284,3743.0,118.0,127.44067796610167,0.2663253092166511,0.2789599680808618,1.3653231195112638,1.009675437324597,3721.725508474576,0.0615598101430169,0.9381881056816334,Service Stations,65.0,237.0,39021.0,0.015760074477989,15038.0,0.0,15038.0,496795.61,4.0,0.0002659928181939,39.7975,35.0,33.0,45.0,17.0,0.0,75.0,24.0,229.0,15038.0,0.0152270762683689,85.0,0.0056519715406609,0.0049870337123478,0.0015958507879513,39.7975,4.215867675918139,16.0,7.0,0.0494499774438699,0.0,0.0,0.0,0.0,0.0,7470812383.179999
924,48,75,1972,1,Female,6126 Ocean View Boulevard,40.06,-85.84,$19810,$40392,$52417,645,1,3104.1068539325843,352.46067415730334,701.4558294306652,275.106510620712,1459.0,66.73033707865169,27.25842696629213,48.569885724331925,19.065,1037.05,0.02,71.01265294203786,-124.97609561752988,-83.0,-50.0,-500.0,108.44087525603445,4261.0,89.0,66.73033707865169,0.107425492507156,0.2912948307795925,0.0,0.0,2751.646179775281,0.1135099984436657,0.8861679514475809,Miscellaneous Food Stores,72.0,299.0,61195.0,0.050345175955548,5939.0,884.0,5939.0,307634.51,7.0,0.0011786496043104,83.47857142857143,1.0,6.0,2.0,0.0,0.0,52.0,10.0,71.0,5939.0,0.0119528619528619,7.0,0.0011784511784511,0.0087542087542087,0.0016835016835016,83.47857142857143,2.4480626545754327,10.0,6.0,0.0425884603124003,0.0,0.0,0.0,884.0,0.0,1827041354.89
311,46,68,1973,12,Female,8070 Mill Lane,37.18,-113.6,$14470,$29510,$47153,752,4,1929.002966101695,275.40677966101697,610.4717752931649,264.50590083696613,1103.0,46.940677966101696,22.92372881355932,43.53908760520275,26.705,650.24,0.33,51.56003369659424,-104.4951768488746,-79.0,-50.0,-458.0,80.89949445125492,4785.25,118.0,46.940677966101696,0.087380393572847,0.2895829572124932,0.5302888999419714,0.9756770782325216,1653.596186440678,0.1426975939924567,0.8567842720888064,Service Stations,64.0,182.0,61195.0,0.0328579165914425,5539.0,0.0,5539.0,260120.35,14.0,0.0025275320454955,169.1507142857143,1.0,0.0,1.0,2.0,0.0,38.0,11.0,53.0,5539.0,0.0095667870036101,3.0,0.0005415162454873,0.0068592057761732,0.001985559566787,116.43642857142856,2.0476894639556376,9.0,6.0,0.0695098310717252,0.0,0.0,0.0,0.0,0.0,1440806618.65
398,49,69,1970,11,Female,6999 Lexington Lane,38.51,-121.49,$18344,$37401,$76201,737,4,3051.8109322033897,477.364406779661,1085.3549991403515,277.5407158935513,1477.0,51.22033898305085,22.85593220338983,66.02744591125779,44.38,1680.43,0.69,84.38809324929825,-95.4728813559322,-78.0,-50.0,-498.0,74.35934713346353,3575.75,118.0,51.22033898305085,0.0488087359364659,0.2753143613500993,0.9428682072041,1.003174691347474,2574.446525423729,0.1563688080857073,0.8433036249531517,Miscellaneous Food Stores,77.0,175.0,61195.0,0.0289543348775645,6044.0,2.0,6044.0,416442.69,11.0,0.0018199867637326,177.64363636363635,4.0,6.0,3.0,22.0,0.0,65.0,9.0,109.0,6044.0,0.0180314309346567,32.0,0.0052936311000827,0.010752688172043,0.0014888337468982,155.82545454545453,2.2410085279940675,13.0,6.0,0.0205396769039588,0.0,0.0,0.0,2.0,0.0,2516979618.36
1137,52,67,1967,10,Male,8824 Hillside Avenue,35.32,-82.46,$16410,$33465,$98713,669,3,3081.020254237288,282.73728813559325,687.6970583182633,256.312823959154,1063.0,57.932203389830505,25.864406779661017,55.64983774682382,38.75,1129.37,0.34,69.09437624173563,-110.10891089108912,-78.0,-50.0,-494.0,95.36176163738143,3916.3333333333335,118.0,57.932203389830505,0.0394967817437097,0.2777940315974254,0.5140507542505424,0.8377579932374332,2798.282966101695,0.0917376476507169,0.9079378898482257,Service Stations,73.0,219.0,49789.0,0.0320362785254534,6836.0,0.0,6836.0,396923.39,17.0,0.0024868344060854,90.2329411764706,6.0,1.0,2.0,6.0,0.0,42.0,24.0,81.0,6836.0,0.0118473014480035,13.0,0.0019014187509141,0.006143045195261,0.0035103115401491,32.7035294117647,2.239842726081258,9.0,6.0,0.0497242536866083,0.0,0.0,0.0,0.0,0.0,2713368294.04
747,63,64,1956,4,Male,716 Lafayette Street,39.33,-82.23,$14137,$28828,$49793,687,4,2287.654406779661,128.61864406779662,450.8008774279572,214.4750665679867,1151.0,81.4322033898305,29.0,28.511113223489648,11.97,539.62,0.38,39.23175005592113,-107.63829787234044,-75.0,-50.0,-477.0,90.8403840807557,3058.5,118.0,81.4322033898305,0.0623373920283067,0.2802580913726714,1.0958274478150711,0.9631663792060982,2159.035762711864,0.0561983686513746,0.9433646933832264,Miscellaneous Food Stores,61.0,219.0,72351.0,0.0227911333125195,9609.0,0.0,9609.0,285120.22,0.0,0.0,0.0,1.0,2.0,0.0,29.0,0.0,34.0,21.0,87.0,9609.0,0.0090530697190426,32.0,0.0033298647242455,0.0035379812695109,0.0021852237252861,0.0,2.8080070134424315,10.0,6.0,0.0702991171432336,0.0,0.0,0.0,0.0,0.0,2739720193.9799995
1736,43,67,1977,1,Male,2479 Valley Avenue,40.64,-73.94,$22456,$45789,$94014,695,4,7260.794237288135,2242.8508474576274,790.2425155223913,367.1755249337662,3671.0,212.59322033898303,30.364406779661017,39.56836096614788,35.98,1330.43,0.28,36.34929577261575,-77.09187299737839,-75.0,-1.4,-498.0,29.13596144287415,3583.25,118.0,212.59322033898303,0.0344813840389061,0.2862951447022243,0.9930692192067688,1.003266820836825,5017.943389830508,0.3088562928347587,0.6910060001513376,Miscellaneous Food Stores,76.0,294.0,61195.0,0.0117196842860559,25086.0,0.0,25086.0,1121430.12,11.0,0.000438491588934,223.32272727272724,11.0,17.0,10.0,61.0,0.0,135.0,44.0,278.0,25086.0,0.0110814366006298,89.0,0.0035476541635109,0.0053812731693705,0.0017538964403874,160.2318181818182,7.001395478649177,16.0,10.0,0.0029963265716356,0.0,0.0,0.0,0.0,5.289857755724948e-06,28132195990.320004
1542,46,69,1973,12,Female,515 South Street,41.47,-81.67,$27250,$55565,$34039,731,2,1808.8462711864408,256.53389830508473,310.15214036388966,136.40592276056236,779.0,51.69491525423729,23.74576271186441,37.49233444581064,33.76,196.08,1.7,17.86876669705916,-74.37592137592138,-75.0,-50.0,-100.0,14.512393550861413,2434.5,118.0,51.69491525423729,0.4195081967213114,0.2821311475409836,0.9290345052302784,1.1854724255841231,1552.312372881356,0.1417434742327117,0.8577039926511223,Service Stations,37.0,213.0,58215.0,0.0349180327868852,6100.0,0.0,6100.0,243714.86,5.0,0.0008196721311475,96.528,2.0,2.0,2.0,18.0,0.0,27.0,8.0,59.0,6100.0,0.0096705458121619,22.0,0.0036059662350434,0.0044255040157351,0.0013112604491067,96.528,2.1770164168451105,9.0,6.0,0.0,0.0,0.0,0.0,0.0,0.0,1486660646.0
918,43,75,1976,5,Female,5528 Lake Lane,40.32,-80.21,$14320,$29194,$10895,703,2,3241.662542372881,430.46610169491527,496.6133331426168,245.1925697833869,1385.0,75.40677966101696,27.906779661016948,45.91479774336814,32.7,1050.99,0.56,44.07561377119808,-89.58553791887125,-79.0,-50.0,-494.0,60.10305639193256,3150.0,118.0,75.40677966101696,0.0180939536974601,0.2956844234659474,1.2952659437653142,1.0489278478284387,2811.196440677966,0.1327508169813789,0.866940794468492,Miscellaneous Food Stores,78.0,168.0,43293.0,0.0188806473364801,8898.0,0.0,8898.0,433311.18,12.0,0.0013486176668914,186.0458333333333,2.0,3.0,3.0,39.0,0.0,48.0,29.0,124.0,8898.0,0.0139341499044836,44.0,0.0049443757725587,0.0053938644791549,0.0032587931228227,186.04583333333332,2.702095353780747,11.0,8.0,0.0592763209701551,0.0,0.0,0.0,0.0,0.0,3855602879.64
847,81,68,1938,4,Female,864 Main Lane,35.78,-95.24,$18585,$27864,$1371,591,6,5955.156525423728,313.1694915254237,840.1037801828818,291.1526842689317,2046.0,103.5,29.79661016949153,59.05113193277311,48.17,1285.5,0.19,54.2031805651772,-118.06389776357828,-81.0,-50.0,-495.0,101.10639106528292,4584.666666666667,118.0,103.5,0.0618193727994759,0.2890362728240399,1.240519490164406,0.9235321643054248,5641.987033898305,0.0525791238340809,0.9472529826601436,Miscellaneous Food Stores,82.0,346.0,27092.0,0.0283304675345942,12213.0,0.0,12213.0,739662.47,19.0,0.0015557193154835,176.51210526315788,4.0,2.0,5.0,41.0,0.0,78.0,23.0,153.0,12213.0,0.0125266088095627,47.0,0.0038480432290813,0.0063861142950712,0.001883084984444,176.5121052631579,3.473549488054608,14.0,7.0,0.1001758895954539,0.0,0.0,0.0,0.0,0.0,9033497746.11
1352,65,64,1954,3,Female,8437 Sixth Street,44.75,-85.6,$20035,$42102,$9645,672,3,2423.775169491525,444.91525423728814,714.5599217900508,295.32229464440604,1909.0,48.67796610169491,21.991525423728813,55.352326301528926,40.82,1724.39,0.86,65.79937208948766,-90.98786828422875,-77.0,-50.0,-497.0,70.37568969316165,6989.666666666667,118.0,48.67796610169491,0.0630222841225626,0.290041782729805,1.2146643398236567,1.0144934555307372,1978.8599152542372,0.1834872196957488,0.8161003709342683,Service Stations,75.0,223.0,26810.0,0.0388231197771587,5744.0,0.0,5744.0,338505.47,5.0,0.0008704735376044,85.24199999999999,1.0,2.0,5.0,28.0,0.0,57.0,11.0,104.0,5744.0,0.0181026979982593,31.0,0.0053959965187119,0.0099216710182767,0.0019147084421235,85.24199999999999,2.2134874759152217,9.0,6.0,0.0466086360259804,0.0,0.0,0.0,0.0,0.0,1944375419.68
683,61,66,1959,1,Male,201 Grant Drive,40.79,-77.85,$25031,$51039,$0,704,5,3954.20186440678,502.14406779661016,911.0497312881746,312.0792490691282,1552.0,72.91525423728814,27.483050847457623,58.11381492091169,33.73,1450.88,0.07,81.42332289930353,-103.04869565217392,-79.0,-50.0,-498.0,85.44646669054549,4016.4,118.0,72.91525423728814,0.0344026034402603,0.2856810785681078,0.8703416594889463,0.9728255116289756,3452.0577966101696,0.1269578860981661,0.8727892823058035,Service Stations,83.0,282.0,61195.0,0.0327754532775453,8604.0,0.0,8604.0,525848.82,6.0,0.000697350069735,114.13833333333332,1.0,1.0,4.0,19.0,0.0,73.0,9.0,107.0,8604.0,0.0124346310284718,21.0,0.0024404416037187,0.0084834398605461,0.0010459035444509,114.13833333333334,2.653098982423682,12.0,6.0,0.0721470280487393,0.0,0.0,0.0,0.0,0.0,4524403247.28
38,45,64,1974,12,Female,582 Birch Boulevard,26.63,-81.85,$19621,$40006,$72794,621,1,4868.563389830509,521.3898305084746,855.8984750214049,343.6497430212971,1944.0,115.5,29.95762711864407,44.03575655373295,32.51,1530.97,0.39,52.45621395621676,-105.53001715265866,-80.0,-50.0,-495.0,89.1769662744659,4596.0,118.0,115.5,0.0487196419399809,0.2883557120845256,1.1379227779448289,1.1461231763307576,4347.173559322034,0.1070711660920841,0.8927234766879876,Miscellaneous Food Stores,91.0,311.0,39021.0,0.0228189889206838,13629.0,0.0,13629.0,636014.48,10.0,0.0007337295472888,43.43900000000001,28.0,31.0,33.0,25.0,0.0,105.0,23.0,245.0,13629.0,0.0179750550256786,84.0,0.0061628760088041,0.0077035950110051,0.0016874541452677,43.439,3.8554455445544553,13.0,8.0,0.0748963835839089,0.0,0.0,0.0,0.0,0.0,8668241347.92
89,35,67,1984,6,Male,7794 Ocean Street,32.27,-106.61,$14822,$30217,$23394,705,4,3770.563898305085,332.728813559322,898.0980854395267,297.94758504842275,1315.0,109.1864406779661,29.872881355932204,35.480585326953744,15.945,990.16,0.3,58.30256191981528,-114.13372093023256,-81.5,-50.0,-499.0,97.3646005923353,3621.5,118.0,109.1864406779661,0.0615492083203973,0.2868674324743868,1.2059496367700475,0.984864256404563,3437.8350847457623,0.0882203835148724,0.9115144744838348,Service Stations,82.0,348.0,23801.0,0.0270102452654455,12884.0,0.0,12884.0,484188.54,3.0,0.0002328469419434,356.43333333333334,0.0,3.0,1.0,45.0,0.0,90.0,28.0,167.0,12884.0,0.0129608071400853,48.0,0.0037252619324796,0.0069848661233993,0.0021730694606131,356.43333333333334,3.655035460992908,14.0,6.0,0.0619667371316506,0.0,0.0,0.0,0.0,0.0,6238285149.36
1772,47,70,1972,10,Male,9070 West Street,34.09,-117.58,$24603,$50163,$97188,761,4,5951.427881355932,370.135593220339,1089.8073750849228,381.947101435453,1595.0,145.22033898305085,30.3135593220339,41.54451549929011,12.43,1356.6,0.21,71.02074307814712,-188.2586206896552,-98.5,-50.0,-500.0,141.7915133521585,4055.25,118.0,145.22033898305085,0.054796918767507,0.2883403361344537,0.4830889947432518,0.8751935188649528,5581.2922881355935,0.0621822894116314,0.9376497119128816,Travel Agencies,81.0,473.0,55060.0,0.0276027077497665,17136.0,0.0,17136.0,745944.49,18.0,0.0010504201680672,153.45555555555558,6.0,7.0,6.0,38.0,0.0,124.0,41.0,222.0,17136.0,0.0129544260955826,51.0,0.0029760168057419,0.007235805566902,0.0023924840987337,131.45555555555555,4.790606653620352,12.0,5.0,0.1894131922980058,0.0,0.0,0.0,0.0,0.0,12782504780.64
1735,56,66,1963,5,Male,9291 Jefferson Drive,27.64,-80.39,$17942,$36583,$56310,614,6,2441.048898305085,414.6949152542373,594.136085832631,302.4272324280592,1816.0,73.30508474576271,27.491525423728813,35.429738007380074,13.175,1518.04,0.01,58.28253413465375,-94.10384615384616,-78.0,-50.0,-495.0,73.2665625998509,3387.833333333333,118.0,73.30508474576271,0.0068208092485549,0.2959537572254335,0.8867681824502851,1.0824012342507192,2026.353983050848,0.1698143372731226,0.8297761705169981,Miscellaneous Food Stores,75.0,260.0,22204.0,0.030057803468208,8650.0,0.0,8650.0,336977.77,22.0,0.002543352601156,116.9718181818182,5.0,0.0,1.0,21.0,0.0,52.0,13.0,92.0,8650.0,0.0106346087157554,26.0,0.0030054328979308,0.0060108657958617,0.0015027164489654,102.79,2.666461159062885,11.0,6.0,0.030448554204557,0.0,0.0,0.0,0.0,0.0,2914857710.5
1882,58,65,1961,10,Male,860 Maple Avenue,37.59,-122.06,$29097,$59322,$145137,694,3,3754.537627118644,442.7457627118644,1162.5067018512286,441.2632446173917,1942.0,47.26271186440678,22.889830508474574,83.24604284103721,61.725,2372.11,0.29,100.87531067431138,-204.87843137254904,-144.0,-50.0,-499.0,147.30493883574897,4737.666666666667,118.0,47.26271186440678,0.0724403801326878,0.2746996593150439,0.3494520037518148,0.6782327676482929,3311.79186440678,0.117891446357722,0.8818422801817809,Travel Agencies,88.0,306.0,49944.0,0.0548682087143625,5577.0,0.0,5577.0,495279.44,25.0,0.004482696790389,94.0152,2.0,3.0,3.0,13.0,0.0,55.0,9.0,85.0,5577.0,0.0152384367156686,18.0,0.0032269630692004,0.0098601649336679,0.0016134815346002,94.0152,2.064790818215476,9.0,6.0,0.1390755096181452,0.0,0.0,0.0,0.0,0.0,2762173436.88
866,34,67,1985,3,Male,4591 Third Drive,40.43,-79.97,$30361,$61904,$125358,639,3,4357.948983050847,399.91525423728814,1006.8403133747496,349.4745891810564,1825.0,85.00847457627118,28.847457627118644,53.16769851116625,28.055,2996.42,0.42,84.79986218546837,-131.44846796657382,-85.0,-50.0,-498.0,113.9772690836118,3144.6666666666665,118.0,85.00847457627118,0.0408732927923437,0.2864121224204964,0.3269018938990157,0.8209914379385282,3958.0337288135593,0.0917457983087899,0.9080247885909676,Miscellaneous Food Stores,83.0,469.0,75781.0,0.04675505931612,10031.0,0.0,10031.0,561427.98,9.0,0.0008972186222709,110.17,4.0,5.0,3.0,33.0,3.0,59.0,24.0,131.0,10031.0,0.0130582137161084,42.0,0.0041866028708133,0.0058811802232854,0.0023923444976076,110.17,2.9468272620446534,10.0,6.0,0.1222478862494967,0.0,0.0,0.0,0.0,0.0,5631684067.38
731,31,73,1988,7,Male,5558 Littlewood Avenue,40.32,-118.2,$18734,$38193,$39874,703,3,2873.21,376.1546391752577,895.9358985592014,345.5901154850385,2028.0,37.618556701030926,19.649484536082475,82.84820749108205,63.085,1178.02,0.3,84.6820186552256,-128.02456140350878,-79.0,-50.0,-499.0,120.73534711301669,922.0,97.0,37.618556701030926,0.2140312414360098,0.2888462592491093,1.715645003171674,1.2766968663367355,2497.0553608247424,0.1308723576827224,0.8687797206274915,Miscellaneous Food Stores,83.0,212.0,27092.0,0.0580981090709783,3649.0,2.0,3649.0,315188.37,11.0,0.0030145245272677,107.46545454545452,2.0,0.0,2.0,7.0,0.0,44.0,9.0,64.0,3649.0,0.0175342465753424,9.0,0.0024657534246575,0.0120547945205479,0.0024657534246575,107.46545454545456,1.914480587618048,8.0,6.0,0.0723525542644157,0.0,0.0,0.0,2.0,0.0,1150122362.13
1314,43,70,1976,11,Male,857 Jefferson Avenue,29.7,-98.11,$19325,$39404,$71859,723,5,6348.901525423729,470.3782203389831,933.9212451850044,308.936915488432,1620.0,152.1864406779661,30.38135593220339,43.07805071588753,43.38,1652.13,0.15,51.330968669280765,-97.89176366843031,-76.0,-0.63,-499.0,80.15213311239454,3444.8,118.0,152.1864406779661,0.0221071388796079,0.2836061922263058,1.0493625228884234,1.1548769286488636,5878.523305084746,0.0740764590530551,0.925766058189772,Service Stations,82.0,305.0,41122.0,0.0169840739503285,17958.0,0.0,17958.0,804675.01,7.0,0.0003897984185321,117.21714285714286,24.0,18.0,15.0,55.0,0.0,153.0,26.0,291.0,17958.0,0.0162035748092878,97.0,0.0054011916030959,0.0085194053120997,0.0014477420791803,117.21714285714286,5.009205020920502,14.0,8.0,0.1064036206777582,0.0,0.0,0.0,0.0,0.0,14450353829.58
1479,32,60,1987,11,Male,335 Main Street,33.72,-84.42,$13059,$26631,$33950,805,1,2122.8793220338985,444.7796610169492,660.6985998682854,274.823428491363,1883.0,53.28813559322034,23.533898305084747,44.03230093162243,29.62,1152.51,0.92,62.70219092333162,-87.61936560934892,-76.0,-50.0,-453.0,60.22198644267635,4290.0,118.0,53.28813559322034,0.0615458015267175,0.2894402035623409,0.7846047389932227,1.0926343636818527,1678.0996610169493,0.2094185184641343,0.7901106449917995,Miscellaneous Food Stores,69.0,191.0,43293.0,0.0303753180661577,6288.0,1.0,6288.0,302983.76,6.0,0.0009541984732824,98.29333333333334,2.0,5.0,6.0,0.0,0.0,169.0,12.0,194.0,6288.0,0.0308475115280648,7.0,0.0011130545396724,0.0268723167435204,0.0019080934965813,4.959999999999998,2.264314007922218,11.0,7.0,0.0272077736496141,0.0,0.0,0.0,1.0,0.0,1905161882.88
754,76,69,1943,3,Female,15 Elm Lane,33.69,-78.89,$19025,$32817,$27209,705,6,6434.840762711864,478.864406779661,841.0671291431225,272.3312749900005,1300.0,127.07627118644068,30.35593220338983,52.79594006396885,44.91,1746.89,0.01,46.36882453591255,-92.1794453507341,-77.0,-50.0,-499.0,66.74392901587508,4818.666666666667,118.0,127.07627118644068,0.259619873291097,0.2898299433144381,0.7665147448253499,0.869452048042208,5955.976355932203,0.0744058817542717,0.9254387383914296,Miscellaneous Food Stores,77.0,334.0,53097.0,0.0222740913637879,14995.0,0.0,14995.0,815817.21,35.0,0.0023341113704568,77.95142857142858,3.0,3.0,0.0,43.0,0.0,266.0,26.0,341.0,14995.0,0.0227393971725793,49.0,0.003267538010136,0.0177380634835956,0.0017337956788476,74.35142857142857,4.186208821887214,16.0,7.0,0.0365795388181995,0.0,0.0,0.0,0.0,0.0,12233179063.95
1957,40,74,1979,9,Male,1977 Lake Avenue,34.15,-118.6,$47055,$95945,$222735,772,2,8078.253783783784,515.972972972973,1614.8685636046723,285.47411699044005,1353.0,77.0,28.18918918918919,112.32446072904924,84.3,2507.17,0.9,151.08588616571004,-102.0909090909091,-79.0,-51.0,-479.0,75.41574571571435,4626.0,37.0,77.0,0.3678483678483678,0.2772902772902773,0.0,0.0,7562.280810810811,0.0638639392673373,0.9360122869254816,Service Stations,71.0,201.0,61195.0,0.0705510705510705,2849.0,2464.0,2849.0,317986.39,10.0,0.0035100035100035,158.06799999999998,1.0,1.0,3.0,1.0,1.0,18.0,5.0,30.0,2849.0,0.0105263157894736,3.0,0.0010526315789473,0.0063157894736842,0.0017543859649122,158.068,2.7315436241610738,13.0,6.0,0.0435784621831133,0.0,0.0,0.0,2464.0,0.0,905943225.11
1416,73,65,1946,9,Female,8258 Jefferson Drive,43.03,-76.3,$24172,$48750,$18724,709,8,5850.175423728813,387.7372881355933,1084.9787852151362,319.8798232661039,1765.0,87.37288135593221,29.372881355932204,69.42780850849843,47.25,861.0,0.29,76.54316614406677,-124.66757493188013,-83.0,-50.0,-500.0,107.56021879418893,4226.625,118.0,87.37288135593221,0.0620756547041707,0.2862269641125121,1.584784434808273,0.9916503067027672,5462.43813559322,0.0662665635631374,0.9335625306055412,Miscellaneous Food Stores,86.0,343.0,35451.0,0.0332686711930164,10310.0,0.0,10310.0,736073.7,39.0,0.0037827352085354,122.57487179487175,3.0,2.0,1.0,21.0,0.0,73.0,22.0,122.0,10310.0,0.0118320240519833,26.0,0.0025215788963243,0.007079817670449,0.0021336436815051,75.95948717948718,2.974610502019619,12.0,6.0,0.1010840582244175,0.0,0.0,0.0,0.0,0.0,7588919846.999999
1211,66,68,1953,3,Female,644 South Drive,35.1,-90.0,$18759,$38249,$0,746,4,3159.562288135593,277.95762711864404,948.5978504415036,253.55099940703093,1030.0,54.35593220338984,25.703389830508478,61.01936988543371,20.67,1441.48,0.07,103.60575953102406,-107.89144736842104,-78.0,-50.0,-499.0,94.03776044045972,5744.25,118.0,54.35593220338984,0.1386030558154038,0.2801683816651076,0.3810984964713102,1.0349715523430472,2881.6046610169487,0.0879456254230668,0.9117379751806124,Miscellaneous Food Stores,75.0,160.0,24504.0,0.0249454318677892,6414.0,0.0,6414.0,405627.35,1.0,0.0001559089491736,0.14,1.0,3.0,2.0,13.0,1.0,45.0,11.0,76.0,6414.0,0.0118472330475448,17.0,0.0026500389711613,0.0070148090413094,0.0017147310989867,0.14,2.114737883283877,11.0,6.0,0.0427134146341463,0.0,0.0,0.0,0.0,0.0,2601693822.9
823,41,65,1978,3,Female,858 Jefferson Avenue,36.7,-76.63,$20353,$41496,$9222,807,2,2983.0199152542373,457.1271186440678,591.9870698150405,290.0850905701877,1480.0,58.21186440677966,25.21186440677966,56.12186702806122,43.405,879.29,0.38,54.398133327587054,-91.27072758037224,-76.0,-50.0,-474.0,67.82223378738279,4838.5,118.0,58.21186440677966,0.3547823555102635,0.284320861843063,0.7151471752157691,0.992039625575742,2525.8927966101696,0.1531917117266024,0.8464731698665505,Service Stations,75.0,199.0,49789.0,0.0289707380987043,6869.0,0.0,6869.0,405937.35,2.0,0.0002911631969719,22.405,1.0,2.0,3.0,18.0,0.0,90.0,10.0,124.0,6869.0,0.0180494905385735,21.0,0.0030567685589519,0.0131004366812227,0.0014556040756914,22.405,2.30890756302521,11.0,7.0,0.032905713544177,0.0,0.0,0.0,0.0,0.0,2788383657.15
116,31,68,1988,8,Male,168 Sussex Boulevard,42.95,-77.59,$32973,$67230,$45269,685,2,5083.5142352941175,476.6352941176471,1209.8979542185882,362.5598094193047,1900.0,96.65882352941176,29.11764705882353,54.32470580839829,40.81,1473.62,0.19,80.79367739681486,-154.63358778625954,-89.0,-50.0,-484.0,127.10822649623104,1840.0,85.0,96.65882352941176,0.0558666017526777,0.2961295034079844,0.8004360944195127,1.13402154655412,4606.87894117647,0.0937425429570216,0.9060607814209378,Service Stations,82.0,388.0,39021.0,0.0472249269717624,8216.0,0.0,8216.0,472612.71,5.0,0.0006085686465433,155.69200000000004,11.0,13.0,14.0,21.0,2.0,49.0,18.0,128.0,8216.0,0.0155774613605938,45.0,0.0054764512595837,0.0059632469271023,0.0021905805038335,155.69199999999998,3.31959595959596,13.0,6.0,0.1309638405528816,0.0,0.0,0.0,0.0,0.0,3882986025.36
1902,36,68,1984,2,Female,4350 Valley Boulevard,39.74,-81.51,$15950,$32522,$28260,769,2,4158.833983050848,317.49152542372883,644.7518429387296,293.1996999148052,1388.0,86.26271186440678,29.516949152542374,49.8418047938249,50.3,1517.97,0.48,51.36154784838862,-112.50450450450452,-81.0,-50.0,-473.0,94.5153656667433,3606.5,118.0,86.26271186440678,0.1190686707928087,0.2950191570881226,0.9952768373921588,0.9883865979594372,3841.342457627119,0.0763231241240254,0.923436481666957,Service Stations,77.0,334.0,50867.0,0.0328126535023086,10179.0,0.0,10179.0,528206.41,21.0,0.0020630710285882,104.10380952380952,3.0,10.0,5.0,17.0,6.0,278.0,21.0,340.0,10179.0,0.0333988212180746,30.0,0.0029469548133595,0.0273084479371316,0.0020628683693516,56.3895238095238,2.9224806201550386,14.0,7.0,0.0737221406646203,0.0,0.0,0.0,0.0,0.0,5376613047.39
662,32,71,1987,11,Female,670 Tenth Drive,41.86,-88.06,$42028,$85694,$120733,822,2,6828.853478260869,538.3217391304348,1267.4516143662945,323.5601451132707,1482.0,125.56521739130434,30.16521739130435,56.62399235705531,39.82,1665.48,0.46,82.31350407157582,-108.4185639229422,-80.0,-50.0,-496.0,93.70503331631258,3302.5,115.0,125.56521739130434,0.0301246537396121,0.2898891966759003,1.2267039713997046,0.9206454836293516,6290.531739130434,0.0788189294022031,0.9210346545724484,Miscellaneous Food Stores,78.0,405.0,9547.0,0.0280470914127423,14440.0,0.0,14440.0,847225.15,6.0,0.0004155124653739,150.35,20.0,15.0,26.0,34.0,0.0,117.0,27.0,239.0,14440.0,0.0165501004085589,69.0,0.0047780624610484,0.008101931999169,0.0018696766151928,150.35,4.162582876909772,15.0,7.0,0.0785520449699554,0.0,0.0,0.0,0.0,0.0,12233931166.0
1849,39,66,1980,11,Female,364 12th Drive,47.13,-122.4,$20345,$41483,$64098,721,2,3944.962372881356,344.2542372881356,870.5147630737597,328.44950922492944,1624.0,97.3728813559322,29.6864406779661,41.726923628540696,34.595,1034.02,0.4,58.07686948086437,-121.62275449101796,-83.0,-50.0,-500.0,103.46467193944576,5234.0,118.0,97.3728813559322,0.0662315056570931,0.2878154917319408,0.7629813229182315,0.9961820970760946,3600.70813559322,0.0872421490012232,0.9125044273962424,Miscellaneous Food Stores,75.0,262.0,22204.0,0.0228024369016536,11490.0,0.0,11490.0,506127.56,11.0,0.0009573542210617,173.80090909090907,3.0,1.0,4.0,29.0,0.0,84.0,26.0,147.0,11490.0,0.0127926203115481,33.0,0.0028718127230006,0.007310068749456,0.0022626403272126,-9.290000000000004,3.280045675135598,13.0,6.0,0.0923122369101248,0.0,0.0,0.0,0.0,0.0,5815405664.4
